{
  "data": [
    {
      "id": "6275054",
      "type": "providerAddresses",
      "addressType": "Billing",
      "address1": "6700 BAUM DR",
      "address2": "SUITE ONE",
      "city": "KNOXVILLE",
      "state": "TN",
      "zipcode": "37919",
      "latitude": 35.937389,
      "longitude": -84.042236
    },
    {
      "id": "4712158",
      "type": "providerAddresses",
      "addressType": "service_location",
      "address1": "5002 CROSSING CIRCLE",
      "address2": "2ND FLOOR",
      "city": "MT. JULIET",
      "state": "TN",
      "zipcode": "37122",
      "latitude": 36.200054,
      "longitude": -86.518608
    }
  ]
}
