{
  "resourceType": "Bundle",
  "id": "011a48b5-b12f-481c-810c-853f437e37aa",
  "meta": {
    "lastUpdated": "2021-08-24T14:19:19.673+00:00"
  },
  "type": "searchset",
  "link": [
    {
      "relation": "self",
      "url": "/AllergyIntolerance?_getpages=fcd6c6f1-81c8-4c70-820a-edccf3a267d2&_getpagesoffset=20&_count=20&_pretty=true&_include=AllergyIntolerance%3Asubject&_include=AllergyIntolerance%3Amedication&_include=AllergyIntolerance%3Arequester&_bundletype=searchset%22%0A"
    },
    {
      "relation": "previous",
      "url": "/AllergyIntolerance?_getpages=fcd6c6f1-81c8-4c70-820a-edccf3a267d2&_getpagesoffset=0&_count=20&_pretty=true&_include=AllergyIntolerance%3Asubject&_include=AllergyIntolerance%3Amedication&_include=AllergyIntolerance%3Arequester"
    }
  ],
  "entry": [
    {
      "resource": {
        "resourceType": "AllergyIntolerance",
        "id": "T0ZYyDLfFg7vpT7xUIBWu88s-JFI-dW8DAVGwvgiKKQ",
        "meta": {
          "versionId": "2",
          "lastUpdated": "2021-07-27T02:04:06.088+00:00",
          "profile": [
            "http://hl7.org/fhir/us/core/StructureDefinition/us-core-allergyintolerance"
          ],
          "tag": [
            {
              "system": "http://changehealthcare.com/interop/hdc/sender_id",
              "code": "93706192ba57436c8e3caf633758ee66"
            },
            {
              "system": "http://changehealthcare.com/interop/hdc/usageindicator",
              "code": "t"
            },
            {
              "system": "http://changehealthcare.com/interop/hdc/record_type",
              "code": "A"
            },
            {
              "system": "http://changehealthcare.com/interop/hdc/date_time_reported",
              "code": "2021-04-26 00:00:00"
            },
            {
              "system": "http://changehealthcare.com/interop/hdc/tdt_epoch",
              "code": "1627345661167"
            },
            {
              "system": "http://changehealthcare.com/interop/hdc/tdt_iteration",
              "code": "1"
            },
            {
              "system": "http://changehealthcare.com/interop/hdc/record_uuid",
              "code": "324206db-c405-42e8-860d-838ce9589071"
            },
            {
              "system": "http://changehealthcare.com/interop/hdc/file_location",
              "code": "s3://enterprise-datalake-ingress-preprod-us-east-1/interoperability/valid/clinical"
            }
          ]
        },
        "identifier": [
          {
            "value": "25990734-7a94-4b71-a6f1-393644c197de"
          }
        ],
        "clinicalStatus": {
          "coding": [
            {
              "system": "http://terminology.hl7.org/CodeSystem/allergyintolerance-clinical",
              "code": "active",
              "display": "Active"
            }
          ]
        },
        "verificationStatus": {
          "coding": [
            {
              "system": "http://terminology.hl7.org/CodeSystem/allergyintolerance-verification",
              "code": "confirmed",
              "display": "Confirmed"
            }
          ]
        },
        "type": "allergy",
        "category": ["food"],
        "criticality": "high",
        "code": {
          "coding": [
            {
              "system": "http://snomed.info/sct",
              "code": "91934008"
            }
          ]
        },
        "patient": {
          "reference": "Patient/324206db-c405-42e8-860d-838ce9589071"
        },
        "onsetAge": {
          "value": 6,
          "system": "http://unitsofmeasure.org",
          "code": "a"
        },
        "recordedDate": "2021-03-12T13:50:12.324-05:00",
        "reaction": [
          {
            "manifestation": [
              {
                "coding": [
                  {
                    "system": "http://snomed.info/sct",
                    "code": "91941002"
                  }
                ]
              }
            ]
          }
        ]
      },
      "search": {
        "mode": "match"
      }
    },
    {
      "resource": {
        "resourceType": "AllergyIntolerance",
        "id": "qWf86uELy7oWQJrFfOK0C6L7Z1zCi-LKX.eQt4eil8B",
        "meta": {
          "versionId": "2",
          "lastUpdated": "2021-07-27T02:04:06.046+00:00",
          "profile": [
            "http://hl7.org/fhir/us/core/StructureDefinition/us-core-allergyintolerance"
          ],
          "tag": [
            {
              "system": "http://changehealthcare.com/interop/hdc/sender_id",
              "code": "93706192ba57436c8e3caf633758ee66"
            },
            {
              "system": "http://changehealthcare.com/interop/hdc/usageindicator",
              "code": "t"
            },
            {
              "system": "http://changehealthcare.com/interop/hdc/record_type",
              "code": "A"
            },
            {
              "system": "http://changehealthcare.com/interop/hdc/date_time_reported",
              "code": "2021-04-26 00:00:00"
            },
            {
              "system": "http://changehealthcare.com/interop/hdc/tdt_epoch",
              "code": "1627345661167"
            },
            {
              "system": "http://changehealthcare.com/interop/hdc/tdt_iteration",
              "code": "1"
            },
            {
              "system": "http://changehealthcare.com/interop/hdc/record_uuid",
              "code": "324206db-c405-42e8-860d-838ce9589071"
            },
            {
              "system": "http://changehealthcare.com/interop/hdc/file_location",
              "code": "s3://enterprise-datalake-ingress-preprod-us-east-1/interoperability/valid/clinical"
            }
          ]
        },
        "identifier": [
          {
            "value": "c807a147-9201-4b9b-b891-6c99c4566bc2"
          }
        ],
        "clinicalStatus": {
          "coding": [
            {
              "system": "http://terminology.hl7.org/CodeSystem/allergyintolerance-clinical",
              "code": "active",
              "display": "Active"
            }
          ]
        },
        "verificationStatus": {
          "coding": [
            {
              "system": "http://terminology.hl7.org/CodeSystem/allergyintolerance-verification",
              "code": "confirmed",
              "display": "Confirmed"
            }
          ]
        },
        "type": "allergy",
        "category": ["medication"],
        "criticality": "low",
        "code": {
          "coding": [
            {
              "system": "http://www.nlm.nih.gov/research/umls/rxnorm",
              "code": "7980"
            }
          ]
        },
        "patient": {
          "reference": "Patient/324206db-c405-42e8-860d-838ce9589071"
        },
        "onsetAge": {
          "value": 10,
          "system": "http://unitsofmeasure.org",
          "code": "a"
        },
        "recordedDate": "2021-03-12T13:50:12.324-05:00"
      },
      "search": {
        "mode": "match"
      }
    },
    {
      "resource": {
        "resourceType": "AllergyIntolerance",
        "id": "4CX9-Cucx8oPfAv7-2fU5xsST5JvOKb6onWq2m5qx3M",
        "meta": {
          "versionId": "2",
          "lastUpdated": "2021-07-27T02:04:06.007+00:00",
          "profile": [
            "http://hl7.org/fhir/us/core/StructureDefinition/us-core-allergyintolerance"
          ],
          "tag": [
            {
              "system": "http://changehealthcare.com/interop/hdc/sender_id",
              "code": "93706192ba57436c8e3caf633758ee66"
            },
            {
              "system": "http://changehealthcare.com/interop/hdc/usageindicator",
              "code": "t"
            },
            {
              "system": "http://changehealthcare.com/interop/hdc/record_type",
              "code": "A"
            },
            {
              "system": "http://changehealthcare.com/interop/hdc/date_time_reported",
              "code": "2021-04-26 00:00:00"
            },
            {
              "system": "http://changehealthcare.com/interop/hdc/tdt_epoch",
              "code": "1627345661167"
            },
            {
              "system": "http://changehealthcare.com/interop/hdc/tdt_iteration",
              "code": "1"
            },
            {
              "system": "http://changehealthcare.com/interop/hdc/record_uuid",
              "code": "324206db-c405-42e8-860d-838ce9589071"
            },
            {
              "system": "http://changehealthcare.com/interop/hdc/file_location",
              "code": "s3://enterprise-datalake-ingress-preprod-us-east-1/interoperability/valid/clinical"
            }
          ]
        },
        "identifier": [
          {
            "value": "5983ac30-077b-4009-9c49-5f4b025a58c7"
          }
        ],
        "clinicalStatus": {
          "coding": [
            {
              "system": "http://terminology.hl7.org/CodeSystem/allergyintolerance-clinical",
              "code": "active",
              "display": "Active"
            }
          ]
        },
        "verificationStatus": {
          "coding": [
            {
              "system": "http://terminology.hl7.org/CodeSystem/allergyintolerance-verification",
              "code": "unconfirmed",
              "display": "Unconfirmed"
            }
          ]
        },
        "type": "intolerance",
        "category": ["food"],
        "criticality": "low",
        "code": {
          "coding": [
            {
              "system": "http://snomed.info/sct",
              "code": "782415009"
            }
          ]
        },
        "patient": {
          "reference": "Patient/324206db-c405-42e8-860d-838ce9589071"
        },
        "onsetAge": {
          "value": 15,
          "system": "http://unitsofmeasure.org",
          "code": "a"
        },
        "recordedDate": "2021-03-12T13:50:12.324-05:00",
        "reaction": [
          {
            "manifestation": [
              {
                "coding": [
                  {
                    "system": "http://snomed.info/sct",
                    "code": "49237006"
                  }
                ]
              }
            ]
          }
        ]
      },
      "search": {
        "mode": "match"
      }
    },
    {
      "resource": {
        "resourceType": "AllergyIntolerance",
        "id": "mXh1I0Ip8tsPZ8yLG914A-BUmoHfr2S2hpu-hc29pqU",
        "meta": {
          "versionId": "1",
          "lastUpdated": "2021-07-06T21:34:49.596+00:00",
          "profile": [
            "http://hl7.org/fhir/us/core/StructureDefinition/us-core-allergyintolerance"
          ],
          "tag": [
            {
              "system": "http://changehealthcare.com/interop/hdc/sender_id",
              "code": "93706192ba57436c8e3caf633758ee66"
            },
            {
              "system": "http://changehealthcare.com/interop/hdc/usageindicator",
              "code": "t"
            },
            {
              "system": "http://changehealthcare.com/interop/hdc/record_type",
              "code": "A"
            },
            {
              "system": "http://changehealthcare.com/interop/hdc/date_time_reported",
              "code": "2021-06-06 05:00:00"
            },
            {
              "system": "http://changehealthcare.com/interop/hdc/tdt_epoch",
              "code": "1625601544684"
            },
            {
              "system": "http://changehealthcare.com/interop/hdc/tdt_iteration",
              "code": "1"
            },
            {
              "system": "http://changehealthcare.com/interop/hdc/record_uuid",
              "code": "64e6b89a-90bc-4729-901a-b2550a2ed7c5"
            },
            {
              "system": "http://changehealthcare.com/interop/hdc/file_location",
              "code": "s3://enterprise-datalake-ingress-preprod-us-east-1/interoperability/valid/clinical"
            }
          ]
        },
        "identifier": [
          {
            "value": "2f7f15b9-3832-424e-b782-085f7cd850d8"
          }
        ],
        "clinicalStatus": {
          "coding": [
            {
              "system": "http://terminology.hl7.org/CodeSystem/allergyintolerance-clinical",
              "code": "active",
              "display": "Active"
            }
          ]
        },
        "verificationStatus": {
          "coding": [
            {
              "system": "http://terminology.hl7.org/CodeSystem/allergyintolerance-verification",
              "code": "unconfirmed",
              "display": "Unconfirmed"
            }
          ]
        },
        "type": "intolerance",
        "category": ["food"],
        "criticality": "low",
        "code": {
          "coding": [
            {
              "system": "http://snomed.info/sct",
              "code": "782415009"
            }
          ]
        },
        "patient": {
          "reference": "Patient/64e6b89a-90bc-4729-901a-b2550a2ed7c5"
        },
        "onsetAge": {
          "value": 15,
          "system": "http://unitsofmeasure.org",
          "code": "a"
        },
        "recordedDate": "2021-03-12T13:50:12.324-05:00",
        "reaction": [
          {
            "manifestation": [
              {
                "coding": [
                  {
                    "system": "http://snomed.info/sct",
                    "code": "49237006"
                  }
                ]
              }
            ]
          }
        ]
      },
      "search": {
        "mode": "match"
      }
    },
    {
      "resource": {
        "resourceType": "AllergyIntolerance",
        "id": "xpznUPU25zU-6Z5DuvacyXrPnt2ZCbnOTn1bz887vVU",
        "meta": {
          "versionId": "1",
          "lastUpdated": "2021-07-06T21:34:49.680+00:00",
          "profile": [
            "http://hl7.org/fhir/us/core/StructureDefinition/us-core-allergyintolerance"
          ],
          "tag": [
            {
              "system": "http://changehealthcare.com/interop/hdc/sender_id",
              "code": "93706192ba57436c8e3caf633758ee66"
            },
            {
              "system": "http://changehealthcare.com/interop/hdc/usageindicator",
              "code": "t"
            },
            {
              "system": "http://changehealthcare.com/interop/hdc/record_type",
              "code": "A"
            },
            {
              "system": "http://changehealthcare.com/interop/hdc/date_time_reported",
              "code": "2021-06-06 05:00:00"
            },
            {
              "system": "http://changehealthcare.com/interop/hdc/tdt_epoch",
              "code": "1625601544684"
            },
            {
              "system": "http://changehealthcare.com/interop/hdc/tdt_iteration",
              "code": "1"
            },
            {
              "system": "http://changehealthcare.com/interop/hdc/record_uuid",
              "code": "64e6b89a-90bc-4729-901a-b2550a2ed7c5"
            },
            {
              "system": "http://changehealthcare.com/interop/hdc/file_location",
              "code": "s3://enterprise-datalake-ingress-preprod-us-east-1/interoperability/valid/clinical"
            }
          ]
        },
        "identifier": [
          {
            "value": "c035dc56-4434-43af-bc1e-ab5b027070b2"
          }
        ],
        "clinicalStatus": {
          "coding": [
            {
              "system": "http://terminology.hl7.org/CodeSystem/allergyintolerance-clinical",
              "code": "active",
              "display": "Active"
            }
          ]
        },
        "verificationStatus": {
          "coding": [
            {
              "system": "http://terminology.hl7.org/CodeSystem/allergyintolerance-verification",
              "code": "confirmed",
              "display": "Confirmed"
            }
          ]
        },
        "type": "allergy",
        "category": ["medication"],
        "criticality": "low",
        "code": {
          "coding": [
            {
              "system": "http://www.nlm.nih.gov/research/umls/rxnorm",
              "code": "7980"
            }
          ]
        },
        "patient": {
          "reference": "Patient/64e6b89a-90bc-4729-901a-b2550a2ed7c5"
        },
        "onsetAge": {
          "value": 10,
          "system": "http://unitsofmeasure.org",
          "code": "a"
        },
        "recordedDate": "2021-03-12T13:50:12.324-05:00"
      },
      "search": {
        "mode": "match"
      }
    },
    {
      "resource": {
        "resourceType": "AllergyIntolerance",
        "id": "adv-9THOoscAEqyJQ1Co8SWVt2phU0QORzztFZs2YVY",
        "meta": {
          "versionId": "1",
          "lastUpdated": "2021-07-06T21:34:54.056+00:00",
          "profile": [
            "http://hl7.org/fhir/us/core/StructureDefinition/us-core-allergyintolerance"
          ],
          "tag": [
            {
              "system": "http://changehealthcare.com/interop/hdc/sender_id",
              "code": "93706192ba57436c8e3caf633758ee66"
            },
            {
              "system": "http://changehealthcare.com/interop/hdc/usageindicator",
              "code": "t"
            },
            {
              "system": "http://changehealthcare.com/interop/hdc/record_type",
              "code": "A"
            },
            {
              "system": "http://changehealthcare.com/interop/hdc/date_time_reported",
              "code": "2021-06-06 05:00:00"
            },
            {
              "system": "http://changehealthcare.com/interop/hdc/tdt_epoch",
              "code": "1625601544684"
            },
            {
              "system": "http://changehealthcare.com/interop/hdc/tdt_iteration",
              "code": "1"
            },
            {
              "system": "http://changehealthcare.com/interop/hdc/record_uuid",
              "code": "64e6b89a-90bc-4729-901a-b2550a2ed7c5"
            },
            {
              "system": "http://changehealthcare.com/interop/hdc/file_location",
              "code": "s3://enterprise-datalake-ingress-preprod-us-east-1/interoperability/valid/clinical"
            }
          ]
        },
        "identifier": [
          {
            "value": "25c518e8-eef9-422d-9c94-d2c556cfebe9"
          }
        ],
        "clinicalStatus": {
          "coding": [
            {
              "system": "http://terminology.hl7.org/CodeSystem/allergyintolerance-clinical",
              "code": "active",
              "display": "Active"
            }
          ]
        },
        "verificationStatus": {
          "coding": [
            {
              "system": "http://terminology.hl7.org/CodeSystem/allergyintolerance-verification",
              "code": "confirmed",
              "display": "Confirmed"
            }
          ]
        },
        "type": "allergy",
        "category": ["food"],
        "criticality": "high",
        "code": {
          "coding": [
            {
              "system": "http://snomed.info/sct",
              "code": "91934008"
            }
          ]
        },
        "patient": {
          "reference": "Patient/64e6b89a-90bc-4729-901a-b2550a2ed7c5"
        },
        "onsetAge": {
          "value": 6,
          "system": "http://unitsofmeasure.org",
          "code": "a"
        },
        "recordedDate": "2021-03-12T13:50:12.324-05:00",
        "reaction": [
          {
            "manifestation": [
              {
                "coding": [
                  {
                    "system": "http://snomed.info/sct",
                    "code": "91941002"
                  }
                ]
              }
            ]
          }
        ]
      },
      "search": {
        "mode": "match"
      }
    },
    {
      "resource": {
        "resourceType": "AllergyIntolerance",
        "id": "GxCKFQU7U7LNwfv.Ne3WAQW6Q7zmXaBH.sglp5Z4rvM",
        "meta": {
          "versionId": "1",
          "lastUpdated": "2021-07-12T18:31:44.885+00:00",
          "profile": [
            "http://hl7.org/fhir/us/core/StructureDefinition/us-core-allergyintolerance"
          ],
          "tag": [
            {
              "system": "http://changehealthcare.com/interop/hdc/sender_id",
              "code": "93706192ba57436c8e3caf633758ee66"
            },
            {
              "system": "http://changehealthcare.com/interop/hdc/usageindicator",
              "code": "t"
            },
            {
              "system": "http://changehealthcare.com/interop/hdc/record_type",
              "code": "A"
            },
            {
              "system": "http://changehealthcare.com/interop/hdc/date_time_reported",
              "code": "2021-07-02 01:00:00"
            },
            {
              "system": "http://changehealthcare.com/interop/hdc/tdt_epoch",
              "code": "1625601544684"
            },
            {
              "system": "http://changehealthcare.com/interop/hdc/tdt_iteration",
              "code": "1"
            },
            {
              "system": "http://changehealthcare.com/interop/hdc/record_uuid",
              "code": "ff1b4cc4-4ef0-43ba-b7c3-1315d165bed3"
            },
            {
              "system": "http://changehealthcare.com/interop/hdc/file_location",
              "code": "s3://enterprise-datalake-ingress-preprod-us-east-1/interoperability/valid/clinical"
            }
          ]
        },
        "clinicalStatus": {
          "coding": [
            {
              "system": "http://terminology.hl7.org/CodeSystem/allergyintolerance-clinical"
            }
          ]
        },
        "verificationStatus": {
          "coding": [
            {
              "system": "http://terminology.hl7.org/CodeSystem/allergyintolerance-verification"
            }
          ]
        },
        "patient": {
          "reference": "Patient/ff1b4cc4-4ef0-43ba-b7c3-1315d165bed3"
        }
      },
      "search": {
        "mode": "match"
      }
    },
    {
      "resource": {
        "resourceType": "AllergyIntolerance",
        "id": "Bjp0TfXEtieH5jydsIcJGjpSgwGhQAJiS4eg.OWdYd0",
        "meta": {
          "versionId": "2",
          "lastUpdated": "2021-07-27T02:04:12.091+00:00",
          "profile": [
            "http://hl7.org/fhir/us/core/StructureDefinition/us-core-allergyintolerance"
          ],
          "tag": [
            {
              "system": "http://changehealthcare.com/interop/hdc/sender_id",
              "code": "93706192ba57436c8e3caf633758ee66"
            },
            {
              "system": "http://changehealthcare.com/interop/hdc/usageindicator",
              "code": "t"
            },
            {
              "system": "http://changehealthcare.com/interop/hdc/record_type",
              "code": "A"
            },
            {
              "system": "http://changehealthcare.com/interop/hdc/date_time_reported",
              "code": "2021-06-06 05:00:00"
            },
            {
              "system": "http://changehealthcare.com/interop/hdc/tdt_epoch",
              "code": "1627345661167"
            },
            {
              "system": "http://changehealthcare.com/interop/hdc/tdt_iteration",
              "code": "1"
            },
            {
              "system": "http://changehealthcare.com/interop/hdc/record_uuid",
              "code": "b7a8b279-b1b5-4c03-8849-7bc8b26f178e"
            },
            {
              "system": "http://changehealthcare.com/interop/hdc/file_location",
              "code": "s3://enterprise-datalake-ingress-preprod-us-east-1/interoperability/valid/clinical"
            }
          ]
        },
        "identifier": [
          {
            "value": "60b19432-a6e6-4c4f-a280-338b4de01911"
          }
        ],
        "clinicalStatus": {
          "coding": [
            {
              "system": "http://terminology.hl7.org/CodeSystem/allergyintolerance-clinical",
              "code": "active",
              "display": "Active"
            }
          ]
        },
        "verificationStatus": {
          "coding": [
            {
              "system": "http://terminology.hl7.org/CodeSystem/allergyintolerance-verification",
              "code": "confirmed",
              "display": "Confirmed"
            }
          ]
        },
        "type": "allergy",
        "category": ["food"],
        "criticality": "high",
        "code": {
          "coding": [
            {
              "system": "http://snomed.info/sct",
              "code": "91934008"
            }
          ]
        },
        "patient": {
          "reference": "Patient/b7a8b279-b1b5-4c03-8849-7bc8b26f178e"
        },
        "onsetAge": {
          "value": 6,
          "system": "http://unitsofmeasure.org",
          "code": "a"
        },
        "recordedDate": "2021-03-12T13:50:12.324-05:00",
        "reaction": [
          {
            "manifestation": [
              {
                "coding": [
                  {
                    "system": "http://snomed.info/sct",
                    "code": "91941002"
                  }
                ]
              }
            ]
          }
        ]
      },
      "search": {
        "mode": "match"
      }
    },
    {
      "resource": {
        "resourceType": "AllergyIntolerance",
        "id": "L5hOVOgEbsSqdcIBDfqT8QsVA5YmNmh0o1lGmfpWBzs",
        "meta": {
          "versionId": "2",
          "lastUpdated": "2021-07-27T02:04:09.744+00:00",
          "profile": [
            "http://hl7.org/fhir/us/core/StructureDefinition/us-core-allergyintolerance"
          ],
          "tag": [
            {
              "system": "http://changehealthcare.com/interop/hdc/sender_id",
              "code": "93706192ba57436c8e3caf633758ee66"
            },
            {
              "system": "http://changehealthcare.com/interop/hdc/usageindicator",
              "code": "t"
            },
            {
              "system": "http://changehealthcare.com/interop/hdc/record_type",
              "code": "A"
            },
            {
              "system": "http://changehealthcare.com/interop/hdc/date_time_reported",
              "code": "2021-06-06 05:00:00"
            },
            {
              "system": "http://changehealthcare.com/interop/hdc/tdt_epoch",
              "code": "1627345661167"
            },
            {
              "system": "http://changehealthcare.com/interop/hdc/tdt_iteration",
              "code": "1"
            },
            {
              "system": "http://changehealthcare.com/interop/hdc/record_uuid",
              "code": "b7a8b279-b1b5-4c03-8849-7bc8b26f178e"
            },
            {
              "system": "http://changehealthcare.com/interop/hdc/file_location",
              "code": "s3://enterprise-datalake-ingress-preprod-us-east-1/interoperability/valid/clinical"
            }
          ]
        },
        "identifier": [
          {
            "value": "69b33f24-83b8-4ce5-a382-c0dc0ec29acc"
          }
        ],
        "clinicalStatus": {
          "coding": [
            {
              "system": "http://terminology.hl7.org/CodeSystem/allergyintolerance-clinical",
              "code": "active",
              "display": "Active"
            }
          ]
        },
        "verificationStatus": {
          "coding": [
            {
              "system": "http://terminology.hl7.org/CodeSystem/allergyintolerance-verification",
              "code": "confirmed",
              "display": "Confirmed"
            }
          ]
        },
        "type": "allergy",
        "category": ["medication"],
        "criticality": "low",
        "code": {
          "coding": [
            {
              "system": "http://www.nlm.nih.gov/research/umls/rxnorm",
              "code": "7980"
            }
          ]
        },
        "patient": {
          "reference": "Patient/b7a8b279-b1b5-4c03-8849-7bc8b26f178e"
        },
        "onsetAge": {
          "value": 10,
          "system": "http://unitsofmeasure.org",
          "code": "a"
        },
        "recordedDate": "2021-03-12T13:50:12.324-05:00"
      },
      "search": {
        "mode": "match"
      }
    },
    {
      "resource": {
        "resourceType": "AllergyIntolerance",
        "id": "jrMA6uWVcTBv0mciZfRU4oT1kUAeyhFD5HiLVN5xZdA",
        "meta": {
          "versionId": "2",
          "lastUpdated": "2021-07-27T02:04:12.106+00:00",
          "profile": [
            "http://hl7.org/fhir/us/core/StructureDefinition/us-core-allergyintolerance"
          ],
          "tag": [
            {
              "system": "http://changehealthcare.com/interop/hdc/sender_id",
              "code": "93706192ba57436c8e3caf633758ee66"
            },
            {
              "system": "http://changehealthcare.com/interop/hdc/usageindicator",
              "code": "t"
            },
            {
              "system": "http://changehealthcare.com/interop/hdc/record_type",
              "code": "A"
            },
            {
              "system": "http://changehealthcare.com/interop/hdc/date_time_reported",
              "code": "2021-06-06 05:00:00"
            },
            {
              "system": "http://changehealthcare.com/interop/hdc/tdt_epoch",
              "code": "1627345661167"
            },
            {
              "system": "http://changehealthcare.com/interop/hdc/tdt_iteration",
              "code": "1"
            },
            {
              "system": "http://changehealthcare.com/interop/hdc/record_uuid",
              "code": "b7a8b279-b1b5-4c03-8849-7bc8b26f178e"
            },
            {
              "system": "http://changehealthcare.com/interop/hdc/file_location",
              "code": "s3://enterprise-datalake-ingress-preprod-us-east-1/interoperability/valid/clinical"
            }
          ]
        },
        "identifier": [
          {
            "value": "afeee10b-90bd-4ed1-a03c-97882b9575dd"
          }
        ],
        "clinicalStatus": {
          "coding": [
            {
              "system": "http://terminology.hl7.org/CodeSystem/allergyintolerance-clinical",
              "code": "active",
              "display": "Active"
            }
          ]
        },
        "verificationStatus": {
          "coding": [
            {
              "system": "http://terminology.hl7.org/CodeSystem/allergyintolerance-verification",
              "code": "unconfirmed",
              "display": "Unconfirmed"
            }
          ]
        },
        "type": "intolerance",
        "category": ["food"],
        "criticality": "low",
        "code": {
          "coding": [
            {
              "system": "http://snomed.info/sct",
              "code": "782415009"
            }
          ]
        },
        "patient": {
          "reference": "Patient/b7a8b279-b1b5-4c03-8849-7bc8b26f178e"
        },
        "onsetAge": {
          "value": 15,
          "system": "http://unitsofmeasure.org",
          "code": "a"
        },
        "recordedDate": "2021-03-12T13:50:12.324-05:00",
        "reaction": [
          {
            "manifestation": [
              {
                "coding": [
                  {
                    "system": "http://snomed.info/sct",
                    "code": "49237006"
                  }
                ]
              }
            ]
          }
        ]
      },
      "search": {
        "mode": "match"
      }
    },
    {
      "resource": {
        "resourceType": "AllergyIntolerance",
        "id": "its9PPbV2I45PsStzgXbMZfyOZKKB26SCxEnuziXPH8",
        "meta": {
          "versionId": "1",
          "lastUpdated": "2021-07-27T02:04:07.670+00:00",
          "profile": [
            "http://hl7.org/fhir/us/core/StructureDefinition/us-core-allergyintolerance"
          ],
          "tag": [
            {
              "system": "http://changehealthcare.com/interop/hdc/sender_id",
              "code": "740b8dd63c504e7fbb1559f1d951d63d"
            },
            {
              "system": "http://changehealthcare.com/interop/hdc/usageindicator",
              "code": "t"
            },
            {
              "system": "http://changehealthcare.com/interop/hdc/record_type",
              "code": "A"
            },
            {
              "system": "http://changehealthcare.com/interop/hdc/date_time_reported",
              "code": "2021-04-26 00:00:00"
            },
            {
              "system": "http://changehealthcare.com/interop/hdc/tdt_epoch",
              "code": "1627345661167"
            },
            {
              "system": "http://changehealthcare.com/interop/hdc/tdt_iteration",
              "code": "1"
            },
            {
              "system": "http://changehealthcare.com/interop/hdc/record_uuid",
              "code": "13b5e91a-79f0-4266-ae9b-1155e207f039"
            },
            {
              "system": "http://changehealthcare.com/interop/hdc/file_location",
              "code": "s3://enterprise-datalake-ingress-preprod-us-east-1/interoperability/valid/clinical"
            }
          ]
        },
        "identifier": [
          {
            "value": "25990734-7a94-4b71-a6f1-393644c197de"
          }
        ],
        "clinicalStatus": {
          "coding": [
            {
              "system": "http://terminology.hl7.org/CodeSystem/allergyintolerance-clinical",
              "code": "active",
              "display": "Active"
            }
          ]
        },
        "verificationStatus": {
          "coding": [
            {
              "system": "http://terminology.hl7.org/CodeSystem/allergyintolerance-verification",
              "code": "confirmed",
              "display": "Confirmed"
            }
          ]
        },
        "type": "allergy",
        "category": ["food"],
        "criticality": "high",
        "code": {
          "coding": [
            {
              "system": "http://snomed.info/sct",
              "code": "91934008"
            }
          ]
        },
        "patient": {
          "reference": "Patient/13b5e91a-79f0-4266-ae9b-1155e207f039"
        },
        "onsetAge": {
          "value": 6,
          "system": "http://unitsofmeasure.org",
          "code": "a"
        },
        "recordedDate": "2021-03-12T13:50:12.324-05:00",
        "reaction": [
          {
            "manifestation": [
              {
                "coding": [
                  {
                    "system": "http://snomed.info/sct",
                    "code": "91941002"
                  }
                ]
              }
            ]
          }
        ]
      },
      "search": {
        "mode": "match"
      }
    },
    {
      "resource": {
        "resourceType": "AllergyIntolerance",
        "id": "fcdhyyNKk8QGwzXIK4ghqBeVLxlhW0YJ5F.uPLcvNdo",
        "meta": {
          "versionId": "1",
          "lastUpdated": "2021-07-27T02:04:07.644+00:00",
          "profile": [
            "http://hl7.org/fhir/us/core/StructureDefinition/us-core-allergyintolerance"
          ],
          "tag": [
            {
              "system": "http://changehealthcare.com/interop/hdc/sender_id",
              "code": "740b8dd63c504e7fbb1559f1d951d63d"
            },
            {
              "system": "http://changehealthcare.com/interop/hdc/usageindicator",
              "code": "t"
            },
            {
              "system": "http://changehealthcare.com/interop/hdc/record_type",
              "code": "A"
            },
            {
              "system": "http://changehealthcare.com/interop/hdc/date_time_reported",
              "code": "2021-04-26 00:00:00"
            },
            {
              "system": "http://changehealthcare.com/interop/hdc/tdt_epoch",
              "code": "1627345661167"
            },
            {
              "system": "http://changehealthcare.com/interop/hdc/tdt_iteration",
              "code": "1"
            },
            {
              "system": "http://changehealthcare.com/interop/hdc/record_uuid",
              "code": "13b5e91a-79f0-4266-ae9b-1155e207f039"
            },
            {
              "system": "http://changehealthcare.com/interop/hdc/file_location",
              "code": "s3://enterprise-datalake-ingress-preprod-us-east-1/interoperability/valid/clinical"
            }
          ]
        },
        "identifier": [
          {
            "value": "c807a147-9201-4b9b-b891-6c99c4566bc2"
          }
        ],
        "clinicalStatus": {
          "coding": [
            {
              "system": "http://terminology.hl7.org/CodeSystem/allergyintolerance-clinical",
              "code": "active",
              "display": "Active"
            }
          ]
        },
        "verificationStatus": {
          "coding": [
            {
              "system": "http://terminology.hl7.org/CodeSystem/allergyintolerance-verification",
              "code": "confirmed",
              "display": "Confirmed"
            }
          ]
        },
        "type": "allergy",
        "category": ["medication"],
        "criticality": "low",
        "code": {
          "coding": [
            {
              "system": "http://www.nlm.nih.gov/research/umls/rxnorm",
              "code": "7980"
            }
          ]
        },
        "patient": {
          "reference": "Patient/13b5e91a-79f0-4266-ae9b-1155e207f039"
        },
        "onsetAge": {
          "value": 10,
          "system": "http://unitsofmeasure.org",
          "code": "a"
        },
        "recordedDate": "2021-03-12T13:50:12.324-05:00"
      },
      "search": {
        "mode": "match"
      }
    },
    {
      "resource": {
        "resourceType": "AllergyIntolerance",
        "id": "mdxxtiaezo-pyUOQ-rI8d6z7kYlD0kstfK6L3HbUm9Y",
        "meta": {
          "versionId": "1",
          "lastUpdated": "2021-07-27T02:04:07.919+00:00",
          "profile": [
            "http://hl7.org/fhir/us/core/StructureDefinition/us-core-allergyintolerance"
          ],
          "tag": [
            {
              "system": "http://changehealthcare.com/interop/hdc/sender_id",
              "code": "740b8dd63c504e7fbb1559f1d951d63d"
            },
            {
              "system": "http://changehealthcare.com/interop/hdc/usageindicator",
              "code": "t"
            },
            {
              "system": "http://changehealthcare.com/interop/hdc/record_type",
              "code": "A"
            },
            {
              "system": "http://changehealthcare.com/interop/hdc/date_time_reported",
              "code": "2021-04-26 00:00:00"
            },
            {
              "system": "http://changehealthcare.com/interop/hdc/tdt_epoch",
              "code": "1627345661167"
            },
            {
              "system": "http://changehealthcare.com/interop/hdc/tdt_iteration",
              "code": "1"
            },
            {
              "system": "http://changehealthcare.com/interop/hdc/record_uuid",
              "code": "13b5e91a-79f0-4266-ae9b-1155e207f039"
            },
            {
              "system": "http://changehealthcare.com/interop/hdc/file_location",
              "code": "s3://enterprise-datalake-ingress-preprod-us-east-1/interoperability/valid/clinical"
            }
          ]
        },
        "identifier": [
          {
            "value": "5983ac30-077b-4009-9c49-5f4b025a58c7"
          }
        ],
        "clinicalStatus": {
          "coding": [
            {
              "system": "http://terminology.hl7.org/CodeSystem/allergyintolerance-clinical",
              "code": "active",
              "display": "Active"
            }
          ]
        },
        "verificationStatus": {
          "coding": [
            {
              "system": "http://terminology.hl7.org/CodeSystem/allergyintolerance-verification",
              "code": "unconfirmed",
              "display": "Unconfirmed"
            }
          ]
        },
        "type": "intolerance",
        "category": ["food"],
        "criticality": "low",
        "code": {
          "coding": [
            {
              "system": "http://snomed.info/sct",
              "code": "782415009"
            }
          ]
        },
        "patient": {
          "reference": "Patient/13b5e91a-79f0-4266-ae9b-1155e207f039"
        },
        "onsetAge": {
          "value": 15,
          "system": "http://unitsofmeasure.org",
          "code": "a"
        },
        "recordedDate": "2021-03-12T13:50:12.324-05:00",
        "reaction": [
          {
            "manifestation": [
              {
                "coding": [
                  {
                    "system": "http://snomed.info/sct",
                    "code": "49237006"
                  }
                ]
              }
            ]
          }
        ]
      },
      "search": {
        "mode": "match"
      }
    },
    {
      "resource": {
        "resourceType": "AllergyIntolerance",
        "id": "M9t1umLEuZ-dr0l-FLpmsDdgKFU6YiwFm4W7KU0sZCI",
        "meta": {
          "versionId": "1",
          "lastUpdated": "2021-07-27T02:04:10.205+00:00",
          "profile": [
            "http://hl7.org/fhir/us/core/StructureDefinition/us-core-allergyintolerance"
          ],
          "tag": [
            {
              "system": "http://changehealthcare.com/interop/hdc/sender_id",
              "code": "93706192ba57436c8e3caf633758ee66"
            },
            {
              "system": "http://changehealthcare.com/interop/hdc/usageindicator",
              "code": "t"
            },
            {
              "system": "http://changehealthcare.com/interop/hdc/record_type",
              "code": "A"
            },
            {
              "system": "http://changehealthcare.com/interop/hdc/date_time_reported",
              "code": "2021-04-26 00:00:00"
            },
            {
              "system": "http://changehealthcare.com/interop/hdc/tdt_epoch",
              "code": "1627345661167"
            },
            {
              "system": "http://changehealthcare.com/interop/hdc/tdt_iteration",
              "code": "1"
            },
            {
              "system": "http://changehealthcare.com/interop/hdc/record_uuid",
              "code": "ddad724b-aa76-4c5f-8d32-6b4fa8ee88cd"
            },
            {
              "system": "http://changehealthcare.com/interop/hdc/file_location",
              "code": "s3://enterprise-datalake-ingress-preprod-us-east-1/interoperability/valid/clinical"
            }
          ]
        },
        "identifier": [
          {
            "value": "48efe40b-d096-4fa8-ab5c-c8425b461216"
          }
        ],
        "clinicalStatus": {
          "coding": [
            {
              "system": "http://terminology.hl7.org/CodeSystem/allergyintolerance-clinical",
              "code": "active",
              "display": "Active"
            }
          ]
        },
        "verificationStatus": {
          "coding": [
            {
              "system": "http://terminology.hl7.org/CodeSystem/allergyintolerance-verification",
              "code": "unconfirmed",
              "display": "Unconfirmed"
            }
          ]
        },
        "type": "intolerance",
        "category": ["food"],
        "criticality": "low",
        "code": {
          "coding": [
            {
              "system": "http://snomed.info/sct",
              "code": "782415009"
            }
          ]
        },
        "patient": {
          "reference": "Patient/ddad724b-aa76-4c5f-8d32-6b4fa8ee88cd"
        },
        "onsetAge": {
          "value": 15,
          "system": "http://unitsofmeasure.org",
          "code": "a"
        },
        "recordedDate": "2021-03-12T13:50:12.324-05:00",
        "reaction": [
          {
            "manifestation": [
              {
                "coding": [
                  {
                    "system": "http://snomed.info/sct",
                    "code": "49237006"
                  }
                ]
              }
            ]
          }
        ]
      },
      "search": {
        "mode": "match"
      }
    },
    {
      "resource": {
        "resourceType": "AllergyIntolerance",
        "id": "96zLUR5I13r2NmeeRFphQywivPfXzrH3YOdtjZI3V54",
        "meta": {
          "versionId": "1",
          "lastUpdated": "2021-07-27T02:04:11.622+00:00",
          "profile": [
            "http://hl7.org/fhir/us/core/StructureDefinition/us-core-allergyintolerance"
          ],
          "tag": [
            {
              "system": "http://changehealthcare.com/interop/hdc/sender_id",
              "code": "740b8dd63c504e7fbb1559f1d951d63d"
            },
            {
              "system": "http://changehealthcare.com/interop/hdc/usageindicator",
              "code": "t"
            },
            {
              "system": "http://changehealthcare.com/interop/hdc/record_type",
              "code": "A"
            },
            {
              "system": "http://changehealthcare.com/interop/hdc/date_time_reported",
              "code": "2021-04-26 00:00:00"
            },
            {
              "system": "http://changehealthcare.com/interop/hdc/tdt_epoch",
              "code": "1627345661167"
            },
            {
              "system": "http://changehealthcare.com/interop/hdc/tdt_iteration",
              "code": "1"
            },
            {
              "system": "http://changehealthcare.com/interop/hdc/record_uuid",
              "code": "244474e6-0ab7-4d0b-b0e3-db18fc888915"
            },
            {
              "system": "http://changehealthcare.com/interop/hdc/file_location",
              "code": "s3://enterprise-datalake-ingress-preprod-us-east-1/interoperability/valid/clinical"
            }
          ]
        },
        "identifier": [
          {
            "value": "6f7ea27d-0298-4792-a419-ab631fe7ef8b"
          }
        ],
        "clinicalStatus": {
          "coding": [
            {
              "system": "http://terminology.hl7.org/CodeSystem/allergyintolerance-clinical",
              "code": "active",
              "display": "Active"
            }
          ]
        },
        "verificationStatus": {
          "coding": [
            {
              "system": "http://terminology.hl7.org/CodeSystem/allergyintolerance-verification",
              "code": "confirmed",
              "display": "Confirmed"
            }
          ]
        },
        "type": "allergy",
        "category": ["food"],
        "criticality": "high",
        "code": {
          "coding": [
            {
              "system": "http://snomed.info/sct",
              "code": "91934008"
            }
          ]
        },
        "patient": {
          "reference": "Patient/244474e6-0ab7-4d0b-b0e3-db18fc888915"
        },
        "onsetAge": {
          "value": 6,
          "system": "http://unitsofmeasure.org",
          "code": "a"
        },
        "recordedDate": "2021-03-12T13:50:12.324-05:00",
        "reaction": [
          {
            "manifestation": [
              {
                "coding": [
                  {
                    "system": "http://snomed.info/sct",
                    "code": "91941002"
                  }
                ]
              }
            ]
          }
        ]
      },
      "search": {
        "mode": "match"
      }
    },
    {
      "resource": {
        "resourceType": "AllergyIntolerance",
        "id": "15eFJNyzG2Un8KFItG96x7FKGRciweQwwOFB1jYWhNM",
        "meta": {
          "versionId": "1",
          "lastUpdated": "2021-07-27T02:04:14.355+00:00",
          "profile": [
            "http://hl7.org/fhir/us/core/StructureDefinition/us-core-allergyintolerance"
          ],
          "tag": [
            {
              "system": "http://changehealthcare.com/interop/hdc/sender_id",
              "code": "740b8dd63c504e7fbb1559f1d951d63d"
            },
            {
              "system": "http://changehealthcare.com/interop/hdc/usageindicator",
              "code": "t"
            },
            {
              "system": "http://changehealthcare.com/interop/hdc/record_type",
              "code": "A"
            },
            {
              "system": "http://changehealthcare.com/interop/hdc/date_time_reported",
              "code": "2021-04-26 00:00:00"
            },
            {
              "system": "http://changehealthcare.com/interop/hdc/tdt_epoch",
              "code": "1627345661167"
            },
            {
              "system": "http://changehealthcare.com/interop/hdc/tdt_iteration",
              "code": "1"
            },
            {
              "system": "http://changehealthcare.com/interop/hdc/record_uuid",
              "code": "244474e6-0ab7-4d0b-b0e3-db18fc888915"
            },
            {
              "system": "http://changehealthcare.com/interop/hdc/file_location",
              "code": "s3://enterprise-datalake-ingress-preprod-us-east-1/interoperability/valid/clinical"
            }
          ]
        },
        "identifier": [
          {
            "value": "48efe40b-d096-4fa8-ab5c-c8425b461216"
          }
        ],
        "clinicalStatus": {
          "coding": [
            {
              "system": "http://terminology.hl7.org/CodeSystem/allergyintolerance-clinical",
              "code": "active",
              "display": "Active"
            }
          ]
        },
        "verificationStatus": {
          "coding": [
            {
              "system": "http://terminology.hl7.org/CodeSystem/allergyintolerance-verification",
              "code": "unconfirmed",
              "display": "Unconfirmed"
            }
          ]
        },
        "type": "intolerance",
        "category": ["food"],
        "criticality": "low",
        "code": {
          "coding": [
            {
              "system": "http://snomed.info/sct",
              "code": "782415009"
            }
          ]
        },
        "patient": {
          "reference": "Patient/244474e6-0ab7-4d0b-b0e3-db18fc888915"
        },
        "onsetAge": {
          "value": 15,
          "system": "http://unitsofmeasure.org",
          "code": "a"
        },
        "recordedDate": "2021-03-12T13:50:12.324-05:00",
        "reaction": [
          {
            "manifestation": [
              {
                "coding": [
                  {
                    "system": "http://snomed.info/sct",
                    "code": "49237006"
                  }
                ]
              }
            ]
          }
        ]
      },
      "search": {
        "mode": "match"
      }
    },
    {
      "resource": {
        "resourceType": "AllergyIntolerance",
        "id": "LRnf3kU8MNA7LuTKBslohZFhIbqPPQUN0gEGEFLyrr4",
        "meta": {
          "versionId": "1",
          "lastUpdated": "2021-07-27T02:04:14.684+00:00",
          "profile": [
            "http://hl7.org/fhir/us/core/StructureDefinition/us-core-allergyintolerance"
          ],
          "tag": [
            {
              "system": "http://changehealthcare.com/interop/hdc/sender_id",
              "code": "740b8dd63c504e7fbb1559f1d951d63d"
            },
            {
              "system": "http://changehealthcare.com/interop/hdc/usageindicator",
              "code": "t"
            },
            {
              "system": "http://changehealthcare.com/interop/hdc/record_type",
              "code": "A"
            },
            {
              "system": "http://changehealthcare.com/interop/hdc/date_time_reported",
              "code": "2021-04-26 00:00:00"
            },
            {
              "system": "http://changehealthcare.com/interop/hdc/tdt_epoch",
              "code": "1627345661167"
            },
            {
              "system": "http://changehealthcare.com/interop/hdc/tdt_iteration",
              "code": "1"
            },
            {
              "system": "http://changehealthcare.com/interop/hdc/record_uuid",
              "code": "244474e6-0ab7-4d0b-b0e3-db18fc888915"
            },
            {
              "system": "http://changehealthcare.com/interop/hdc/file_location",
              "code": "s3://enterprise-datalake-ingress-preprod-us-east-1/interoperability/valid/clinical"
            }
          ]
        },
        "identifier": [
          {
            "value": "fbac0d09-de3e-44d4-9544-93c4b34b7a57"
          }
        ],
        "clinicalStatus": {
          "coding": [
            {
              "system": "http://terminology.hl7.org/CodeSystem/allergyintolerance-clinical",
              "code": "active",
              "display": "Active"
            }
          ]
        },
        "verificationStatus": {
          "coding": [
            {
              "system": "http://terminology.hl7.org/CodeSystem/allergyintolerance-verification",
              "code": "confirmed",
              "display": "Confirmed"
            }
          ]
        },
        "type": "allergy",
        "category": ["medication"],
        "criticality": "low",
        "code": {
          "coding": [
            {
              "system": "http://www.nlm.nih.gov/research/umls/rxnorm",
              "code": "7980"
            }
          ]
        },
        "patient": {
          "reference": "Patient/244474e6-0ab7-4d0b-b0e3-db18fc888915"
        },
        "onsetAge": {
          "value": 10,
          "system": "http://unitsofmeasure.org",
          "code": "a"
        },
        "recordedDate": "2021-03-12T13:50:12.324-05:00"
      },
      "search": {
        "mode": "match"
      }
    },
    {
      "resource": {
        "resourceType": "AllergyIntolerance",
        "id": "7wmuq6ax-UcBaAWoic4cmaP1mTKa.yumwYgWTD2Oh04",
        "meta": {
          "versionId": "1",
          "lastUpdated": "2021-07-27T02:04:15.550+00:00",
          "profile": [
            "http://hl7.org/fhir/us/core/StructureDefinition/us-core-allergyintolerance"
          ],
          "tag": [
            {
              "system": "http://changehealthcare.com/interop/hdc/sender_id",
              "code": "93706192ba57436c8e3caf633758ee66"
            },
            {
              "system": "http://changehealthcare.com/interop/hdc/usageindicator",
              "code": "t"
            },
            {
              "system": "http://changehealthcare.com/interop/hdc/record_type",
              "code": "A"
            },
            {
              "system": "http://changehealthcare.com/interop/hdc/date_time_reported",
              "code": "2021-04-26 00:00:00"
            },
            {
              "system": "http://changehealthcare.com/interop/hdc/tdt_epoch",
              "code": "1627345661167"
            },
            {
              "system": "http://changehealthcare.com/interop/hdc/tdt_iteration",
              "code": "1"
            },
            {
              "system": "http://changehealthcare.com/interop/hdc/record_uuid",
              "code": "ddad724b-aa76-4c5f-8d32-6b4fa8ee88cd"
            },
            {
              "system": "http://changehealthcare.com/interop/hdc/file_location",
              "code": "s3://enterprise-datalake-ingress-preprod-us-east-1/interoperability/valid/clinical"
            }
          ]
        },
        "identifier": [
          {
            "value": "fbac0d09-de3e-44d4-9544-93c4b34b7a57"
          }
        ],
        "clinicalStatus": {
          "coding": [
            {
              "system": "http://terminology.hl7.org/CodeSystem/allergyintolerance-clinical",
              "code": "active",
              "display": "Active"
            }
          ]
        },
        "verificationStatus": {
          "coding": [
            {
              "system": "http://terminology.hl7.org/CodeSystem/allergyintolerance-verification",
              "code": "confirmed",
              "display": "Confirmed"
            }
          ]
        },
        "type": "allergy",
        "category": ["medication"],
        "criticality": "low",
        "code": {
          "coding": [
            {
              "system": "http://www.nlm.nih.gov/research/umls/rxnorm",
              "code": "7980"
            }
          ]
        },
        "patient": {
          "reference": "Patient/ddad724b-aa76-4c5f-8d32-6b4fa8ee88cd"
        },
        "onsetAge": {
          "value": 10,
          "system": "http://unitsofmeasure.org",
          "code": "a"
        },
        "recordedDate": "2021-03-12T13:50:12.324-05:00"
      },
      "search": {
        "mode": "match"
      }
    },
    {
      "resource": {
        "resourceType": "AllergyIntolerance",
        "id": "5Fe8uUV5-uF37.GgQPpnAvOXdccBwLpTkrWfvZZeNXI",
        "meta": {
          "versionId": "1",
          "lastUpdated": "2021-07-27T02:04:15.604+00:00",
          "profile": [
            "http://hl7.org/fhir/us/core/StructureDefinition/us-core-allergyintolerance"
          ],
          "tag": [
            {
              "system": "http://changehealthcare.com/interop/hdc/sender_id",
              "code": "93706192ba57436c8e3caf633758ee66"
            },
            {
              "system": "http://changehealthcare.com/interop/hdc/usageindicator",
              "code": "t"
            },
            {
              "system": "http://changehealthcare.com/interop/hdc/record_type",
              "code": "A"
            },
            {
              "system": "http://changehealthcare.com/interop/hdc/date_time_reported",
              "code": "2021-04-26 00:00:00"
            },
            {
              "system": "http://changehealthcare.com/interop/hdc/tdt_epoch",
              "code": "1627345661167"
            },
            {
              "system": "http://changehealthcare.com/interop/hdc/tdt_iteration",
              "code": "1"
            },
            {
              "system": "http://changehealthcare.com/interop/hdc/record_uuid",
              "code": "ddad724b-aa76-4c5f-8d32-6b4fa8ee88cd"
            },
            {
              "system": "http://changehealthcare.com/interop/hdc/file_location",
              "code": "s3://enterprise-datalake-ingress-preprod-us-east-1/interoperability/valid/clinical"
            }
          ]
        },
        "identifier": [
          {
            "value": "6f7ea27d-0298-4792-a419-ab631fe7ef8b"
          }
        ],
        "clinicalStatus": {
          "coding": [
            {
              "system": "http://terminology.hl7.org/CodeSystem/allergyintolerance-clinical",
              "code": "active",
              "display": "Active"
            }
          ]
        },
        "verificationStatus": {
          "coding": [
            {
              "system": "http://terminology.hl7.org/CodeSystem/allergyintolerance-verification",
              "code": "confirmed",
              "display": "Confirmed"
            }
          ]
        },
        "type": "allergy",
        "category": ["food"],
        "criticality": "high",
        "code": {
          "coding": [
            {
              "system": "http://snomed.info/sct",
              "code": "91934008"
            }
          ]
        },
        "patient": {
          "reference": "Patient/ddad724b-aa76-4c5f-8d32-6b4fa8ee88cd"
        },
        "onsetAge": {
          "value": 6,
          "system": "http://unitsofmeasure.org",
          "code": "a"
        },
        "recordedDate": "2021-03-12T13:50:12.324-05:00",
        "reaction": [
          {
            "manifestation": [
              {
                "coding": [
                  {
                    "system": "http://snomed.info/sct",
                    "code": "91941002"
                  }
                ]
              }
            ]
          }
        ]
      },
      "search": {
        "mode": "match"
      }
    }
  ]
}
