{
  "resourceType": "Bundle",
  "id": "011a48b5-b12f-481c-810c-853f437e37aa",
  "meta": {
    "lastUpdated": "2021-08-24T14:19:19.673+00:00"
  },
  "type": "searchset",
  "link": [
    {
      "relation": "self",
      "url": "/AllergyIntolerance?_id=AllergyIntolerance%2FBjp0TfXEtieH5jydsIcJGjpSgwGhQAJiS4eg.OWdYd0%2CAllergyIntolerance%2FjrMA6uWVcTBv0mciZfRU4oT1kUAeyhFD5HiLVN5xZdA%2CAllergyIntolerance%2FL5hOVOgEbsSqdcIBDfqT8QsVA5YmNmh0o1lGmfpWBzs%2CAllergyIntolerance%2F96zLUR5I13r2NmeeRFphQywivPfXzrH3YOdtjZI3V54%2CAllergyIntolerance%2F15eFJNyzG2Un8KFItG96x7FKGRciweQwwOFB1jYWhNM%2CAllergyIntolerance%2FLRnf3kU8MNA7LuTKBslohZFhIbqPPQUN0gEGEFLyrr4%2CAllergyIntolerance%2FM9t1umLEuZ-dr0l-FLpmsDdgKFU6YiwFm4W7KU0sZCI%2CAllergyIntolerance%2F7wmuq6ax-UcBaAWoic4cmaP1mTKa.yumwYgWTD2Oh04%2CAllergyIntolerance%2F5Fe8uUV5-uF37.GgQPpnAvOXdccBwLpTkrWfvZZeNXI%2CAllergyIntolerance%2FGxCKFQU7U7LNwfv.Ne3WAQW6Q7zmXaBH.sglp5Z4rvM%2CAllergyIntolerance%2FmXh1I0Ip8tsPZ8yLG914A-BUmoHfr2S2hpu-hc29pqU%2CAllergyIntolerance%2FxpznUPU25zU-6Z5DuvacyXrPnt2ZCbnOTn1bz887vVU%2CAllergyIntolerance%2Fadv-9THOoscAEqyJQ1Co8SWVt2phU0QORzztFZs2YVY%2CAllergyIntolerance%2FfcdhyyNKk8QGwzXIK4ghqBeVLxlhW0YJ5F.uPLcvNdo%2CAllergyIntolerance%2Fits9PPbV2I45PsStzgXbMZfyOZKKB26SCxEnuziXPH8%2CAllergyIntolerance%2Fmdxxtiaezo-pyUOQ-rI8d6z7kYlD0kstfK6L3HbUm9Y%2CAllergyIntolerance%2FT0ZYyDLfFg7vpT7xUIBWu88s-JFI-dW8DAVGwvgiKKQ%2CAllergyIntolerance%2FqWf86uELy7oWQJrFfOK0C6L7Z1zCi-LKX.eQt4eil8A%2CAllergyIntolerance%2F4CX9-Cucx8oPfAv7-2fU5xsST5JvOKb6onWq2m5qx3M"
    },
    {
      "relation": "next",
      "url": "/AllergyIntolerance?_getpages=fcd6c6f1-81c8-4c70-820a-edccf3a267d2&_getpagesoffset=2&_count=20&_pretty=true"
    }
  ],
  "entry": [
    {
      "resource": {
        "resourceType": "AllergyIntolerance",
        "id": "qWf86uELy7oWQJrFfOK0C6L7Z1zCi-LKX.eQt4eil8A",
        "meta": {
          "versionId": "2",
          "lastUpdated": "2021-07-27T02:04:06.046+00:00",
          "profile": [
            "http://hl7.org/fhir/us/core/StructureDefinition/us-core-allergyintolerance"
          ],
          "tag": [
            {
              "system": "http://changehealthcare.com/interop/hdc/sender_id",
              "code": "93706192ba57436c8e3caf633758ee66"
            },
            {
              "system": "http://changehealthcare.com/interop/hdc/usageindicator",
              "code": "t"
            },
            {
              "system": "http://changehealthcare.com/interop/hdc/record_type",
              "code": "A"
            },
            {
              "system": "http://changehealthcare.com/interop/hdc/date_time_reported",
              "code": "2021-04-26 00:00:00"
            },
            {
              "system": "http://changehealthcare.com/interop/hdc/tdt_epoch",
              "code": "1627345661167"
            },
            {
              "system": "http://changehealthcare.com/interop/hdc/tdt_iteration",
              "code": "1"
            },
            {
              "system": "http://changehealthcare.com/interop/hdc/record_uuid",
              "code": "324206db-c405-42e8-860d-838ce9589071"
            },
            {
              "system": "http://changehealthcare.com/interop/hdc/file_location",
              "code": "s3://enterprise-datalake-ingress-preprod-us-east-1/interoperability/valid/clinical"
            }
          ]
        },
        "identifier": [
          {
            "value": "c807a147-9201-4b9b-b891-6c99c4566bc2"
          }
        ],
        "clinicalStatus": {
          "coding": [
            {
              "system": "http://terminology.hl7.org/CodeSystem/allergyintolerance-clinical",
              "code": "resolved",
              "display": "Resolved"
            }
          ]
        },
        "verificationStatus": {
          "coding": [
            {
              "system": "http://terminology.hl7.org/CodeSystem/allergyintolerance-verification",
              "code": "confirmed",
              "display": "Confirmed"
            }
          ]
        },
        "type": "allergy",
        "category": ["food"],
        "criticality": "low",
        "code": {
          "coding": [
            {
              "system": "http://www.nlm.nih.gov/research/umls/rxnorm",
              "code": "7980",
              "display": "Peanuts"
            }
          ]
        },
        "patient": {
          "reference": "Patient/324206db-c405-42e8-860d-838ce9589071"
        },
        "onsetAge": {
          "value": 18,
          "system": "http://unitsofmeasure.org",
          "code": "a",
          "comparator": "<",
          "unit": "months"
        },
        "recordedDate": "2021-03-12T13:50:12.324-05:00"
      },
      "search": {
        "mode": "match"
      }
    },
    {
      "resource": {
        "resourceType": "AllergyIntolerance",
        "id": "4CX9-Cucx8oPfAv7-2fU5xsST5JvOKb6onWq2m5qx3N",
        "meta": {
          "versionId": "2",
          "lastUpdated": "2021-07-27T02:04:06.007+00:00",
          "profile": [
            "http://hl7.org/fhir/us/core/StructureDefinition/us-core-allergyintolerance"
          ],
          "tag": [
            {
              "system": "http://changehealthcare.com/interop/hdc/sender_id",
              "code": "93706192ba57436c8e3caf633758ee66"
            },
            {
              "system": "http://changehealthcare.com/interop/hdc/usageindicator",
              "code": "t"
            },
            {
              "system": "http://changehealthcare.com/interop/hdc/record_type",
              "code": "A"
            },
            {
              "system": "http://changehealthcare.com/interop/hdc/date_time_reported",
              "code": "2021-04-26 00:00:00"
            },
            {
              "system": "http://changehealthcare.com/interop/hdc/tdt_epoch",
              "code": "1627345661167"
            },
            {
              "system": "http://changehealthcare.com/interop/hdc/tdt_iteration",
              "code": "1"
            },
            {
              "system": "http://changehealthcare.com/interop/hdc/record_uuid",
              "code": "324206db-c405-42e8-860d-838ce9589071"
            },
            {
              "system": "http://changehealthcare.com/interop/hdc/file_location",
              "code": "s3://enterprise-datalake-ingress-preprod-us-east-1/interoperability/valid/clinical"
            }
          ]
        },
        "identifier": [
          {
            "value": "5983ac30-077b-4009-9c49-5f4b025a58c7"
          }
        ],
        "clinicalStatus": {
          "coding": [
            {
              "system": "http://terminology.hl7.org/CodeSystem/allergyintolerance-clinical",
              "code": "active",
              "display": "Active"
            }
          ]
        },
        "verificationStatus": {
          "coding": [
            {
              "system": "http://terminology.hl7.org/CodeSystem/allergyintolerance-verification",
              "code": "unconfirmed",
              "display": "Unconfirmed"
            }
          ]
        },
        "type": "intolerance",
        "category": ["medication"],
        "criticality": "moderate",
        "code": {
          "coding": [
            {
              "system": "http://snomed.info/sct",
              "code": "782415009",
              "display": "Penicillin"
            }
          ]
        },
        "patient": {
          "reference": "Patient/324206db-c405-42e8-860d-838ce9589071"
        },
        "onsetAge": {
          "value": 15,
          "system": "http://unitsofmeasure.org",
          "code": "a"
        },
        "recordedDate": "2021-03-12T13:50:12.324-05:00",
        "reaction": [
          {
            "manifestation": [
              {
                "coding": [
                  {
                    "system": "http://snomed.info/sct",
                    "code": "49237006",
                    "display": "Hives, rash and itching"
                  }
                ]
              },
              {
                "coding": [
                  {
                    "system": "http://snomed.info/sct",
                    "code": "49237007",
                    "display": "Hives and itching"
                  }
                ]
              }
            ]
          }
        ]
      },
      "search": {
        "mode": "match"
      }
    }
  ]
}
