{
  "resourceType": "Bundle",
  "id": "f9a67fc0-daa9-40c6-a09a-751c8d0e19e9",
  "meta": { "lastUpdated": "2022-04-10T20:20:03.039+00:00" },
  "type": "searchset",
  "link": [{ "relation": "self", "url": "/CarePlan" }],
  "entry": [
    {
      "resource": {
        "resourceType": "CarePlan",
        "id": "d1WUXAWpXsqpjpsjj--1gkC4ESV6VWF1mKfgaQXraoM",
        "meta": {
          "versionId": "1",
          "lastUpdated": "2021-09-17T11:50:29.466+00:00",
          "profile": [
            "http://hl7.org/fhir/us/core/StructureDefinition/us-core-careplan"
          ],
          "tag": [
            {
              "system": "http://changehealthcare.com/interop/hdc/sender_id",
              "code": "740b8dd63c504e7fbb1559f1d951d63d"
            },
            {
              "system": "http://changehealthcare.com/interop/hdc/usageindicator",
              "code": "t"
            },
            {
              "system": "http://changehealthcare.com/interop/hdc/record_type",
              "code": "A"
            },
            {
              "system": "http://changehealthcare.com/interop/hdc/date_time_reported",
              "code": "2021-04-26 00:00:00"
            },
            {
              "system": "http://changehealthcare.com/interop/hdc/tdt_epoch",
              "code": "1627345661167"
            },
            {
              "system": "http://changehealthcare.com/interop/hdc/tdt_iteration",
              "code": "1"
            },
            {
              "system": "http://changehealthcare.com/interop/hdc/record_uuid",
              "code": "13b5e91a-79f0-4266-ae9b-1155e207f039"
            },
            {
              "system": "http://changehealthcare.com/interop/hdc/file_location",
              "code": "s3://enterprise-datalake-ingress-preprod-us-east-1/interoperability/valid/clinical"
            }
          ]
        },
        "text": {
          "status": "additional",
          "div": "<div xmlns=\"http://www.w3.org/1999/xhtml\"><p>This is an <i>example</i> with some <b>xhtml</b> formatting. </p></div>"
        },
        "identifier": [{ "value": "503e5112-e156-4358-ad1e-133c5a728d22" }],
        "status": "unknown",
        "intent": "proposal",
        "category": [
          {
            "coding": [
              {
                "system": "http://hl7.org/fhir/us/core/CodeSystem/careplan-category",
                "code": "assess-plan",
                "display": "Assessment and Plan of Treatment"
              }
            ]
          }
        ],
        "subject": {
          "reference": "Patient/13b5e91a-79f0-4266-ae9b-1155e207f039"
        }
      },
      "search": { "mode": "match" }
    },
    {
      "resource": {
        "resourceType": "CarePlan",
        "id": "Hw2NsYbKHuH-NnrEisA9wXvZk9js0xGvoJri1Z.aFFw",
        "meta": {
          "versionId": "1",
          "lastUpdated": "2021-09-17T11:50:29.602+00:00",
          "profile": [
            "http://hl7.org/fhir/us/core/StructureDefinition/us-core-careplan"
          ],
          "tag": [
            {
              "system": "http://changehealthcare.com/interop/hdc/sender_id",
              "code": "93706192ba57436c8e3caf633758ee66"
            },
            {
              "system": "http://changehealthcare.com/interop/hdc/usageindicator",
              "code": "t"
            },
            {
              "system": "http://changehealthcare.com/interop/hdc/record_type",
              "code": "A"
            },
            {
              "system": "http://changehealthcare.com/interop/hdc/date_time_reported",
              "code": "2021-08-26 00:01:10"
            },
            {
              "system": "http://changehealthcare.com/interop/hdc/tdt_epoch",
              "code": "1630369762286"
            },
            {
              "system": "http://changehealthcare.com/interop/hdc/tdt_iteration",
              "code": "1"
            },
            {
              "system": "http://changehealthcare.com/interop/hdc/record_uuid",
              "code": "bc64bb29-151a-467d-90ed-bbbff048782c"
            },
            {
              "system": "http://changehealthcare.com/interop/hdc/file_location",
              "code": "s3://enterprise-datalake-ingress-preprod-us-east-1/interoperability/valid/clinical"
            }
          ]
        },
        "text": {
          "status": "additional",
          "div": "<div xmlns=\"http://www.w3.org/1999/xhtml\"><p>This is an <i>example</i> with some <b>xhtml</b> formatting. </p></div>"
        },
        "identifier": [{ "value": "503e5112-e156-4358-ad1e-133c5a728d22" }],
        "status": "unknown",
        "intent": "proposal",
        "category": [
          {
            "coding": [
              {
                "system": "http://hl7.org/fhir/us/core/CodeSystem/careplan-category",
                "code": "assess-plan",
                "display": "Assessment and Plan of Treatment"
              }
            ]
          }
        ],
        "subject": {
          "reference": "Patient/bc64bb29-151a-467d-90ed-bbbff048782c"
        }
      },
      "search": { "mode": "match" }
    },
    {
      "resource": {
        "resourceType": "CarePlan",
        "id": "RzjnE.BLHas6IV3JeN9rZoxdgu4NDnBwh8LGNTzOtUk",
        "meta": {
          "versionId": "2",
          "lastUpdated": "2021-09-17T11:50:36.902+00:00",
          "profile": [
            "http://hl7.org/fhir/us/core/StructureDefinition/us-core-careplan"
          ],
          "tag": [
            {
              "system": "http://changehealthcare.com/interop/hdc/sender_id",
              "code": "93706192ba57436c8e3caf633758ee66"
            },
            {
              "system": "http://changehealthcare.com/interop/hdc/usageindicator",
              "code": "t"
            },
            {
              "system": "http://changehealthcare.com/interop/hdc/record_type",
              "code": "A"
            },
            {
              "system": "http://changehealthcare.com/interop/hdc/date_time_reported",
              "code": "2021-08-26 00:01:10"
            },
            {
              "system": "http://changehealthcare.com/interop/hdc/tdt_epoch",
              "code": "1630369762286"
            },
            {
              "system": "http://changehealthcare.com/interop/hdc/tdt_iteration",
              "code": "1"
            },
            {
              "system": "http://changehealthcare.com/interop/hdc/record_uuid",
              "code": "31900355-26ad-4b7a-8705-90fbaccf8fc3"
            },
            {
              "system": "http://changehealthcare.com/interop/hdc/file_location",
              "code": "s3://enterprise-datalake-ingress-preprod-us-east-1/interoperability/valid/clinical"
            }
          ]
        },
        "text": {
          "status": "additional",
          "div": "<div xmlns=\"http://www.w3.org/1999/xhtml\"><p>This is an <i>example</i> with some <b>xhtml</b> formatting. </p></div>"
        },
        "identifier": [{ "value": "8e3b2b33-bac7-4be4-bb3e-2308d5983b4d" }],
        "status": "unknown",
        "intent": "proposal",
        "category": [
          {
            "coding": [
              {
                "system": "http://hl7.org/fhir/us/core/CodeSystem/careplan-category",
                "code": "assess-plan",
                "display": "Assessment and Plan of Treatment"
              }
            ]
          }
        ],
        "subject": {
          "reference": "Patient/31900355-26ad-4b7a-8705-90fbaccf8fc3"
        }
      },
      "search": { "mode": "match" }
    },
    {
      "resource": {
        "resourceType": "CarePlan",
        "id": "I8xV409L03bDc2JLW8Z0fGY1EkwzeoghN5-SaRfCP8M",
        "meta": {
          "versionId": "3",
          "lastUpdated": "2021-11-02T20:22:49.134+00:00",
          "profile": [
            "http://hl7.org/fhir/us/core/StructureDefinition/us-core-careplan"
          ],
          "tag": [
            {
              "system": "http://changehealthcare.com/interop/hdc/sender_id",
              "code": "93706192ba57436c8e3caf633758ee66"
            },
            {
              "system": "http://changehealthcare.com/interop/hdc/usageindicator",
              "code": "t"
            },
            {
              "system": "http://changehealthcare.com/interop/hdc/record_type",
              "code": "A"
            },
            {
              "system": "http://changehealthcare.com/interop/hdc/date_time_reported",
              "code": "2021-10-07 03:01:20"
            },
            {
              "system": "http://changehealthcare.com/interop/hdc/tdt_epoch",
              "code": "1635876957245"
            },
            {
              "system": "http://changehealthcare.com/interop/hdc/tdt_iteration",
              "code": "1"
            },
            {
              "system": "http://changehealthcare.com/interop/hdc/record_uuid",
              "code": "9e992b1a-455d-471f-a2af-9181e194877b"
            },
            {
              "system": "http://changehealthcare.com/interop/hdc/file_location",
              "code": "s3://enterprise-datalake-ingress-preprod-us-east-1/interoperability/valid/clinical"
            }
          ]
        },
        "text": {
          "status": "additional",
          "div": "<div xmlns=\"http://www.w3.org/1999/xhtml\"><p>This is an <i>example</i> with some <b>xhtml</b> formatting. </p></div>"
        },
        "identifier": [{ "value": "00ac60d9-bc8a-489a-9602-cdb84643bd0c" }],
        "status": "unknown",
        "intent": "proposal",
        "category": [
          {
            "coding": [
              {
                "system": "http://hl7.org/fhir/us/core/CodeSystem/careplan-category",
                "code": "assess-plan",
                "display": "Assessment and Plan of Treatment"
              }
            ]
          }
        ],
        "subject": {
          "reference": "Patient/9e992b1a-455d-471f-a2af-9181e194877b"
        }
      },
      "search": { "mode": "match" }
    },
    {
      "resource": {
        "resourceType": "CarePlan",
        "id": "BQCjw87Zoepr8dImBN.zEP4q2l8snR1hmxNJKEW7PBM",
        "meta": {
          "versionId": "1",
          "lastUpdated": "2021-09-17T11:50:47.152+00:00",
          "profile": [
            "http://hl7.org/fhir/us/core/StructureDefinition/us-core-careplan"
          ],
          "tag": [
            {
              "system": "http://changehealthcare.com/interop/hdc/sender_id",
              "code": "740b8dd63c504e7fbb1559f1d951d63d"
            },
            {
              "system": "http://changehealthcare.com/interop/hdc/usageindicator",
              "code": "t"
            },
            {
              "system": "http://changehealthcare.com/interop/hdc/record_type",
              "code": "A"
            },
            {
              "system": "http://changehealthcare.com/interop/hdc/date_time_reported",
              "code": "2021-04-26 00:00:00"
            },
            {
              "system": "http://changehealthcare.com/interop/hdc/tdt_epoch",
              "code": "1627345661167"
            },
            {
              "system": "http://changehealthcare.com/interop/hdc/tdt_iteration",
              "code": "1"
            },
            {
              "system": "http://changehealthcare.com/interop/hdc/record_uuid",
              "code": "244474e6-0ab7-4d0b-b0e3-db18fc888915"
            },
            {
              "system": "http://changehealthcare.com/interop/hdc/file_location",
              "code": "s3://enterprise-datalake-ingress-preprod-us-east-1/interoperability/valid/clinical"
            }
          ]
        },
        "text": {
          "status": "additional",
          "div": "<div xmlns=\"http://www.w3.org/1999/xhtml\"><p>This is an <i>example</i> with some <b>xhtml</b> formatting. </p></div>"
        },
        "identifier": [{ "value": "8e3b2b33-bac7-4be4-bb3e-2308d5983b4d" }],
        "status": "unknown",
        "intent": "proposal",
        "category": [
          {
            "coding": [
              {
                "system": "http://hl7.org/fhir/us/core/CodeSystem/careplan-category",
                "code": "assess-plan",
                "display": "Assessment and Plan of Treatment"
              }
            ]
          }
        ],
        "subject": {
          "reference": "Patient/244474e6-0ab7-4d0b-b0e3-db18fc888915"
        }
      },
      "search": { "mode": "match" }
    },
    {
      "resource": {
        "resourceType": "CarePlan",
        "id": "Scc7W9DTTe-Y.-39soW35thMbRW31GmprusE8tOwt7s",
        "meta": {
          "versionId": "1",
          "lastUpdated": "2021-09-29T00:40:41.620+00:00",
          "profile": [
            "http://hl7.org/fhir/us/core/StructureDefinition/us-core-careplan"
          ],
          "tag": [
            {
              "system": "http://changehealthcare.com/interop/hdc/sender_id",
              "code": "93706192ba57436c8e3caf633758ee66"
            },
            {
              "system": "http://changehealthcare.com/interop/hdc/usageindicator",
              "code": "t"
            },
            {
              "system": "http://changehealthcare.com/interop/hdc/record_type",
              "code": "A"
            },
            {
              "system": "http://changehealthcare.com/interop/hdc/date_time_reported",
              "code": "2020-09-26 21:16:12"
            },
            {
              "system": "http://changehealthcare.com/interop/hdc/tdt_epoch",
              "code": "1632865458891"
            },
            {
              "system": "http://changehealthcare.com/interop/hdc/tdt_iteration",
              "code": "1"
            },
            {
              "system": "http://changehealthcare.com/interop/hdc/record_uuid",
              "code": "12091318-4987-4c5c-86f4-a1f4c69e1613"
            },
            {
              "system": "http://changehealthcare.com/interop/hdc/file_location",
              "code": "s3://enterprise-datalake-ingress-preprod-us-east-1/interoperability_historical/valid/clinical"
            }
          ]
        },
        "text": {
          "status": "additional",
          "div": "<div xmlns=\"http://www.w3.org/1999/xhtml\"><p>This is an <i>example</i> with some <b>xhtml</b> formatting. </p></div>"
        },
        "identifier": [{ "value": "bdfedde4-8de7-b527-0ba0-a6f3c658154a" }],
        "status": "unknown",
        "intent": "proposal",
        "category": [
          {
            "coding": [
              {
                "system": "http://hl7.org/fhir/us/core/CodeSystem/careplan-category",
                "code": "assess-plan",
                "display": "Assessment and Plan of Treatment"
              }
            ]
          }
        ],
        "subject": {
          "reference": "Patient/12091318-4987-4c5c-86f4-a1f4c69e1613"
        }
      },
      "search": { "mode": "match" }
    },
    {
      "resource": {
        "resourceType": "CarePlan",
        "id": "UEfIV-0phV2PotRhwxV6ZN3SfkkUG7GOQ3VykQSfvn4",
        "meta": {
          "versionId": "1",
          "lastUpdated": "2021-09-29T10:32:21.716+00:00",
          "profile": [
            "http://hl7.org/fhir/us/core/StructureDefinition/us-core-careplan"
          ],
          "tag": [
            {
              "system": "http://changehealthcare.com/interop/hdc/sender_id",
              "code": "93706192ba57436c8e3caf633758ee66"
            },
            {
              "system": "http://changehealthcare.com/interop/hdc/usageindicator",
              "code": "t"
            },
            {
              "system": "http://changehealthcare.com/interop/hdc/record_type",
              "code": "A"
            },
            {
              "system": "http://changehealthcare.com/interop/hdc/date_time_reported",
              "code": "2021-09-27 16:50:06"
            },
            {
              "system": "http://changehealthcare.com/interop/hdc/tdt_epoch",
              "code": "1632904948590"
            },
            {
              "system": "http://changehealthcare.com/interop/hdc/tdt_iteration",
              "code": "1"
            },
            {
              "system": "http://changehealthcare.com/interop/hdc/record_uuid",
              "code": "051f4d3e-9a19-432d-8c5c-b84ed6b9b243"
            },
            {
              "system": "http://changehealthcare.com/interop/hdc/file_location",
              "code": "s3://enterprise-datalake-ingress-preprod-us-east-1/interoperability_historical/valid/clinical"
            }
          ]
        },
        "text": {
          "status": "additional",
          "div": "<div xmlns=\"http://www.w3.org/1999/xhtml\"><p>This is an <i>example</i> with some <b>xhtml</b> formatting. </p></div>"
        },
        "identifier": [{ "value": "d80e2dbf-2b04-431d-aca8-7644e3104ac8" }],
        "status": "unknown",
        "intent": "proposal",
        "category": [
          {
            "coding": [
              {
                "system": "http://hl7.org/fhir/us/core/CodeSystem/careplan-category",
                "code": "assess-plan",
                "display": "Assessment and Plan of Treatment"
              }
            ]
          }
        ],
        "subject": {
          "reference": "Patient/051f4d3e-9a19-432d-8c5c-b84ed6b9b243"
        }
      },
      "search": { "mode": "match" }
    },
    {
      "resource": {
        "resourceType": "CarePlan",
        "id": "bxFx8xlofWbSLze0RDRneuWNzhF8GVNJ4ROVrTE0yT0",
        "meta": {
          "versionId": "1",
          "lastUpdated": "2021-10-01T12:31:16.698+00:00",
          "profile": [
            "http://hl7.org/fhir/us/core/StructureDefinition/us-core-careplan"
          ],
          "tag": [
            {
              "system": "http://changehealthcare.com/interop/hdc/sender_id",
              "code": "93706192ba57436c8e3caf633758ee66"
            },
            {
              "system": "http://changehealthcare.com/interop/hdc/usageindicator",
              "code": "t"
            },
            {
              "system": "http://changehealthcare.com/interop/hdc/record_type",
              "code": "A"
            },
            {
              "system": "http://changehealthcare.com/interop/hdc/date_time_reported",
              "code": "2021-09-22 23:16:12"
            },
            {
              "system": "http://changehealthcare.com/interop/hdc/tdt_epoch",
              "code": "1633082564673"
            },
            {
              "system": "http://changehealthcare.com/interop/hdc/tdt_iteration",
              "code": "1"
            },
            {
              "system": "http://changehealthcare.com/interop/hdc/record_uuid",
              "code": "e59494ea-375f-4b84-974e-d1ba70fae0fc"
            },
            {
              "system": "http://changehealthcare.com/interop/hdc/file_location",
              "code": "s3://enterprise-datalake-ingress-preprod-us-east-1/interoperability/valid/clinical"
            }
          ]
        },
        "text": {
          "status": "additional",
          "div": "<div xmlns=\"http://www.w3.org/1999/xhtml\"><p>This is an <i>example</i> with some <b>xhtml</b> formatting. </p></div>"
        },
        "identifier": [{ "value": "adfedde4-8de7-b527-0ba0-a6f3c658154a" }],
        "status": "unknown",
        "intent": "proposal",
        "category": [
          {
            "coding": [
              {
                "system": "http://hl7.org/fhir/us/core/CodeSystem/careplan-category",
                "code": "assess-plan",
                "display": "Assessment and Plan of Treatment"
              }
            ]
          }
        ],
        "subject": {
          "reference": "Patient/e59494ea-375f-4b84-974e-d1ba70fae0fc"
        }
      },
      "search": { "mode": "match" }
    }
  ]
}
