{
  "resourceType": "Bundle",
  "id": "48fed6e9-7161-416f-8a57-206a00a8074b",
  "meta": {
    "lastUpdated": "2021-11-11T12:29:14.846+00:00"
  },
  "type": "searchset",
  "link": [
    {
      "relation": "self",
      "url": "/Condition?_getpages=48fed6e9-7161-416f-8a57-206a00a8074b&_getpagesoffset=50&_count=50&_pretty=true&_bundletype=searchset"
    },
    {
      "relation": "previous",
      "url": "/Condition?_getpages=48fed6e9-7161-416f-8a57-206a00a8074b&_getpagesoffset=0&_count=50&_pretty=true&_bundletype=searchset"
    }
  ],
  "entry": [
    {
      "resource": {
        "resourceType": "Condition",
        "id": "fWOVDA8iX.M23mRb5ATiD8RmwXhbGVVKZZ8lhkGd3Qc",
        "meta": {
          "versionId": "2",
          "lastUpdated": "2021-09-17T11:50:56.684+00:00",
          "profile": [
            "http://hl7.org/fhir/us/core/StructureDefinition/us-core-condition"
          ],
          "tag": [
            {
              "system": "http://changehealthcare.com/interop/hdc/sender_id",
              "code": "93706192ba57436c8e3caf633758ee66"
            },
            {
              "system": "http://changehealthcare.com/interop/hdc/usageindicator",
              "code": "t"
            },
            {
              "system": "http://changehealthcare.com/interop/hdc/record_type",
              "code": "A"
            },
            {
              "system": "http://changehealthcare.com/interop/hdc/date_time_reported",
              "code": "2021-08-26 00:01:50"
            },
            {
              "system": "http://changehealthcare.com/interop/hdc/tdt_epoch",
              "code": "1630369762286"
            },
            {
              "system": "http://changehealthcare.com/interop/hdc/tdt_iteration",
              "code": "1"
            },
            {
              "system": "http://changehealthcare.com/interop/hdc/record_uuid",
              "code": "c4977a76-a810-4b9f-a3d8-4add1e54f293"
            },
            {
              "system": "http://changehealthcare.com/interop/hdc/file_location",
              "code": "s3://enterprise-datalake-ingress-preprod-us-east-1/interoperability/valid/clinical"
            }
          ]
        },
        "identifier": [
          {
            "value": "01-060118-920-25_14_1"
          }
        ],
        "category": [
          {
            "coding": [
              {
                "system": "http://terminology.hl7.org/CodeSystem/condition-category",
                "code": "encounter-diagnosis",
                "display": "Encounter Diagnosis"
              }
            ]
          }
        ],
        "code": {
          "coding": [
            {
              "system": "http://hl7.org/fhir/sid/icd-10-cm",
              "code": "S82.832D"
            }
          ]
        },
        "subject": {
          "reference": "Patient/c4977a76-a810-4b9f-a3d8-4add1e54f293"
        }
      },
      "search": {
        "mode": "match"
      }
    },
    {
      "resource": {
        "resourceType": "Condition",
        "id": "jjIifuziZ2Fcw8lHPZ7AKc2EhjVAYIw3oZKCMHSUhNU",
        "meta": {
          "versionId": "2",
          "lastUpdated": "2021-09-17T11:50:56.751+00:00",
          "profile": [
            "http://hl7.org/fhir/us/core/StructureDefinition/us-core-condition"
          ],
          "tag": [
            {
              "system": "http://changehealthcare.com/interop/hdc/sender_id",
              "code": "93706192ba57436c8e3caf633758ee66"
            },
            {
              "system": "http://changehealthcare.com/interop/hdc/usageindicator",
              "code": "t"
            },
            {
              "system": "http://changehealthcare.com/interop/hdc/record_type",
              "code": "A"
            },
            {
              "system": "http://changehealthcare.com/interop/hdc/date_time_reported",
              "code": "2021-08-26 00:01:50"
            },
            {
              "system": "http://changehealthcare.com/interop/hdc/tdt_epoch",
              "code": "1630369762286"
            },
            {
              "system": "http://changehealthcare.com/interop/hdc/tdt_iteration",
              "code": "1"
            },
            {
              "system": "http://changehealthcare.com/interop/hdc/record_uuid",
              "code": "c4977a76-a810-4b9f-a3d8-4add1e54f293"
            },
            {
              "system": "http://changehealthcare.com/interop/hdc/file_location",
              "code": "s3://enterprise-datalake-ingress-preprod-us-east-1/interoperability/valid/clinical"
            }
          ]
        },
        "identifier": [
          {
            "value": "01-042618-925-53_117_1"
          }
        ],
        "category": [
          {
            "coding": [
              {
                "system": "http://terminology.hl7.org/CodeSystem/condition-category",
                "code": "encounter-diagnosis",
                "display": "Encounter Diagnosis"
              }
            ]
          }
        ],
        "code": {
          "coding": [
            {
              "system": "http://hl7.org/fhir/sid/icd-10-cm",
              "code": "I82.599"
            }
          ]
        },
        "subject": {
          "reference": "Patient/c4977a76-a810-4b9f-a3d8-4add1e54f293"
        }
      },
      "search": {
        "mode": "match"
      }
    },
    {
      "resource": {
        "resourceType": "Condition",
        "id": "9vNgDoy44nkmzo-bvEMISJJmLNbcGfmBPrvkZ.rqDwo",
        "meta": {
          "versionId": "1",
          "lastUpdated": "2021-09-29T00:40:41.518+00:00",
          "profile": [
            "http://hl7.org/fhir/us/core/StructureDefinition/us-core-condition"
          ],
          "tag": [
            {
              "system": "http://changehealthcare.com/interop/hdc/sender_id",
              "code": "93706192ba57436c8e3caf633758ee66"
            },
            {
              "system": "http://changehealthcare.com/interop/hdc/usageindicator",
              "code": "t"
            },
            {
              "system": "http://changehealthcare.com/interop/hdc/record_type",
              "code": "A"
            },
            {
              "system": "http://changehealthcare.com/interop/hdc/date_time_reported",
              "code": "2020-09-26 21:16:12"
            },
            {
              "system": "http://changehealthcare.com/interop/hdc/tdt_epoch",
              "code": "1632865458891"
            },
            {
              "system": "http://changehealthcare.com/interop/hdc/tdt_iteration",
              "code": "1"
            },
            {
              "system": "http://changehealthcare.com/interop/hdc/record_uuid",
              "code": "12091318-4987-4c5c-86f4-a1f4c69e1613"
            },
            {
              "system": "http://changehealthcare.com/interop/hdc/file_location",
              "code": "s3://enterprise-datalake-ingress-preprod-us-east-1/interoperability_historical/valid/clinical"
            }
          ]
        },
        "identifier": [
          {
            "value": "4c00398d-ec72-e31b-142a-10cbc202ae57"
          }
        ],
        "clinicalStatus": {
          "coding": [
            {
              "system": "http://terminology.hl7.org/CodeSystem/condition-clinical",
              "code": "resolved",
              "display": "Resolved"
            }
          ]
        },
        "verificationStatus": {
          "coding": [
            {
              "system": "http://terminology.hl7.org/CodeSystem/condition-ver-status",
              "code": "confirmed",
              "display": "Confirmed"
            }
          ]
        },
        "category": [
          {
            "coding": [
              {
                "system": "http://terminology.hl7.org/CodeSystem/condition-category",
                "code": "problem-list-item",
                "display": "Problem List Item"
              }
            ]
          }
        ],
        "severity": {
          "coding": [
            {
              "system": "http://snomed.info/sct",
              "display": "moderate"
            }
          ]
        },
        "code": {
          "coding": [
            {
              "system": "http://snomed.info/sct",
              "code": "10509002",
              "display": "Acute bronchitis (disorder)"
            }
          ]
        },
        "subject": {
          "reference": "Patient/12091318-4987-4c5c-86f4-a1f4c69e1613"
        },
        "onsetString": "Acute bronchitis (disorder)",
        "abatementString": "str1234",
        "recordedDate": "2021-04-13T17:50:06Z"
      },
      "search": {
        "mode": "match"
      }
    },
    {
      "resource": {
        "resourceType": "Condition",
        "id": "wWLJCIaZFJfqpoPDIX9zPGLynyawdPQmtYPMv5UGnWU",
        "meta": {
          "versionId": "1",
          "lastUpdated": "2021-09-29T00:40:41.544+00:00",
          "profile": [
            "http://hl7.org/fhir/us/core/StructureDefinition/us-core-condition"
          ],
          "tag": [
            {
              "system": "http://changehealthcare.com/interop/hdc/sender_id",
              "code": "93706192ba57436c8e3caf633758ee66"
            },
            {
              "system": "http://changehealthcare.com/interop/hdc/usageindicator",
              "code": "t"
            },
            {
              "system": "http://changehealthcare.com/interop/hdc/record_type",
              "code": "A"
            },
            {
              "system": "http://changehealthcare.com/interop/hdc/date_time_reported",
              "code": "2020-09-26 21:16:12"
            },
            {
              "system": "http://changehealthcare.com/interop/hdc/tdt_epoch",
              "code": "1632865458891"
            },
            {
              "system": "http://changehealthcare.com/interop/hdc/tdt_iteration",
              "code": "1"
            },
            {
              "system": "http://changehealthcare.com/interop/hdc/record_uuid",
              "code": "12091318-4987-4c5c-86f4-a1f4c69e1613"
            },
            {
              "system": "http://changehealthcare.com/interop/hdc/file_location",
              "code": "s3://enterprise-datalake-ingress-preprod-us-east-1/interoperability_historical/valid/clinical"
            }
          ]
        },
        "identifier": [
          {
            "value": "f9ded9c5-43b3-e8ba-d348-f939e995ca29"
          }
        ],
        "clinicalStatus": {
          "coding": [
            {
              "system": "http://terminology.hl7.org/CodeSystem/condition-clinical",
              "code": "resolved",
              "display": "Resolved"
            }
          ]
        },
        "verificationStatus": {
          "coding": [
            {
              "system": "http://terminology.hl7.org/CodeSystem/condition-ver-status",
              "code": "confirmed",
              "display": "Confirmed"
            }
          ]
        },
        "category": [
          {
            "coding": [
              {
                "system": "http://terminology.hl7.org/CodeSystem/condition-category",
                "code": "problem-list-item",
                "display": "Problem List Item"
              }
            ]
          }
        ],
        "severity": {
          "coding": [
            {
              "system": "http://snomed.info/sct",
              "display": "moderate"
            }
          ]
        },
        "code": {
          "coding": [
            {
              "system": "http://snomed.info/sct",
              "code": "444814009",
              "display": "Viral sinusitis (disorder)"
            }
          ]
        },
        "subject": {
          "reference": "Patient/12091318-4987-4c5c-86f4-a1f4c69e1613"
        },
        "onsetString": "Viral sinusitis (disorder)",
        "abatementString": "str1234",
        "recordedDate": "2021-04-13T17:50:06Z"
      },
      "search": {
        "mode": "match"
      }
    },
    {
      "resource": {
        "resourceType": "Condition",
        "id": "3b5urBBuNCPXD0SMbangEowH1kV7z3VBKPP2-ETU7Yc",
        "meta": {
          "versionId": "1",
          "lastUpdated": "2021-09-29T00:40:41.550+00:00",
          "profile": [
            "http://hl7.org/fhir/us/core/StructureDefinition/us-core-condition"
          ],
          "tag": [
            {
              "system": "http://changehealthcare.com/interop/hdc/sender_id",
              "code": "93706192ba57436c8e3caf633758ee66"
            },
            {
              "system": "http://changehealthcare.com/interop/hdc/usageindicator",
              "code": "t"
            },
            {
              "system": "http://changehealthcare.com/interop/hdc/record_type",
              "code": "A"
            },
            {
              "system": "http://changehealthcare.com/interop/hdc/date_time_reported",
              "code": "2020-09-26 21:16:12"
            },
            {
              "system": "http://changehealthcare.com/interop/hdc/tdt_epoch",
              "code": "1632865458891"
            },
            {
              "system": "http://changehealthcare.com/interop/hdc/tdt_iteration",
              "code": "1"
            },
            {
              "system": "http://changehealthcare.com/interop/hdc/record_uuid",
              "code": "12091318-4987-4c5c-86f4-a1f4c69e1613"
            },
            {
              "system": "http://changehealthcare.com/interop/hdc/file_location",
              "code": "s3://enterprise-datalake-ingress-preprod-us-east-1/interoperability_historical/valid/clinical"
            }
          ]
        },
        "identifier": [
          {
            "value": "ab11198b-d2cd-4030-e950-ca98cc3a9f8e"
          }
        ],
        "clinicalStatus": {
          "coding": [
            {
              "system": "http://terminology.hl7.org/CodeSystem/condition-clinical",
              "code": "resolved",
              "display": "Resolved"
            }
          ]
        },
        "verificationStatus": {
          "coding": [
            {
              "system": "http://terminology.hl7.org/CodeSystem/condition-ver-status",
              "code": "confirmed",
              "display": "Confirmed"
            }
          ]
        },
        "category": [
          {
            "coding": [
              {
                "system": "http://terminology.hl7.org/CodeSystem/condition-category",
                "code": "problem-list-item",
                "display": "Problem List Item"
              }
            ]
          }
        ],
        "severity": {
          "coding": [
            {
              "system": "http://snomed.info/sct",
              "display": "moderate"
            }
          ]
        },
        "code": {
          "coding": [
            {
              "system": "http://snomed.info/sct",
              "code": "263102004",
              "display": "Fracture subluxation of wrist (disorder)"
            }
          ]
        },
        "subject": {
          "reference": "Patient/12091318-4987-4c5c-86f4-a1f4c69e1613"
        },
        "onsetString": "Fracture subluxation of wrist",
        "abatementString": "str1234",
        "recordedDate": "2021-04-13T17:50:06Z"
      },
      "search": {
        "mode": "match"
      }
    },
    {
      "resource": {
        "resourceType": "Condition",
        "id": "beHM.-vMT05NFk0jWJmQcmmVjkjyBsYLRx-k1HLhRio",
        "meta": {
          "versionId": "1",
          "lastUpdated": "2021-09-29T00:40:41.565+00:00",
          "profile": [
            "http://hl7.org/fhir/us/core/StructureDefinition/us-core-condition"
          ],
          "tag": [
            {
              "system": "http://changehealthcare.com/interop/hdc/sender_id",
              "code": "93706192ba57436c8e3caf633758ee66"
            },
            {
              "system": "http://changehealthcare.com/interop/hdc/usageindicator",
              "code": "t"
            },
            {
              "system": "http://changehealthcare.com/interop/hdc/record_type",
              "code": "A"
            },
            {
              "system": "http://changehealthcare.com/interop/hdc/date_time_reported",
              "code": "2020-09-26 21:16:12"
            },
            {
              "system": "http://changehealthcare.com/interop/hdc/tdt_epoch",
              "code": "1632865458891"
            },
            {
              "system": "http://changehealthcare.com/interop/hdc/tdt_iteration",
              "code": "1"
            },
            {
              "system": "http://changehealthcare.com/interop/hdc/record_uuid",
              "code": "12091318-4987-4c5c-86f4-a1f4c69e1613"
            },
            {
              "system": "http://changehealthcare.com/interop/hdc/file_location",
              "code": "s3://enterprise-datalake-ingress-preprod-us-east-1/interoperability_historical/valid/clinical"
            }
          ]
        },
        "identifier": [
          {
            "value": "4ed5e123-f057-3ce6-b66a-3823e127c049"
          }
        ],
        "clinicalStatus": {
          "coding": [
            {
              "system": "http://terminology.hl7.org/CodeSystem/condition-clinical",
              "code": "resolved",
              "display": "Resolved"
            }
          ]
        },
        "verificationStatus": {
          "coding": [
            {
              "system": "http://terminology.hl7.org/CodeSystem/condition-ver-status",
              "code": "confirmed",
              "display": "Confirmed"
            }
          ]
        },
        "category": [
          {
            "coding": [
              {
                "system": "http://terminology.hl7.org/CodeSystem/condition-category",
                "code": "problem-list-item",
                "display": "Problem List Item"
              }
            ]
          }
        ],
        "severity": {
          "coding": [
            {
              "system": "http://snomed.info/sct",
              "display": "moderate"
            }
          ]
        },
        "code": {
          "coding": [
            {
              "system": "http://snomed.info/sct",
              "code": "195662009",
              "display": "Acute viral pharyngitis (disorder)"
            }
          ]
        },
        "subject": {
          "reference": "Patient/12091318-4987-4c5c-86f4-a1f4c69e1613"
        },
        "onsetString": "Acute viral pharyngitis (disorder)",
        "abatementString": "str1234",
        "recordedDate": "2021-04-13T17:50:06Z"
      },
      "search": {
        "mode": "match"
      }
    },
    {
      "resource": {
        "resourceType": "Condition",
        "id": "-13zk9LWTuqYZePq4iLzqg4qI7aoBb53cEwct8Q2QwU",
        "meta": {
          "versionId": "1",
          "lastUpdated": "2021-09-29T00:40:41.578+00:00",
          "profile": [
            "http://hl7.org/fhir/us/core/StructureDefinition/us-core-condition"
          ],
          "tag": [
            {
              "system": "http://changehealthcare.com/interop/hdc/sender_id",
              "code": "93706192ba57436c8e3caf633758ee66"
            },
            {
              "system": "http://changehealthcare.com/interop/hdc/usageindicator",
              "code": "t"
            },
            {
              "system": "http://changehealthcare.com/interop/hdc/record_type",
              "code": "A"
            },
            {
              "system": "http://changehealthcare.com/interop/hdc/date_time_reported",
              "code": "2020-09-26 21:16:12"
            },
            {
              "system": "http://changehealthcare.com/interop/hdc/tdt_epoch",
              "code": "1632865458891"
            },
            {
              "system": "http://changehealthcare.com/interop/hdc/tdt_iteration",
              "code": "1"
            },
            {
              "system": "http://changehealthcare.com/interop/hdc/record_uuid",
              "code": "12091318-4987-4c5c-86f4-a1f4c69e1613"
            },
            {
              "system": "http://changehealthcare.com/interop/hdc/file_location",
              "code": "s3://enterprise-datalake-ingress-preprod-us-east-1/interoperability_historical/valid/clinical"
            }
          ]
        },
        "identifier": [
          {
            "value": "48fc85cd-0a74-ab23-4025-2a62647e156d"
          }
        ],
        "clinicalStatus": {
          "coding": [
            {
              "system": "http://terminology.hl7.org/CodeSystem/condition-clinical",
              "code": "resolved",
              "display": "Resolved"
            }
          ]
        },
        "verificationStatus": {
          "coding": [
            {
              "system": "http://terminology.hl7.org/CodeSystem/condition-ver-status",
              "code": "confirmed",
              "display": "Confirmed"
            }
          ]
        },
        "category": [
          {
            "coding": [
              {
                "system": "http://terminology.hl7.org/CodeSystem/condition-category",
                "code": "problem-list-item",
                "display": "Problem List Item"
              }
            ]
          }
        ],
        "severity": {
          "coding": [
            {
              "system": "http://snomed.info/sct",
              "display": "moderate"
            }
          ]
        },
        "code": {
          "coding": [
            {
              "system": "http://snomed.info/sct",
              "code": "444814009",
              "display": "Viral sinusitis (disorder)"
            }
          ]
        },
        "subject": {
          "reference": "Patient/12091318-4987-4c5c-86f4-a1f4c69e1613"
        },
        "onsetString": "Viral sinusitis (disorder)",
        "abatementString": "str1234",
        "recordedDate": "2021-04-13T17:50:06Z"
      },
      "search": {
        "mode": "match"
      }
    },
    {
      "resource": {
        "resourceType": "Condition",
        "id": "NK2obisOxKd8gG-8dKVX0PNsZLiQA1NuJawLeG7vvXk",
        "meta": {
          "versionId": "1",
          "lastUpdated": "2021-09-29T00:40:41.591+00:00",
          "profile": [
            "http://hl7.org/fhir/us/core/StructureDefinition/us-core-condition"
          ],
          "tag": [
            {
              "system": "http://changehealthcare.com/interop/hdc/sender_id",
              "code": "93706192ba57436c8e3caf633758ee66"
            },
            {
              "system": "http://changehealthcare.com/interop/hdc/usageindicator",
              "code": "t"
            },
            {
              "system": "http://changehealthcare.com/interop/hdc/record_type",
              "code": "A"
            },
            {
              "system": "http://changehealthcare.com/interop/hdc/date_time_reported",
              "code": "2020-09-26 21:16:12"
            },
            {
              "system": "http://changehealthcare.com/interop/hdc/tdt_epoch",
              "code": "1632865458891"
            },
            {
              "system": "http://changehealthcare.com/interop/hdc/tdt_iteration",
              "code": "1"
            },
            {
              "system": "http://changehealthcare.com/interop/hdc/record_uuid",
              "code": "12091318-4987-4c5c-86f4-a1f4c69e1613"
            },
            {
              "system": "http://changehealthcare.com/interop/hdc/file_location",
              "code": "s3://enterprise-datalake-ingress-preprod-us-east-1/interoperability_historical/valid/clinical"
            }
          ]
        },
        "identifier": [
          {
            "value": "d674e7f4-2be5-53a6-caf6-838305cb4950"
          }
        ],
        "clinicalStatus": {
          "coding": [
            {
              "system": "http://terminology.hl7.org/CodeSystem/condition-clinical",
              "code": "active",
              "display": "Active"
            }
          ]
        },
        "verificationStatus": {
          "coding": [
            {
              "system": "http://terminology.hl7.org/CodeSystem/condition-ver-status",
              "code": "unconfirmed",
              "display": "Unconfirmed"
            }
          ]
        },
        "category": [
          {
            "coding": [
              {
                "system": "http://terminology.hl7.org/CodeSystem/condition-category",
                "code": "problem-list-item",
                "display": "Problem List Item"
              }
            ]
          }
        ],
        "severity": {
          "coding": [
            {
              "system": "http://snomed.info/sct",
              "display": "moderate"
            }
          ]
        },
        "code": {
          "coding": [
            {
              "system": "http://snomed.info/sct",
              "code": "15777000",
              "display": "Prediabetes (disorder)"
            }
          ]
        },
        "subject": {
          "reference": "Patient/12091318-4987-4c5c-86f4-a1f4c69e1613"
        },
        "onsetString": "Prediabetes",
        "abatementString": "str1234",
        "recordedDate": "2021-04-13T17:50:06Z"
      },
      "search": {
        "mode": "match"
      }
    },
    {
      "resource": {
        "resourceType": "Condition",
        "id": "j3t0gaYT3TJsp4Ad7QFO8eGW1X-Ib6WR6bpRFB2szVE",
        "meta": {
          "versionId": "1",
          "lastUpdated": "2021-09-29T10:32:21.597+00:00",
          "profile": [
            "http://hl7.org/fhir/us/core/StructureDefinition/us-core-condition"
          ],
          "tag": [
            {
              "system": "http://changehealthcare.com/interop/hdc/sender_id",
              "code": "93706192ba57436c8e3caf633758ee66"
            },
            {
              "system": "http://changehealthcare.com/interop/hdc/usageindicator",
              "code": "t"
            },
            {
              "system": "http://changehealthcare.com/interop/hdc/record_type",
              "code": "A"
            },
            {
              "system": "http://changehealthcare.com/interop/hdc/date_time_reported",
              "code": "2021-09-27 16:50:06"
            },
            {
              "system": "http://changehealthcare.com/interop/hdc/tdt_epoch",
              "code": "1632904948590"
            },
            {
              "system": "http://changehealthcare.com/interop/hdc/tdt_iteration",
              "code": "1"
            },
            {
              "system": "http://changehealthcare.com/interop/hdc/record_uuid",
              "code": "051f4d3e-9a19-432d-8c5c-b84ed6b9b243"
            },
            {
              "system": "http://changehealthcare.com/interop/hdc/file_location",
              "code": "s3://enterprise-datalake-ingress-preprod-us-east-1/interoperability_historical/valid/clinical"
            }
          ]
        },
        "identifier": [
          {
            "value": "1570684f-725f-4121-a9d0-b2cc3fc3268e"
          }
        ],
        "clinicalStatus": {
          "coding": [
            {
              "system": "http://terminology.hl7.org/CodeSystem/condition-clinical",
              "code": "active",
              "display": "Active"
            }
          ]
        },
        "verificationStatus": {
          "coding": [
            {
              "system": "http://terminology.hl7.org/CodeSystem/condition-ver-status",
              "code": "unconfirmed",
              "display": "Unconfirmed"
            }
          ]
        },
        "category": [
          {
            "coding": [
              {
                "system": "http://terminology.hl7.org/CodeSystem/condition-category",
                "code": "problem-list-item",
                "display": "Problem List Item"
              }
            ]
          }
        ],
        "severity": {
          "coding": [
            {
              "system": "http://snomed.info/sct",
              "display": "moderate"
            }
          ]
        },
        "code": {
          "coding": [
            {
              "system": "http://snomed.info/sct",
              "code": "15777000",
              "display": "Prediabetes (disorder)"
            }
          ]
        },
        "subject": {
          "reference": "Patient/051f4d3e-9a19-432d-8c5c-b84ed6b9b243"
        },
        "onsetString": "Prediabetes",
        "abatementString": "str1234",
        "recordedDate": "2020-04-13T17:50:06Z"
      },
      "search": {
        "mode": "match"
      }
    },
    {
      "resource": {
        "resourceType": "Condition",
        "id": "B3YOzDYf4wNYyHG2zPJtkbGX9KOzI2qQwg238BljKv8",
        "meta": {
          "versionId": "1",
          "lastUpdated": "2021-09-29T10:32:21.631+00:00",
          "profile": [
            "http://hl7.org/fhir/us/core/StructureDefinition/us-core-condition"
          ],
          "tag": [
            {
              "system": "http://changehealthcare.com/interop/hdc/sender_id",
              "code": "93706192ba57436c8e3caf633758ee66"
            },
            {
              "system": "http://changehealthcare.com/interop/hdc/usageindicator",
              "code": "t"
            },
            {
              "system": "http://changehealthcare.com/interop/hdc/record_type",
              "code": "A"
            },
            {
              "system": "http://changehealthcare.com/interop/hdc/date_time_reported",
              "code": "2021-09-27 16:50:06"
            },
            {
              "system": "http://changehealthcare.com/interop/hdc/tdt_epoch",
              "code": "1632904948590"
            },
            {
              "system": "http://changehealthcare.com/interop/hdc/tdt_iteration",
              "code": "1"
            },
            {
              "system": "http://changehealthcare.com/interop/hdc/record_uuid",
              "code": "051f4d3e-9a19-432d-8c5c-b84ed6b9b243"
            },
            {
              "system": "http://changehealthcare.com/interop/hdc/file_location",
              "code": "s3://enterprise-datalake-ingress-preprod-us-east-1/interoperability_historical/valid/clinical"
            }
          ]
        },
        "identifier": [
          {
            "value": "c6d88e6a-d886-42ba-b5a5-09c4dc31e6ae"
          }
        ],
        "clinicalStatus": {
          "coding": [
            {
              "system": "http://terminology.hl7.org/CodeSystem/condition-clinical",
              "code": "resolved",
              "display": "Resolved"
            }
          ]
        },
        "verificationStatus": {
          "coding": [
            {
              "system": "http://terminology.hl7.org/CodeSystem/condition-ver-status",
              "code": "confirmed",
              "display": "Confirmed"
            }
          ]
        },
        "category": [
          {
            "coding": [
              {
                "system": "http://terminology.hl7.org/CodeSystem/condition-category",
                "code": "problem-list-item",
                "display": "Problem List Item"
              }
            ]
          }
        ],
        "severity": {
          "coding": [
            {
              "system": "http://snomed.info/sct",
              "display": "moderate"
            }
          ]
        },
        "code": {
          "coding": [
            {
              "system": "http://snomed.info/sct",
              "code": "195662009",
              "display": "Acute viral pharyngitis (disorder)"
            }
          ]
        },
        "subject": {
          "reference": "Patient/051f4d3e-9a19-432d-8c5c-b84ed6b9b243"
        },
        "onsetString": "Acute viral pharyngitis (disorder)",
        "abatementString": "It went away",
        "recordedDate": "2020-04-13T17:50:06Z"
      },
      "search": {
        "mode": "match"
      }
    },
    {
      "resource": {
        "resourceType": "Condition",
        "id": "InGINty5JcBakAUfvbCl.BpeiDB.95u7NAO8nF8BUnQ",
        "meta": {
          "versionId": "1",
          "lastUpdated": "2021-09-29T10:32:21.631+00:00",
          "profile": [
            "http://hl7.org/fhir/us/core/StructureDefinition/us-core-condition"
          ],
          "tag": [
            {
              "system": "http://changehealthcare.com/interop/hdc/sender_id",
              "code": "93706192ba57436c8e3caf633758ee66"
            },
            {
              "system": "http://changehealthcare.com/interop/hdc/usageindicator",
              "code": "t"
            },
            {
              "system": "http://changehealthcare.com/interop/hdc/record_type",
              "code": "A"
            },
            {
              "system": "http://changehealthcare.com/interop/hdc/date_time_reported",
              "code": "2021-09-27 16:50:06"
            },
            {
              "system": "http://changehealthcare.com/interop/hdc/tdt_epoch",
              "code": "1632904948590"
            },
            {
              "system": "http://changehealthcare.com/interop/hdc/tdt_iteration",
              "code": "1"
            },
            {
              "system": "http://changehealthcare.com/interop/hdc/record_uuid",
              "code": "051f4d3e-9a19-432d-8c5c-b84ed6b9b243"
            },
            {
              "system": "http://changehealthcare.com/interop/hdc/file_location",
              "code": "s3://enterprise-datalake-ingress-preprod-us-east-1/interoperability_historical/valid/clinical"
            }
          ]
        },
        "identifier": [
          {
            "value": "76be1bd8-de72-4bb9-b5f7-0e0519a9f6fe"
          }
        ],
        "clinicalStatus": {
          "coding": [
            {
              "system": "http://terminology.hl7.org/CodeSystem/condition-clinical",
              "code": "inactive",
              "display": "Inactive"
            }
          ]
        },
        "verificationStatus": {
          "coding": [
            {
              "system": "http://terminology.hl7.org/CodeSystem/condition-ver-status",
              "code": "unconfirmed",
              "display": "Unconfirmed"
            }
          ]
        },
        "category": [
          {
            "coding": [
              {
                "system": "http://terminology.hl7.org/CodeSystem/condition-category",
                "code": "problem-list-item",
                "display": "Problem List Item"
              }
            ]
          }
        ],
        "code": {
          "coding": [
            {
              "system": "http://hl7.org/fhir/sid/icd-10-cm",
              "code": "K591",
              "display": "Functional diarrhea"
            }
          ]
        },
        "subject": {
          "reference": "Patient/051f4d3e-9a19-432d-8c5c-b84ed6b9b243"
        },
        "onsetString": "Functional diarrhea",
        "abatementAge": {
          "value": 15.0,
          "system": "http://ucum.org",
          "code": "a"
        },
        "recordedDate": "2020-04-13T17:50:06Z"
      },
      "search": {
        "mode": "match"
      }
    },
    {
      "resource": {
        "resourceType": "Condition",
        "id": "ypRBbvd23.7a5gTXEt6iWKQESzAmfbrDJ06QRt-KY-k",
        "meta": {
          "versionId": "1",
          "lastUpdated": "2021-09-29T10:32:21.672+00:00",
          "profile": [
            "http://hl7.org/fhir/us/core/StructureDefinition/us-core-condition"
          ],
          "tag": [
            {
              "system": "http://changehealthcare.com/interop/hdc/sender_id",
              "code": "93706192ba57436c8e3caf633758ee66"
            },
            {
              "system": "http://changehealthcare.com/interop/hdc/usageindicator",
              "code": "t"
            },
            {
              "system": "http://changehealthcare.com/interop/hdc/record_type",
              "code": "A"
            },
            {
              "system": "http://changehealthcare.com/interop/hdc/date_time_reported",
              "code": "2021-09-27 16:50:06"
            },
            {
              "system": "http://changehealthcare.com/interop/hdc/tdt_epoch",
              "code": "1632904948590"
            },
            {
              "system": "http://changehealthcare.com/interop/hdc/tdt_iteration",
              "code": "1"
            },
            {
              "system": "http://changehealthcare.com/interop/hdc/record_uuid",
              "code": "051f4d3e-9a19-432d-8c5c-b84ed6b9b243"
            },
            {
              "system": "http://changehealthcare.com/interop/hdc/file_location",
              "code": "s3://enterprise-datalake-ingress-preprod-us-east-1/interoperability_historical/valid/clinical"
            }
          ]
        },
        "identifier": [
          {
            "value": "589b3f92-5ce7-410c-a9b1-3834705f72b7"
          }
        ],
        "clinicalStatus": {
          "coding": [
            {
              "system": "http://terminology.hl7.org/CodeSystem/condition-clinical",
              "code": "resolved",
              "display": "Resolved"
            }
          ]
        },
        "verificationStatus": {
          "coding": [
            {
              "system": "http://terminology.hl7.org/CodeSystem/condition-ver-status",
              "code": "confirmed",
              "display": "Confirmed"
            }
          ]
        },
        "category": [
          {
            "coding": [
              {
                "system": "http://terminology.hl7.org/CodeSystem/condition-category",
                "code": "problem-list-item",
                "display": "Problem List Item"
              }
            ]
          }
        ],
        "severity": {
          "coding": [
            {
              "system": "http://snomed.info/sct",
              "display": "moderate"
            }
          ]
        },
        "code": {
          "coding": [
            {
              "system": "http://snomed.info/sct",
              "code": "10509002",
              "display": "Acute bronchitis (disorder)"
            }
          ]
        },
        "subject": {
          "reference": "Patient/051f4d3e-9a19-432d-8c5c-b84ed6b9b243"
        },
        "onsetString": "Acute bronchitis (disorder)",
        "abatementString": "str1234",
        "recordedDate": "2020-04-13T17:50:06Z"
      },
      "search": {
        "mode": "match"
      }
    },
    {
      "resource": {
        "resourceType": "Condition",
        "id": "-S8czPc0fG7n869IZX8ceKGSV0GvJVYXRxGzFjYDzp0",
        "meta": {
          "versionId": "1",
          "lastUpdated": "2021-09-29T10:32:21.684+00:00",
          "profile": [
            "http://hl7.org/fhir/us/core/StructureDefinition/us-core-condition"
          ],
          "tag": [
            {
              "system": "http://changehealthcare.com/interop/hdc/sender_id",
              "code": "93706192ba57436c8e3caf633758ee66"
            },
            {
              "system": "http://changehealthcare.com/interop/hdc/usageindicator",
              "code": "t"
            },
            {
              "system": "http://changehealthcare.com/interop/hdc/record_type",
              "code": "A"
            },
            {
              "system": "http://changehealthcare.com/interop/hdc/date_time_reported",
              "code": "2021-09-27 16:50:06"
            },
            {
              "system": "http://changehealthcare.com/interop/hdc/tdt_epoch",
              "code": "1632904948590"
            },
            {
              "system": "http://changehealthcare.com/interop/hdc/tdt_iteration",
              "code": "1"
            },
            {
              "system": "http://changehealthcare.com/interop/hdc/record_uuid",
              "code": "051f4d3e-9a19-432d-8c5c-b84ed6b9b243"
            },
            {
              "system": "http://changehealthcare.com/interop/hdc/file_location",
              "code": "s3://enterprise-datalake-ingress-preprod-us-east-1/interoperability_historical/valid/clinical"
            }
          ]
        },
        "identifier": [
          {
            "value": "013f2926-8875-4a39-86ed-58e443ed2463"
          }
        ],
        "clinicalStatus": {
          "coding": [
            {
              "system": "http://terminology.hl7.org/CodeSystem/condition-clinical",
              "code": "resolved",
              "display": "Resolved"
            }
          ]
        },
        "verificationStatus": {
          "coding": [
            {
              "system": "http://terminology.hl7.org/CodeSystem/condition-ver-status",
              "code": "confirmed",
              "display": "Confirmed"
            }
          ]
        },
        "category": [
          {
            "coding": [
              {
                "system": "http://terminology.hl7.org/CodeSystem/condition-category",
                "code": "problem-list-item",
                "display": "Problem List Item"
              }
            ]
          }
        ],
        "severity": {
          "coding": [
            {
              "system": "http://snomed.info/sct",
              "display": "moderate"
            }
          ]
        },
        "code": {
          "coding": [
            {
              "system": "http://snomed.info/sct",
              "code": "263102004",
              "display": "Fracture subluxation of wrist (disorder)"
            }
          ]
        },
        "subject": {
          "reference": "Patient/051f4d3e-9a19-432d-8c5c-b84ed6b9b243"
        },
        "onsetString": "Fracture subluxation of wrist",
        "abatementString": "str1234",
        "recordedDate": "2020-04-13T17:50:06Z"
      },
      "search": {
        "mode": "match"
      }
    },
    {
      "resource": {
        "resourceType": "Condition",
        "id": "NjZ4qw9z5-5kfez6DWFilIanU06Nhnb8tNu4u-RzJJc",
        "meta": {
          "versionId": "1",
          "lastUpdated": "2021-09-29T10:32:21.714+00:00",
          "profile": [
            "http://hl7.org/fhir/us/core/StructureDefinition/us-core-condition"
          ],
          "tag": [
            {
              "system": "http://changehealthcare.com/interop/hdc/sender_id",
              "code": "93706192ba57436c8e3caf633758ee66"
            },
            {
              "system": "http://changehealthcare.com/interop/hdc/usageindicator",
              "code": "t"
            },
            {
              "system": "http://changehealthcare.com/interop/hdc/record_type",
              "code": "A"
            },
            {
              "system": "http://changehealthcare.com/interop/hdc/date_time_reported",
              "code": "2021-09-27 16:50:06"
            },
            {
              "system": "http://changehealthcare.com/interop/hdc/tdt_epoch",
              "code": "1632904948590"
            },
            {
              "system": "http://changehealthcare.com/interop/hdc/tdt_iteration",
              "code": "1"
            },
            {
              "system": "http://changehealthcare.com/interop/hdc/record_uuid",
              "code": "051f4d3e-9a19-432d-8c5c-b84ed6b9b243"
            },
            {
              "system": "http://changehealthcare.com/interop/hdc/file_location",
              "code": "s3://enterprise-datalake-ingress-preprod-us-east-1/interoperability_historical/valid/clinical"
            }
          ]
        },
        "identifier": [
          {
            "value": "415c6460-fcb4-4c86-b949-c96a7e38ee21"
          }
        ],
        "clinicalStatus": {
          "coding": [
            {
              "system": "http://terminology.hl7.org/CodeSystem/condition-clinical",
              "code": "resolved",
              "display": "Resolved"
            }
          ]
        },
        "verificationStatus": {
          "coding": [
            {
              "system": "http://terminology.hl7.org/CodeSystem/condition-ver-status",
              "code": "confirmed",
              "display": "Confirmed"
            }
          ]
        },
        "category": [
          {
            "coding": [
              {
                "system": "http://terminology.hl7.org/CodeSystem/condition-category",
                "code": "problem-list-item",
                "display": "Problem List Item"
              }
            ]
          }
        ],
        "severity": {
          "coding": [
            {
              "system": "http://snomed.info/sct",
              "display": "moderate"
            }
          ]
        },
        "code": {
          "coding": [
            {
              "system": "http://snomed.info/sct",
              "code": "444814009",
              "display": "Viral sinusitis (disorder)"
            }
          ]
        },
        "subject": {
          "reference": "Patient/051f4d3e-9a19-432d-8c5c-b84ed6b9b243"
        },
        "onsetString": "Viral sinusitis (disorder)",
        "abatementString": "str1234",
        "recordedDate": "2020-04-13T17:50:06Z"
      },
      "search": {
        "mode": "match"
      }
    },
    {
      "resource": {
        "resourceType": "Condition",
        "id": "p2Cb9iN8-124dgUMYEUexwMPwkncL8zWHkm.73v9isk",
        "meta": {
          "versionId": "1",
          "lastUpdated": "2021-09-29T10:32:21.831+00:00",
          "profile": [
            "http://hl7.org/fhir/us/core/StructureDefinition/us-core-condition"
          ],
          "tag": [
            {
              "system": "http://changehealthcare.com/interop/hdc/sender_id",
              "code": "93706192ba57436c8e3caf633758ee66"
            },
            {
              "system": "http://changehealthcare.com/interop/hdc/usageindicator",
              "code": "t"
            },
            {
              "system": "http://changehealthcare.com/interop/hdc/record_type",
              "code": "A"
            },
            {
              "system": "http://changehealthcare.com/interop/hdc/date_time_reported",
              "code": "2021-09-27 16:50:06"
            },
            {
              "system": "http://changehealthcare.com/interop/hdc/tdt_epoch",
              "code": "1632904948590"
            },
            {
              "system": "http://changehealthcare.com/interop/hdc/tdt_iteration",
              "code": "1"
            },
            {
              "system": "http://changehealthcare.com/interop/hdc/record_uuid",
              "code": "051f4d3e-9a19-432d-8c5c-b84ed6b9b243"
            },
            {
              "system": "http://changehealthcare.com/interop/hdc/file_location",
              "code": "s3://enterprise-datalake-ingress-preprod-us-east-1/interoperability_historical/valid/clinical"
            }
          ]
        },
        "identifier": [
          {
            "value": "d244fc92-e608-43c5-a6c4-6ed18d128a76"
          }
        ],
        "clinicalStatus": {
          "coding": [
            {
              "system": "http://terminology.hl7.org/CodeSystem/condition-clinical",
              "code": "resolved",
              "display": "Resolved"
            }
          ]
        },
        "verificationStatus": {
          "coding": [
            {
              "system": "http://terminology.hl7.org/CodeSystem/condition-ver-status",
              "code": "confirmed",
              "display": "Confirmed"
            }
          ]
        },
        "category": [
          {
            "coding": [
              {
                "system": "http://terminology.hl7.org/CodeSystem/condition-category",
                "code": "problem-list-item",
                "display": "Problem List Item"
              }
            ]
          }
        ],
        "severity": {
          "coding": [
            {
              "system": "http://snomed.info/sct",
              "display": "moderate"
            }
          ]
        },
        "code": {
          "coding": [
            {
              "system": "http://snomed.info/sct",
              "code": "444814009",
              "display": "Viral sinusitis (disorder)"
            }
          ]
        },
        "subject": {
          "reference": "Patient/051f4d3e-9a19-432d-8c5c-b84ed6b9b243"
        },
        "onsetString": "Viral sinusitis (disorder)",
        "abatementString": "str1234",
        "recordedDate": "2020-04-13T17:50:06Z"
      },
      "search": {
        "mode": "match"
      }
    },
    {
      "resource": {
        "resourceType": "Condition",
        "id": "kjQldKQggmKnVUyzL-0Cf30GeaPe7e9TUwjQ.YqGZxU",
        "meta": {
          "versionId": "1",
          "lastUpdated": "2021-10-01T12:31:16.505+00:00",
          "profile": [
            "http://hl7.org/fhir/us/core/StructureDefinition/us-core-condition"
          ],
          "tag": [
            {
              "system": "http://changehealthcare.com/interop/hdc/sender_id",
              "code": "93706192ba57436c8e3caf633758ee66"
            },
            {
              "system": "http://changehealthcare.com/interop/hdc/usageindicator",
              "code": "t"
            },
            {
              "system": "http://changehealthcare.com/interop/hdc/record_type",
              "code": "A"
            },
            {
              "system": "http://changehealthcare.com/interop/hdc/date_time_reported",
              "code": "2021-09-22 23:16:12"
            },
            {
              "system": "http://changehealthcare.com/interop/hdc/tdt_epoch",
              "code": "1633082564673"
            },
            {
              "system": "http://changehealthcare.com/interop/hdc/tdt_iteration",
              "code": "1"
            },
            {
              "system": "http://changehealthcare.com/interop/hdc/record_uuid",
              "code": "e59494ea-375f-4b84-974e-d1ba70fae0fc"
            },
            {
              "system": "http://changehealthcare.com/interop/hdc/file_location",
              "code": "s3://enterprise-datalake-ingress-preprod-us-east-1/interoperability/valid/clinical"
            }
          ]
        },
        "identifier": [
          {
            "value": "e9ded9c5-43b3-e8ba-d348-f939e995ca29"
          }
        ],
        "clinicalStatus": {
          "coding": [
            {
              "system": "http://terminology.hl7.org/CodeSystem/condition-clinical",
              "code": "resolved",
              "display": "Resolved"
            }
          ]
        },
        "verificationStatus": {
          "coding": [
            {
              "system": "http://terminology.hl7.org/CodeSystem/condition-ver-status",
              "code": "confirmed",
              "display": "Confirmed"
            }
          ]
        },
        "category": [
          {
            "coding": [
              {
                "system": "http://terminology.hl7.org/CodeSystem/condition-category",
                "code": "problem-list-item",
                "display": "Problem List Item"
              }
            ]
          }
        ],
        "severity": {
          "coding": [
            {
              "system": "http://snomed.info/sct",
              "display": "moderate"
            }
          ]
        },
        "code": {
          "coding": [
            {
              "system": "http://snomed.info/sct",
              "code": "444814009",
              "display": "Viral sinusitis (disorder)"
            }
          ]
        },
        "subject": {
          "reference": "Patient/e59494ea-375f-4b84-974e-d1ba70fae0fc"
        },
        "onsetString": "Viral sinusitis (disorder)",
        "abatementString": "str1234",
        "recordedDate": "2021-04-13T17:50:06Z"
      },
      "search": {
        "mode": "match"
      }
    },
    {
      "resource": {
        "resourceType": "Condition",
        "id": "7TBAOgtqhWGuygjXduCozI5AHfe7sx9blB0cvp1EEsc",
        "meta": {
          "versionId": "1",
          "lastUpdated": "2021-10-01T12:31:16.536+00:00",
          "profile": [
            "http://hl7.org/fhir/us/core/StructureDefinition/us-core-condition"
          ],
          "tag": [
            {
              "system": "http://changehealthcare.com/interop/hdc/sender_id",
              "code": "93706192ba57436c8e3caf633758ee66"
            },
            {
              "system": "http://changehealthcare.com/interop/hdc/usageindicator",
              "code": "t"
            },
            {
              "system": "http://changehealthcare.com/interop/hdc/record_type",
              "code": "A"
            },
            {
              "system": "http://changehealthcare.com/interop/hdc/date_time_reported",
              "code": "2021-09-22 23:16:12"
            },
            {
              "system": "http://changehealthcare.com/interop/hdc/tdt_epoch",
              "code": "1633082564673"
            },
            {
              "system": "http://changehealthcare.com/interop/hdc/tdt_iteration",
              "code": "1"
            },
            {
              "system": "http://changehealthcare.com/interop/hdc/record_uuid",
              "code": "e59494ea-375f-4b84-974e-d1ba70fae0fc"
            },
            {
              "system": "http://changehealthcare.com/interop/hdc/file_location",
              "code": "s3://enterprise-datalake-ingress-preprod-us-east-1/interoperability/valid/clinical"
            }
          ]
        },
        "identifier": [
          {
            "value": "c674e7f4-2be5-53a6-caf6-838305cb4950"
          }
        ],
        "clinicalStatus": {
          "coding": [
            {
              "system": "http://terminology.hl7.org/CodeSystem/condition-clinical",
              "code": "active",
              "display": "Active"
            }
          ]
        },
        "verificationStatus": {
          "coding": [
            {
              "system": "http://terminology.hl7.org/CodeSystem/condition-ver-status",
              "code": "unconfirmed",
              "display": "Unconfirmed"
            }
          ]
        },
        "category": [
          {
            "coding": [
              {
                "system": "http://terminology.hl7.org/CodeSystem/condition-category",
                "code": "problem-list-item",
                "display": "Problem List Item"
              }
            ]
          }
        ],
        "severity": {
          "coding": [
            {
              "system": "http://snomed.info/sct",
              "display": "moderate"
            }
          ]
        },
        "code": {
          "coding": [
            {
              "system": "http://snomed.info/sct",
              "code": "15777000",
              "display": "Prediabetes (disorder)"
            }
          ]
        },
        "subject": {
          "reference": "Patient/e59494ea-375f-4b84-974e-d1ba70fae0fc"
        },
        "onsetString": "Prediabetes",
        "abatementString": "str1234",
        "recordedDate": "2021-04-13T17:50:06Z"
      },
      "search": {
        "mode": "match"
      }
    },
    {
      "resource": {
        "resourceType": "Condition",
        "id": "ecQTcGBAKEG8uqoRKgXgxV4VCle5I0lw-YZgoqM-jWk",
        "meta": {
          "versionId": "1",
          "lastUpdated": "2021-10-01T12:31:16.562+00:00",
          "profile": [
            "http://hl7.org/fhir/us/core/StructureDefinition/us-core-condition"
          ],
          "tag": [
            {
              "system": "http://changehealthcare.com/interop/hdc/sender_id",
              "code": "93706192ba57436c8e3caf633758ee66"
            },
            {
              "system": "http://changehealthcare.com/interop/hdc/usageindicator",
              "code": "t"
            },
            {
              "system": "http://changehealthcare.com/interop/hdc/record_type",
              "code": "A"
            },
            {
              "system": "http://changehealthcare.com/interop/hdc/date_time_reported",
              "code": "2021-09-22 23:16:12"
            },
            {
              "system": "http://changehealthcare.com/interop/hdc/tdt_epoch",
              "code": "1633082564673"
            },
            {
              "system": "http://changehealthcare.com/interop/hdc/tdt_iteration",
              "code": "1"
            },
            {
              "system": "http://changehealthcare.com/interop/hdc/record_uuid",
              "code": "e59494ea-375f-4b84-974e-d1ba70fae0fc"
            },
            {
              "system": "http://changehealthcare.com/interop/hdc/file_location",
              "code": "s3://enterprise-datalake-ingress-preprod-us-east-1/interoperability/valid/clinical"
            }
          ]
        },
        "identifier": [
          {
            "value": "3ed5e123-f057-3ce6-b66a-3823e127c049"
          }
        ],
        "clinicalStatus": {
          "coding": [
            {
              "system": "http://terminology.hl7.org/CodeSystem/condition-clinical",
              "code": "resolved",
              "display": "Resolved"
            }
          ]
        },
        "verificationStatus": {
          "coding": [
            {
              "system": "http://terminology.hl7.org/CodeSystem/condition-ver-status",
              "code": "confirmed",
              "display": "Confirmed"
            }
          ]
        },
        "category": [
          {
            "coding": [
              {
                "system": "http://terminology.hl7.org/CodeSystem/condition-category",
                "code": "problem-list-item",
                "display": "Problem List Item"
              }
            ]
          }
        ],
        "severity": {
          "coding": [
            {
              "system": "http://snomed.info/sct",
              "display": "moderate"
            }
          ]
        },
        "code": {
          "coding": [
            {
              "system": "http://snomed.info/sct",
              "code": "195662009",
              "display": "Acute viral pharyngitis (disorder)"
            }
          ]
        },
        "subject": {
          "reference": "Patient/e59494ea-375f-4b84-974e-d1ba70fae0fc"
        },
        "onsetString": "Acute viral pharyngitis (disorder)",
        "abatementString": "str1234",
        "recordedDate": "2021-04-13T17:50:06Z"
      },
      "search": {
        "mode": "match"
      }
    },
    {
      "resource": {
        "resourceType": "Condition",
        "id": "YbmbRwySjoPNQ.4nEEVKI6l99qkgyJ7p7Gt3UJVk9ek",
        "meta": {
          "versionId": "1",
          "lastUpdated": "2021-10-01T12:31:16.648+00:00",
          "profile": [
            "http://hl7.org/fhir/us/core/StructureDefinition/us-core-condition"
          ],
          "tag": [
            {
              "system": "http://changehealthcare.com/interop/hdc/sender_id",
              "code": "93706192ba57436c8e3caf633758ee66"
            },
            {
              "system": "http://changehealthcare.com/interop/hdc/usageindicator",
              "code": "t"
            },
            {
              "system": "http://changehealthcare.com/interop/hdc/record_type",
              "code": "A"
            },
            {
              "system": "http://changehealthcare.com/interop/hdc/date_time_reported",
              "code": "2021-09-22 23:16:12"
            },
            {
              "system": "http://changehealthcare.com/interop/hdc/tdt_epoch",
              "code": "1633082564673"
            },
            {
              "system": "http://changehealthcare.com/interop/hdc/tdt_iteration",
              "code": "1"
            },
            {
              "system": "http://changehealthcare.com/interop/hdc/record_uuid",
              "code": "e59494ea-375f-4b84-974e-d1ba70fae0fc"
            },
            {
              "system": "http://changehealthcare.com/interop/hdc/file_location",
              "code": "s3://enterprise-datalake-ingress-preprod-us-east-1/interoperability/valid/clinical"
            }
          ]
        },
        "identifier": [
          {
            "value": "3c00398d-ec72-e31b-142a-10cbc202ae57"
          }
        ],
        "clinicalStatus": {
          "coding": [
            {
              "system": "http://terminology.hl7.org/CodeSystem/condition-clinical",
              "code": "resolved",
              "display": "Resolved"
            }
          ]
        },
        "verificationStatus": {
          "coding": [
            {
              "system": "http://terminology.hl7.org/CodeSystem/condition-ver-status",
              "code": "confirmed",
              "display": "Confirmed"
            }
          ]
        },
        "category": [
          {
            "coding": [
              {
                "system": "http://terminology.hl7.org/CodeSystem/condition-category",
                "code": "problem-list-item",
                "display": "Problem List Item"
              }
            ]
          }
        ],
        "severity": {
          "coding": [
            {
              "system": "http://snomed.info/sct",
              "display": "moderate"
            }
          ]
        },
        "code": {
          "coding": [
            {
              "system": "http://snomed.info/sct",
              "code": "10509002",
              "display": "Acute bronchitis (disorder)"
            }
          ]
        },
        "subject": {
          "reference": "Patient/e59494ea-375f-4b84-974e-d1ba70fae0fc"
        },
        "onsetString": "Acute bronchitis (disorder)",
        "abatementString": "str1234",
        "recordedDate": "2021-04-13T17:50:06Z"
      },
      "search": {
        "mode": "match"
      }
    },
    {
      "resource": {
        "resourceType": "Condition",
        "id": "kOMHDOQFPD6T8JD1EGvBdIJ0WRFrXBEUQXtD.2aAEuw",
        "meta": {
          "versionId": "1",
          "lastUpdated": "2021-10-01T12:31:16.648+00:00",
          "profile": [
            "http://hl7.org/fhir/us/core/StructureDefinition/us-core-condition"
          ],
          "tag": [
            {
              "system": "http://changehealthcare.com/interop/hdc/sender_id",
              "code": "93706192ba57436c8e3caf633758ee66"
            },
            {
              "system": "http://changehealthcare.com/interop/hdc/usageindicator",
              "code": "t"
            },
            {
              "system": "http://changehealthcare.com/interop/hdc/record_type",
              "code": "A"
            },
            {
              "system": "http://changehealthcare.com/interop/hdc/date_time_reported",
              "code": "2021-09-22 23:16:12"
            },
            {
              "system": "http://changehealthcare.com/interop/hdc/tdt_epoch",
              "code": "1633082564673"
            },
            {
              "system": "http://changehealthcare.com/interop/hdc/tdt_iteration",
              "code": "1"
            },
            {
              "system": "http://changehealthcare.com/interop/hdc/record_uuid",
              "code": "e59494ea-375f-4b84-974e-d1ba70fae0fc"
            },
            {
              "system": "http://changehealthcare.com/interop/hdc/file_location",
              "code": "s3://enterprise-datalake-ingress-preprod-us-east-1/interoperability/valid/clinical"
            }
          ]
        },
        "identifier": [
          {
            "value": "365e880a-b0b5-9e7f-b462-2c1869921537"
          }
        ],
        "clinicalStatus": {
          "coding": [
            {
              "system": "http://terminology.hl7.org/CodeSystem/condition-clinical",
              "code": "inactive",
              "display": "Inactive"
            }
          ]
        },
        "verificationStatus": {
          "coding": [
            {
              "system": "http://terminology.hl7.org/CodeSystem/condition-ver-status",
              "code": "unconfirmed",
              "display": "Unconfirmed"
            }
          ]
        },
        "category": [
          {
            "coding": [
              {
                "system": "http://terminology.hl7.org/CodeSystem/condition-category",
                "code": "problem-list-item",
                "display": "Problem List Item"
              }
            ]
          }
        ],
        "code": {
          "coding": [
            {
              "system": "http://hl7.org/fhir/sid/icd-10-cm",
              "code": "K591",
              "display": "Functional diarrhea"
            }
          ]
        },
        "subject": {
          "reference": "Patient/e59494ea-375f-4b84-974e-d1ba70fae0fc"
        },
        "onsetString": "Functional diarrhea",
        "abatementAge": {
          "value": 15.0,
          "system": "http://ucum.org",
          "code": "a"
        },
        "recordedDate": "2021-04-13T17:50:06Z"
      },
      "search": {
        "mode": "match"
      }
    }
  ]
}
