{
  "resourceType": "Bundle",
  "id": "8c8253c7-84c9-4b63-97dc-e5017539d892",
  "meta": {
    "lastUpdated": "2022-01-20T16:10:59.348+00:00"
  },
  "type": "searchset",
  "link": [
    {
      "relation": "self",
      "url": "/Encounter?_include=Encounter%3Alocation&_include=Encounter%3Aparticipant"
    },
    {
      "relation": "next",
      "url": "/Encounter?_include=Encounter%3Alocation&_include=Encounter%3Aparticipant&_getpagesoffset=2&_count=20&_pretty=true&_bundletype=searchset"
    }
  ],
  "entry": [
    {
      "resource": {
        "resourceType": "Encounter",
        "id": "uxEl-UEN5eb6V.W5GT4WpiZi2rQvjQqA4KLsbs0Ae7s",
        "meta": {
          "versionId": "1",
          "lastUpdated": "2021-11-11T00:13:40.047+00:00",
          "profile": [
            "http://hl7.org/fhir/us/core/StructureDefinition/us-core-encounter"
          ],
          "tag": [
            {
              "system": "http://changehealthcare.com/interop/hdc/sender_id",
              "code": "757d4411153541b9a487e7c7ad4fa7bd"
            },
            {
              "system": "http://changehealthcare.com/interop/hdc/usageindicator",
              "code": "t"
            },
            {
              "system": "http://changehealthcare.com/interop/hdc/record_type",
              "code": "A"
            },
            {
              "system": "http://changehealthcare.com/interop/hdc/date_time_reported",
              "code": "2021-06-14 00:50:06"
            },
            {
              "system": "http://changehealthcare.com/interop/hdc/tdt_epoch",
              "code": "1636099248433"
            },
            {
              "system": "http://changehealthcare.com/interop/hdc/tdt_iteration",
              "code": "1"
            },
            {
              "system": "http://changehealthcare.com/interop/hdc/record_uuid",
              "code": "d5b99652-85c9-4951-b4e5-72cb1e580f13"
            },
            {
              "system": "http://changehealthcare.com/interop/hdc/file_location",
              "code": "s3://enterprise-datalake-ingress-qatemp-us-east-1/interoperability/valid/clinical"
            }
          ]
        },
        "identifier": [
          {
            "system": "http://changehealthcare.com/interop/hdc/sender_identifier",
            "value": "4006582a-423b-ac4a-ead5-121e62c6324e"
          }
        ],
        "status": "finished",
        "class": {
          "system": "http://terminology.hl7.org/CodeSystem/v3-ActCode",
          "code": "AMB"
        },
        "type": [
          {
            "coding": [
              {
                "system": "http://www.ama-assn.org/go/cpt",
                "code": "95199",
                "display": "Allergy or clinical immunology service or procedure"
              }
            ]
          }
        ],
        "subject": {
          "reference": "Patient/d5b99652-85c9-4951-b4e5-72cb1e580f13"
        },
        "participant": [
          {
            "type": [
              {
                "coding": [
                  {
                    "system": "http://terminology.hl7.org/CodeSystem/v3-ParticipationType",
                    "code": "PPRF",
                    "display": "primary performer"
                  }
                ]
              }
            ],
            "period": {
              "start": "2021-03-12T13:14:12.324-05:00",
              "end": "2021-03-12T14:22:21.328-05:00"
            },
            "individual": {
              "reference": "Practitioner/-08e-sTZc6AzPIgFYh5HrQNncsDeU-JyOMvzzTsComk"
            }
          }
        ],
        "period": {
          "start": "2021-03-12T13:00:12.324-05:00",
          "end": "2021-03-12T14:30:21.328-05:00"
        },
        "reasonCode": [
          {
            "coding": [
              {
                "system": "http://snomed.info/sct",
                "code": null,
                "display": null
              }
            ]
          },
          {
            "coding": [
              {
                "system": "http://snomed.info/sct",
                "code": "",
                "display": ""
              }
            ]
          },
          {
            "coding": [
              {
                "system": "http://snomed.info/sct",
                "code": "409002",
                "display": "Food allergy diet "
              }
            ]
          }
        ],
        "hospitalization": {
          "dischargeDisposition": {
            "coding": [
              {
                "system": "http://terminology.hl7.org/CodeSystem/discharge-disposition",
                "code": "home",
                "display": "Home"
              }
            ]
          }
        },
        "location": [
          {
            "location": {
              "reference": "Location/1tom37u4n1ovF8nNkyI"
            }
          }
        ]
      },
      "search": {
        "mode": "match"
      }
    },
    {
      "resource": {
        "resourceType": "Encounter",
        "id": "v318bXPkoUrLe6v9gIRPs-9eIJ53jCjrzi9xe3cXEBA",
        "meta": {
          "versionId": "1",
          "lastUpdated": "2021-11-11T00:16:19.874+00:00",
          "profile": [
            "http://hl7.org/fhir/us/core/StructureDefinition/us-core-encounter"
          ],
          "tag": [
            {
              "system": "http://changehealthcare.com/interop/hdc/sender_id",
              "code": "740b8dd63c504e7fbb1559f1d951d63d"
            },
            {
              "system": "http://changehealthcare.com/interop/hdc/usageindicator",
              "code": "t"
            },
            {
              "system": "http://changehealthcare.com/interop/hdc/record_type",
              "code": "A"
            },
            {
              "system": "http://changehealthcare.com/interop/hdc/date_time_reported",
              "code": "2021-04-26 00:00:00"
            },
            {
              "system": "http://changehealthcare.com/interop/hdc/tdt_epoch",
              "code": "1635964870647"
            },
            {
              "system": "http://changehealthcare.com/interop/hdc/tdt_iteration",
              "code": "1"
            },
            {
              "system": "http://changehealthcare.com/interop/hdc/record_uuid",
              "code": "0479d51d-08a7-4d02-81f6-8c0977438179"
            },
            {
              "system": "http://changehealthcare.com/interop/hdc/file_location",
              "code": "s3://enterprise-datalake-ingress-qatemp-us-east-1/interoperability/valid/clinical"
            }
          ]
        },
        "identifier": [
          {
            "system": "http://changehealthcare.com/interop/hdc/sender_identifier",
            "value": "4674b3bb-bd56-43ac-b503-9e07b496fb60"
          }
        ],
        "status": "finished",
        "class": {
          "system": "http://terminology.hl7.org/CodeSystem/v3-ActCode",
          "code": "AMB"
        },
        "type": [
          {
            "coding": [
              {
                "system": "http://www.ama-assn.org/go/cpt",
                "code": "95199",
                "display": "Allergy or clinical immunology service or procedure"
              }
            ]
          }
        ],
        "subject": {
          "reference": "Patient/0479d51d-08a7-4d02-81f6-8c0977438179"
        },
        "participant": [
          {
            "type": [
              {
                "coding": [
                  {
                    "system": "http://terminology.hl7.org/CodeSystem/v3-ParticipationType",
                    "code": "PPRF",
                    "display": "primary performer"
                  }
                ]
              }
            ],
            "period": {
              "start": "2021-03-12T13:14:12.324-05:00",
              "end": "2021-03-12T14:22:21.328-05:00"
            },
            "individual": {
              "reference": "Practitioner/WyzKwQewm9-PfcB6nevr46pUZ.FvWLGRTSg.CqHax.o"
            }
          }
        ],
        "period": {
          "start": "2021-03-12T13:00:12.324-05:00",
          "end": "2021-03-12T14:30:21.328-05:00"
        },
        "reasonCode": [
          {
            "coding": [
              {
                "system": "http://snomed.info/sct",
                "code": "409002",
                "display": "Food allergy diet "
              }
            ]
          }
        ],
        "hospitalization": {
          "dischargeDisposition": {
            "coding": [
              {
                "system": "http://terminology.hl7.org/CodeSystem/discharge-disposition",
                "code": "home",
                "display": "Home"
              }
            ]
          }
        },
        "location": [
          {
            "location": {
              "reference": "Location/wsUxhRcy97lhBIH7comDQAvl8YNpu2AomaLuZVqJQ9w"
            }
          }
        ]
      },
      "search": {
        "mode": "match"
      }
    },
    {
      "resource": {
        "resourceType": "Encounter",
        "id": "QifxbPNzPXMXE9OuHiR6Z6x8t.rCm6Tx9K-QWlzBXAE",
        "meta": {
          "versionId": "2",
          "lastUpdated": "2021-11-11T00:16:22.725+00:00",
          "profile": [
            "http://hl7.org/fhir/us/core/StructureDefinition/us-core-encounter"
          ],
          "tag": [
            {
              "system": "http://changehealthcare.com/interop/hdc/sender_id",
              "code": "93706192ba57436c8e3caf633758ee66"
            },
            {
              "system": "http://changehealthcare.com/interop/hdc/usageindicator",
              "code": "t"
            },
            {
              "system": "http://changehealthcare.com/interop/hdc/record_type",
              "code": "A"
            },
            {
              "system": "http://changehealthcare.com/interop/hdc/date_time_reported",
              "code": "2021-06-06 05:00:00"
            },
            {
              "system": "http://changehealthcare.com/interop/hdc/tdt_epoch",
              "code": "1635945167253"
            },
            {
              "system": "http://changehealthcare.com/interop/hdc/tdt_iteration",
              "code": "1"
            },
            {
              "system": "http://changehealthcare.com/interop/hdc/record_uuid",
              "code": "ca7fa7c1-b42f-4d03-ac0d-8ba99ab315d5"
            },
            {
              "system": "http://changehealthcare.com/interop/hdc/file_location",
              "code": "s3://enterprise-datalake-ingress-qatemp-us-east-1/interoperability/valid/clinical"
            }
          ]
        },
        "identifier": [
          {
            "system": "http://changehealthcare.com/interop/hdc/sender_identifier",
            "value": "4b568366-4777-4b5f-8fa5-077b429e60c9"
          }
        ],
        "status": "finished",
        "class": {
          "system": "http://terminology.hl7.org/CodeSystem/v3-ActCode",
          "code": "AMB"
        },
        "type": [
          {
            "coding": [
              {
                "system": "http://www.ama-assn.org/go/cpt",
                "code": "95199",
                "display": "Allergy or clinical immunology service or procedure"
              }
            ]
          }
        ],
        "subject": {
          "reference": "Patient/ca7fa7c1-b42f-4d03-ac0d-8ba99ab315d5"
        },
        "participant": [
          {
            "type": [
              {
                "coding": [
                  {
                    "system": "http://terminology.hl7.org/CodeSystem/v3-ParticipationType",
                    "code": "PPRF",
                    "display": "primary performer"
                  }
                ]
              }
            ],
            "period": {
              "start": "2021-03-12T13:14:12.324-05:00",
              "end": "2021-03-12T14:22:21.328-05:00"
            },
            "individual": {
              "reference": "Practitioner/Hjqd9E4-LrjQSceEW0kOVsokaN-OblS4QHugjt5LJl8"
            }
          }
        ],
        "period": {
          "start": "2021-03-12T13:00:12.324-05:00",
          "end": "2021-03-12T14:30:21.328-05:00"
        },
        "reasonCode": [
          {
            "coding": [
              {
                "system": "http://snomed.info/sct",
                "code": "409002",
                "display": "Food allergy diet "
              }
            ]
          }
        ],
        "hospitalization": {
          "dischargeDisposition": {
            "coding": [
              {
                "system": "http://terminology.hl7.org/CodeSystem/discharge-disposition",
                "code": "home",
                "display": "Home"
              }
            ]
          }
        },
        "location": [
          {
            "location": {
              "reference": "Location/Z-5ZmfTwV51tLYFZ72uPJUHbvXMMPNTnsT-kxtvHJ5c"
            }
          }
        ]
      },
      "search": {
        "mode": "match"
      }
    },
    {
      "resource": {
        "resourceType": "Encounter",
        "id": "A4DLuYOAO7vStOZCb1eyk.-L.QmZ7R1dYsdLlVwLrbE",
        "meta": {
          "versionId": "3",
          "lastUpdated": "2021-11-11T00:16:29.074+00:00",
          "profile": [
            "http://hl7.org/fhir/us/core/StructureDefinition/us-core-encounter"
          ],
          "tag": [
            {
              "system": "http://changehealthcare.com/interop/hdc/sender_id",
              "code": "740b8dd63c504e7fbb1559f1d951d63d"
            },
            {
              "system": "http://changehealthcare.com/interop/hdc/usageindicator",
              "code": "t"
            },
            {
              "system": "http://changehealthcare.com/interop/hdc/record_type",
              "code": "A"
            },
            {
              "system": "http://changehealthcare.com/interop/hdc/date_time_reported",
              "code": "2021-04-26 00:00:00"
            },
            {
              "system": "http://changehealthcare.com/interop/hdc/tdt_epoch",
              "code": "1635964870647"
            },
            {
              "system": "http://changehealthcare.com/interop/hdc/tdt_iteration",
              "code": "1"
            },
            {
              "system": "http://changehealthcare.com/interop/hdc/record_uuid",
              "code": "37dec84f-34c2-4921-ae98-635572d99d39"
            },
            {
              "system": "http://changehealthcare.com/interop/hdc/file_location",
              "code": "s3://enterprise-datalake-ingress-qatemp-us-east-1/interoperability/valid/clinical"
            }
          ]
        },
        "identifier": [
          {
            "system": "http://changehealthcare.com/interop/hdc/sender_identifier",
            "value": "390be706-8e69-4bbf-96f8-56feb0baa28d"
          }
        ],
        "status": "finished",
        "class": {
          "system": "http://terminology.hl7.org/CodeSystem/v3-ActCode",
          "code": "AMB"
        },
        "type": [
          {
            "coding": [
              {
                "system": "http://www.ama-assn.org/go/cpt",
                "code": "95199",
                "display": "Allergy or clinical immunology service or procedure"
              }
            ]
          }
        ],
        "subject": {
          "reference": "Patient/37dec84f-34c2-4921-ae98-635572d99d39"
        },
        "participant": [
          {
            "type": [
              {
                "coding": [
                  {
                    "system": "http://terminology.hl7.org/CodeSystem/v3-ParticipationType",
                    "code": "PPRF",
                    "display": "primary performer"
                  }
                ]
              }
            ],
            "period": {
              "start": "2021-03-12T13:14:12.324-05:00",
              "end": "2021-03-12T14:22:21.328-05:00"
            },
            "individual": {
              "reference": "Practitioner/1qEFGH-EWC9AYVBxXeXCnv4gLy8BT6-7P.mMWt3jnes"
            }
          }
        ],
        "period": {
          "start": "2021-03-12T13:00:12.324-05:00",
          "end": "2021-03-12T14:30:21.328-05:00"
        },
        "reasonCode": [
          {
            "coding": [
              {
                "system": "http://snomed.info/sct",
                "code": "409002",
                "display": "Food allergy diet "
              }
            ]
          }
        ],
        "hospitalization": {
          "dischargeDisposition": {
            "coding": [
              {
                "system": "http://terminology.hl7.org/CodeSystem/discharge-disposition",
                "code": "home",
                "display": "Home"
              }
            ]
          }
        },
        "location": [
          {
            "location": {
              "reference": "Location/xR.PHsVvfcGCt8RpOUQuQlpZugd4h64BTDJH0JKsBB0"
            }
          }
        ]
      },
      "search": {
        "mode": "match"
      }
    },
    {
      "resource": {
        "resourceType": "Encounter",
        "id": "Cm1UDUYGMsx9c.dTphVGBdDUT1u.zgpVS2h6G.Y8kiY",
        "meta": {
          "versionId": "2",
          "lastUpdated": "2021-11-11T00:16:22.640+00:00",
          "profile": [
            "http://hl7.org/fhir/us/core/StructureDefinition/us-core-encounter"
          ],
          "tag": [
            {
              "system": "http://changehealthcare.com/interop/hdc/sender_id",
              "code": "93706192ba57436c8e3caf633758ee66"
            },
            {
              "system": "http://changehealthcare.com/interop/hdc/usageindicator",
              "code": "t"
            },
            {
              "system": "http://changehealthcare.com/interop/hdc/record_type",
              "code": "A"
            },
            {
              "system": "http://changehealthcare.com/interop/hdc/date_time_reported",
              "code": "2021-04-26 00:00:00"
            },
            {
              "system": "http://changehealthcare.com/interop/hdc/tdt_epoch",
              "code": "1635964870647"
            },
            {
              "system": "http://changehealthcare.com/interop/hdc/tdt_iteration",
              "code": "1"
            },
            {
              "system": "http://changehealthcare.com/interop/hdc/record_uuid",
              "code": "71a7a9c9-19de-40bc-ae7a-328e7aa3f32c"
            },
            {
              "system": "http://changehealthcare.com/interop/hdc/file_location",
              "code": "s3://enterprise-datalake-ingress-qatemp-us-east-1/interoperability/valid/clinical"
            }
          ]
        },
        "identifier": [
          {
            "system": "http://changehealthcare.com/interop/hdc/sender_identifier",
            "value": "4674b3bb-bd56-43ac-b503-9e07b496fb60"
          }
        ],
        "status": "finished",
        "class": {
          "system": "http://terminology.hl7.org/CodeSystem/v3-ActCode",
          "code": "AMB"
        },
        "type": [
          {
            "coding": [
              {
                "system": "http://www.ama-assn.org/go/cpt",
                "code": "95199",
                "display": "Allergy or clinical immunology service or procedure"
              }
            ]
          }
        ],
        "subject": {
          "reference": "Patient/71a7a9c9-19de-40bc-ae7a-328e7aa3f32c"
        },
        "participant": [
          {
            "type": [
              {
                "coding": [
                  {
                    "system": "http://terminology.hl7.org/CodeSystem/v3-ParticipationType",
                    "code": "PPRF",
                    "display": "primary performer"
                  }
                ]
              }
            ],
            "period": {
              "start": "2021-03-12T13:14:12.324-05:00",
              "end": "2021-03-12T14:22:21.328-05:00"
            },
            "individual": {
              "reference": "Practitioner/yxzsXPngbUY8muWVT32.z3lu0MlHjJKjbXTKrO2rJwo"
            }
          }
        ],
        "period": {
          "start": "2021-03-12T13:00:12.324-05:00",
          "end": "2021-03-12T14:30:21.328-05:00"
        },
        "reasonCode": [
          {
            "coding": [
              {
                "system": "http://snomed.info/sct",
                "code": "409002",
                "display": "Food allergy diet "
              }
            ]
          }
        ],
        "hospitalization": {
          "dischargeDisposition": {
            "coding": [
              {
                "system": "http://terminology.hl7.org/CodeSystem/discharge-disposition",
                "code": "home",
                "display": "Home"
              }
            ]
          }
        },
        "location": [
          {
            "location": {
              "reference": "Location/nP9tJaElRNJjQAKemNwtWluz82YFjGh1st9YwZLCM-Y"
            }
          }
        ]
      },
      "search": {
        "mode": "match"
      }
    },
    {
      "resource": {
        "resourceType": "Encounter",
        "id": "k37R8UUiYedVylXtBcyL6AUtHupxggADxoo8oKLz3JQ",
        "meta": {
          "versionId": "4",
          "lastUpdated": "2021-11-11T00:16:25.284+00:00",
          "profile": [
            "http://hl7.org/fhir/us/core/StructureDefinition/us-core-encounter"
          ],
          "tag": [
            {
              "system": "http://changehealthcare.com/interop/hdc/sender_id",
              "code": "93706192ba57436c8e3caf633758ee66"
            },
            {
              "system": "http://changehealthcare.com/interop/hdc/usageindicator",
              "code": "t"
            },
            {
              "system": "http://changehealthcare.com/interop/hdc/record_type",
              "code": "A"
            },
            {
              "system": "http://changehealthcare.com/interop/hdc/date_time_reported",
              "code": "2021-04-26 00:00:00"
            },
            {
              "system": "http://changehealthcare.com/interop/hdc/tdt_epoch",
              "code": "1635964870647"
            },
            {
              "system": "http://changehealthcare.com/interop/hdc/tdt_iteration",
              "code": "1"
            },
            {
              "system": "http://changehealthcare.com/interop/hdc/record_uuid",
              "code": "6e410d68-261a-4a3e-bb27-4fd8f89f8861"
            },
            {
              "system": "http://changehealthcare.com/interop/hdc/file_location",
              "code": "s3://enterprise-datalake-ingress-qatemp-us-east-1/interoperability/valid/clinical"
            }
          ]
        },
        "identifier": [
          {
            "system": "http://changehealthcare.com/interop/hdc/sender_identifier",
            "value": "390be706-8e69-4bbf-96f8-56feb0baa28d"
          }
        ],
        "status": "finished",
        "class": {
          "system": "http://terminology.hl7.org/CodeSystem/v3-ActCode",
          "code": "AMB"
        },
        "type": [
          {
            "coding": [
              {
                "system": "http://www.ama-assn.org/go/cpt",
                "code": "95199",
                "display": "Allergy or clinical immunology service or procedure"
              }
            ]
          }
        ],
        "subject": {
          "reference": "Patient/6e410d68-261a-4a3e-bb27-4fd8f89f8861"
        },
        "participant": [
          {
            "type": [
              {
                "coding": [
                  {
                    "system": "http://terminology.hl7.org/CodeSystem/v3-ParticipationType",
                    "code": "PPRF",
                    "display": "primary performer"
                  }
                ]
              }
            ],
            "period": {
              "start": "2021-03-12T13:14:12.324-05:00",
              "end": "2021-03-12T14:22:21.328-05:00"
            },
            "individual": {
              "reference": "Practitioner/UlFO55mI5AJye-JjbmfnL9YVm2Mp-.l1cYlgZkKcRB4"
            }
          }
        ],
        "period": {
          "start": "2021-03-12T13:00:12.324-05:00",
          "end": "2021-03-12T14:30:21.328-05:00"
        },
        "reasonCode": [
          {
            "coding": [
              {
                "system": "http://snomed.info/sct",
                "code": "409002",
                "display": "Food allergy diet "
              }
            ]
          }
        ],
        "hospitalization": {
          "dischargeDisposition": {
            "coding": [
              {
                "system": "http://terminology.hl7.org/CodeSystem/discharge-disposition",
                "code": "home",
                "display": "Home"
              }
            ]
          }
        },
        "location": [
          {
            "location": {
              "reference": "Location/XIdpwELfleun1OmDC.Bi.lMhW7WkymlU497vEIfaVXA"
            }
          }
        ]
      },
      "search": {
        "mode": "match"
      }
    },
    {
      "resource": {
        "resourceType": "Practitioner",
        "id": "-08e-sTZc6AzPIgFYh5HrQNncsDeU-JyOMvzzTsComk",
        "meta": {
          "versionId": "1",
          "lastUpdated": "2021-11-11T00:13:39.688+00:00",
          "profile": [
            "http://hl7.org/fhir/us/core/StructureDefinition/us-core-practitioner"
          ],
          "tag": [
            {
              "system": "http://changehealthcare.com/interop/hdc/sender_id",
              "code": "757d4411153541b9a487e7c7ad4fa7bd"
            },
            {
              "system": "http://changehealthcare.com/interop/hdc/usageindicator",
              "code": "t"
            },
            {
              "system": "http://changehealthcare.com/interop/hdc/record_type",
              "code": "A"
            },
            {
              "system": "http://changehealthcare.com/interop/hdc/date_time_reported",
              "code": "2021-06-14 00:50:06"
            },
            {
              "system": "http://changehealthcare.com/interop/hdc/tdt_epoch",
              "code": "1636099248433"
            },
            {
              "system": "http://changehealthcare.com/interop/hdc/tdt_iteration",
              "code": "1"
            },
            {
              "system": "http://changehealthcare.com/interop/hdc/record_uuid",
              "code": "d5b99652-85c9-4951-b4e5-72cb1e580f13"
            },
            {
              "system": "http://changehealthcare.com/interop/hdc/file_location",
              "code": "s3://enterprise-datalake-ingress-qatemp-us-east-1/interoperability/valid/clinical"
            }
          ]
        },
        "identifier": [
          {
            "system": "http://hl7.org/fhir/sid/us-npi",
            "value": "1234567890"
          }
        ],
        "active": true,
        "name": [
          {
            "use": "usual",
            "text": "Domenica Tremblay",
            "family": "Tremblay",
            "given": ["Domenica"],
            "prefix": ["Dr."]
          }
        ],
        "telecom": [
          {
            "system": "fax",
            "value": "1234567890",
            "use": "temp",
            "rank": 1
          }
        ],
        "address": [
          {
            "use": "work",
            "type": "postal",
            "text": "9395 CROWN CREST BLVD",
            "line": ["9395 CROWN CREST BLVD"],
            "city": "PARKER",
            "district": "string",
            "state": "CO",
            "postalCode": "80138",
            "country": "US"
          }
        ]
      },
      "search": {
        "mode": "include"
      }
    },
    {
      "resource": {
        "resourceType": "Practitioner",
        "id": "yxzsXPngbUY8muWVT32.z3lu0MlHjJKjbXTKrO2rJwo",
        "meta": {
          "versionId": "4",
          "lastUpdated": "2021-11-11T00:16:28.249+00:00",
          "profile": [
            "http://hl7.org/fhir/us/core/StructureDefinition/us-core-practitioner"
          ],
          "tag": [
            {
              "system": "http://changehealthcare.com/interop/hdc/sender_id",
              "code": "93706192ba57436c8e3caf633758ee66"
            },
            {
              "system": "http://changehealthcare.com/interop/hdc/usageindicator",
              "code": "t"
            },
            {
              "system": "http://changehealthcare.com/interop/hdc/record_type",
              "code": "A"
            },
            {
              "system": "http://changehealthcare.com/interop/hdc/date_time_reported",
              "code": "2021-04-26 00:00:00"
            },
            {
              "system": "http://changehealthcare.com/interop/hdc/tdt_epoch",
              "code": "1635964870647"
            },
            {
              "system": "http://changehealthcare.com/interop/hdc/tdt_iteration",
              "code": "1"
            },
            {
              "system": "http://changehealthcare.com/interop/hdc/record_uuid",
              "code": "71a7a9c9-19de-40bc-ae7a-328e7aa3f32c"
            },
            {
              "system": "http://changehealthcare.com/interop/hdc/file_location",
              "code": "s3://enterprise-datalake-ingress-qatemp-us-east-1/interoperability/valid/clinical"
            }
          ]
        },
        "identifier": [
          {
            "system": "http://hl7.org/fhir/sid/us-npi",
            "value": "1234567890"
          }
        ],
        "active": true,
        "name": [
          {
            "use": "usual",
            "text": "Domenica Tremblay",
            "family": "Tremblay",
            "given": ["Domenica"],
            "prefix": ["Dr."]
          }
        ],
        "telecom": [
          {
            "system": "fax",
            "value": "1234567890",
            "use": "temp",
            "rank": 1
          }
        ],
        "address": [
          {
            "use": "work",
            "type": "postal",
            "text": "9395 CROWN CREST BLVD",
            "line": ["9395 CROWN CREST BLVD"],
            "city": "PARKER",
            "district": "string",
            "state": "CO",
            "postalCode": "80138",
            "country": "US"
          }
        ]
      },
      "search": {
        "mode": "include"
      }
    },
    {
      "resource": {
        "resourceType": "Location",
        "id": "Z-5ZmfTwV51tLYFZ72uPJUHbvXMMPNTnsT-kxtvHJ5c",
        "meta": {
          "versionId": "2",
          "lastUpdated": "2021-11-11T00:16:21.556+00:00",
          "profile": [
            "http://hl7.org/fhir/us/core/StructureDefinition/us-core-location"
          ],
          "tag": [
            {
              "system": "http://changehealthcare.com/interop/hdc/sender_id",
              "code": "93706192ba57436c8e3caf633758ee66"
            },
            {
              "system": "http://changehealthcare.com/interop/hdc/usageindicator",
              "code": "t"
            },
            {
              "system": "http://changehealthcare.com/interop/hdc/record_type",
              "code": "A"
            },
            {
              "system": "http://changehealthcare.com/interop/hdc/date_time_reported",
              "code": "2021-06-06 05:00:00"
            },
            {
              "system": "http://changehealthcare.com/interop/hdc/tdt_epoch",
              "code": "1635964870647"
            },
            {
              "system": "http://changehealthcare.com/interop/hdc/tdt_iteration",
              "code": "1"
            },
            {
              "system": "http://changehealthcare.com/interop/hdc/record_uuid",
              "code": "ec17163a-dcbb-41b3-b1c4-0d2f1b9ec540"
            },
            {
              "system": "http://changehealthcare.com/interop/hdc/file_location",
              "code": "s3://enterprise-datalake-ingress-qatemp-us-east-1/interoperability/valid/clinical"
            }
          ]
        },
        "identifier": [
          {
            "value": "29"
          }
        ],
        "status": "active",
        "name": "PARKER ADVENTIST HOSPITAL",
        "telecom": [
          {
            "system": "pager",
            "value": "string",
            "use": "temp",
            "rank": 201
          }
        ]
      },
      "search": {
        "mode": "include"
      }
    },
    {
      "resource": {
        "resourceType": "Location",
        "id": "xR.PHsVvfcGCt8RpOUQuQlpZugd4h64BTDJH0JKsBB0",
        "meta": {
          "versionId": "4",
          "lastUpdated": "2021-11-11T00:16:28.874+00:00",
          "profile": [
            "http://hl7.org/fhir/us/core/StructureDefinition/us-core-location"
          ],
          "tag": [
            {
              "system": "http://changehealthcare.com/interop/hdc/sender_id",
              "code": "740b8dd63c504e7fbb1559f1d951d63d"
            },
            {
              "system": "http://changehealthcare.com/interop/hdc/usageindicator",
              "code": "t"
            },
            {
              "system": "http://changehealthcare.com/interop/hdc/record_type",
              "code": "A"
            },
            {
              "system": "http://changehealthcare.com/interop/hdc/date_time_reported",
              "code": "2021-04-26 00:00:00"
            },
            {
              "system": "http://changehealthcare.com/interop/hdc/tdt_epoch",
              "code": "1635964870647"
            },
            {
              "system": "http://changehealthcare.com/interop/hdc/tdt_iteration",
              "code": "1"
            },
            {
              "system": "http://changehealthcare.com/interop/hdc/record_uuid",
              "code": "37dec84f-34c2-4921-ae98-635572d99d39"
            },
            {
              "system": "http://changehealthcare.com/interop/hdc/file_location",
              "code": "s3://enterprise-datalake-ingress-qatemp-us-east-1/interoperability/valid/clinical"
            }
          ]
        },
        "identifier": [
          {
            "value": "29"
          }
        ],
        "status": "active",
        "name": "PARKER ADVENTIST HOSPITAL",
        "telecom": [
          {
            "system": "pager",
            "value": "string",
            "use": "temp",
            "rank": 201
          }
        ]
      },
      "search": {
        "mode": "include"
      }
    },
    {
      "resource": {
        "resourceType": "Practitioner",
        "id": "1qEFGH-EWC9AYVBxXeXCnv4gLy8BT6-7P.mMWt3jnes",
        "meta": {
          "versionId": "4",
          "lastUpdated": "2021-11-11T00:16:25.073+00:00",
          "profile": [
            "http://hl7.org/fhir/us/core/StructureDefinition/us-core-practitioner"
          ],
          "tag": [
            {
              "system": "http://changehealthcare.com/interop/hdc/sender_id",
              "code": "740b8dd63c504e7fbb1559f1d951d63d"
            },
            {
              "system": "http://changehealthcare.com/interop/hdc/usageindicator",
              "code": "t"
            },
            {
              "system": "http://changehealthcare.com/interop/hdc/record_type",
              "code": "A"
            },
            {
              "system": "http://changehealthcare.com/interop/hdc/date_time_reported",
              "code": "2021-04-26 00:00:00"
            },
            {
              "system": "http://changehealthcare.com/interop/hdc/tdt_epoch",
              "code": "1635964870647"
            },
            {
              "system": "http://changehealthcare.com/interop/hdc/tdt_iteration",
              "code": "1"
            },
            {
              "system": "http://changehealthcare.com/interop/hdc/record_uuid",
              "code": "37dec84f-34c2-4921-ae98-635572d99d39"
            },
            {
              "system": "http://changehealthcare.com/interop/hdc/file_location",
              "code": "s3://enterprise-datalake-ingress-qatemp-us-east-1/interoperability/valid/clinical"
            }
          ]
        },
        "identifier": [
          {
            "system": "http://hl7.org/fhir/sid/us-npi",
            "value": "1234567890"
          }
        ],
        "active": true,
        "name": [
          {
            "use": "usual",
            "text": "Domenica Tremblay",
            "family": "Tremblay",
            "given": ["Domenica"],
            "prefix": ["Dr."]
          }
        ],
        "telecom": [
          {
            "system": "fax",
            "value": "1234567890",
            "use": "temp",
            "rank": 1
          }
        ],
        "address": [
          {
            "use": "work",
            "type": "postal",
            "text": "9395 CROWN CREST BLVD",
            "line": ["9395 CROWN CREST BLVD"],
            "city": "PARKER",
            "district": "string",
            "state": "CO",
            "postalCode": "80138",
            "country": "US"
          }
        ]
      },
      "search": {
        "mode": "include"
      }
    },
    {
      "resource": {
        "resourceType": "Location",
        "id": "wsUxhRcy97lhBIH7comDQAvl8YNpu2AomaLuZVqJQ9w",
        "meta": {
          "versionId": "3",
          "lastUpdated": "2021-11-11T00:16:20.788+00:00",
          "profile": [
            "http://hl7.org/fhir/us/core/StructureDefinition/us-core-location"
          ],
          "tag": [
            {
              "system": "http://changehealthcare.com/interop/hdc/sender_id",
              "code": "740b8dd63c504e7fbb1559f1d951d63d"
            },
            {
              "system": "http://changehealthcare.com/interop/hdc/usageindicator",
              "code": "t"
            },
            {
              "system": "http://changehealthcare.com/interop/hdc/record_type",
              "code": "A"
            },
            {
              "system": "http://changehealthcare.com/interop/hdc/date_time_reported",
              "code": "2021-04-26 00:00:00"
            },
            {
              "system": "http://changehealthcare.com/interop/hdc/tdt_epoch",
              "code": "1635964870647"
            },
            {
              "system": "http://changehealthcare.com/interop/hdc/tdt_iteration",
              "code": "1"
            },
            {
              "system": "http://changehealthcare.com/interop/hdc/record_uuid",
              "code": "0479d51d-08a7-4d02-81f6-8c0977438179"
            },
            {
              "system": "http://changehealthcare.com/interop/hdc/file_location",
              "code": "s3://enterprise-datalake-ingress-qatemp-us-east-1/interoperability/valid/clinical"
            }
          ]
        },
        "identifier": [
          {
            "value": "29"
          }
        ],
        "status": "active",
        "name": "PARKER ADVENTIST HOSPITAL",
        "telecom": [
          {
            "system": "pager",
            "value": "string",
            "use": "temp",
            "rank": 201
          }
        ]
      },
      "search": {
        "mode": "include"
      }
    },
    {
      "resource": {
        "resourceType": "Location",
        "id": "nP9tJaElRNJjQAKemNwtWluz82YFjGh1st9YwZLCM-Y",
        "meta": {
          "versionId": "4",
          "lastUpdated": "2021-11-11T00:16:24.607+00:00",
          "profile": [
            "http://hl7.org/fhir/us/core/StructureDefinition/us-core-location"
          ],
          "tag": [
            {
              "system": "http://changehealthcare.com/interop/hdc/sender_id",
              "code": "93706192ba57436c8e3caf633758ee66"
            },
            {
              "system": "http://changehealthcare.com/interop/hdc/usageindicator",
              "code": "t"
            },
            {
              "system": "http://changehealthcare.com/interop/hdc/record_type",
              "code": "A"
            },
            {
              "system": "http://changehealthcare.com/interop/hdc/date_time_reported",
              "code": "2021-04-26 00:00:00"
            },
            {
              "system": "http://changehealthcare.com/interop/hdc/tdt_epoch",
              "code": "1635945167253"
            },
            {
              "system": "http://changehealthcare.com/interop/hdc/tdt_iteration",
              "code": "1"
            },
            {
              "system": "http://changehealthcare.com/interop/hdc/record_uuid",
              "code": "0865ee5e-e5c3-4fa5-91d1-60c2da37eb84"
            },
            {
              "system": "http://changehealthcare.com/interop/hdc/file_location",
              "code": "s3://enterprise-datalake-ingress-qatemp-us-east-1/interoperability/valid/clinical"
            }
          ]
        },
        "identifier": [
          {
            "value": "29"
          }
        ],
        "status": "active",
        "name": "PARKER ADVENTIST HOSPITAL",
        "telecom": [
          {
            "system": "pager",
            "value": "string",
            "use": "temp",
            "rank": 201
          }
        ]
      },
      "search": {
        "mode": "include"
      }
    },
    {
      "resource": {
        "resourceType": "Location",
        "id": "1tom37u4n1ovF8nNkykB.d5D41cONK7JOV4YET3ExoI",
        "meta": {
          "versionId": "1",
          "lastUpdated": "2021-11-11T00:13:39.951+00:00",
          "profile": [
            "http://hl7.org/fhir/us/core/StructureDefinition/us-core-location"
          ],
          "tag": [
            {
              "system": "http://changehealthcare.com/interop/hdc/sender_id",
              "code": "757d4411153541b9a487e7c7ad4fa7bd"
            },
            {
              "system": "http://changehealthcare.com/interop/hdc/usageindicator",
              "code": "t"
            },
            {
              "system": "http://changehealthcare.com/interop/hdc/record_type",
              "code": "A"
            },
            {
              "system": "http://changehealthcare.com/interop/hdc/date_time_reported",
              "code": "2021-06-14 00:50:06"
            },
            {
              "system": "http://changehealthcare.com/interop/hdc/tdt_epoch",
              "code": "1636099248433"
            },
            {
              "system": "http://changehealthcare.com/interop/hdc/tdt_iteration",
              "code": "1"
            },
            {
              "system": "http://changehealthcare.com/interop/hdc/record_uuid",
              "code": "d5b99652-85c9-4951-b4e5-72cb1e580f13"
            },
            {
              "system": "http://changehealthcare.com/interop/hdc/file_location",
              "code": "s3://enterprise-datalake-ingress-qatemp-us-east-1/interoperability/valid/clinical"
            }
          ]
        },
        "identifier": [
          {
            "value": "29"
          }
        ],
        "status": "active",
        "name": "PARKER ADVENTIST HOSPITAL 2",
        "telecom": [
          {
            "system": "pager",
            "value": "string",
            "use": "temp",
            "rank": 201
          }
        ]
      },
      "search": {
        "mode": "include"
      }
    },
    {
      "resource": {
        "resourceType": "Practitioner",
        "id": "O2uwJIWmPg0-IGft4Rwjl3v3.Oe37Ci52DuW0Mjinnk",
        "meta": {
          "versionId": "4",
          "lastUpdated": "2021-09-21T22:44:26.071+00:00",
          "profile": [
            "http://hl7.org/fhir/us/core/StructureDefinition/us-core-practitioner"
          ],
          "tag": [
            {
              "system": "http://changehealthcare.com/interop/hdc/sender_id",
              "code": "25a84116b4ba448097ea8d8c4ffaae11"
            },
            {
              "system": "http://changehealthcare.com/interop/hdc/usageindicator",
              "code": "t"
            },
            {
              "system": "http://changehealthcare.com/interop/hdc/record_type",
              "code": "A"
            },
            {
              "system": "http://changehealthcare.com/interop/hdc/date_time_reported",
              "code": "2021-09-21 16:50:06"
            },
            {
              "system": "http://changehealthcare.com/interop/hdc/tdt_epoch",
              "code": "1632262440694"
            },
            {
              "system": "http://changehealthcare.com/interop/hdc/tdt_iteration",
              "code": "1"
            },
            {
              "system": "http://changehealthcare.com/interop/hdc/record_uuid",
              "code": "e09d4321-7f9e-44f1-87c4-0f690e5c114d"
            },
            {
              "system": "http://changehealthcare.com/interop/hdc/file_location",
              "code": "s3://enterprise-datalake-ingress-qatemp-us-east-1/interoperability/valid/clinical"
            }
          ]
        },
        "identifier": [
          {
            "system": "http://hl7.org/fhir/sid/us-npi",
            "value": "1234567890"
          }
        ],
        "active": true,
        "name": [
          {
            "use": "usual",
            "text": "Domenica Tremblay",
            "family": "Tremblay",
            "given": ["Domenica"],
            "prefix": ["Dr."]
          }
        ],
        "telecom": [
          {
            "system": "fax",
            "value": "1234567890",
            "use": "temp",
            "rank": 1
          }
        ],
        "address": [
          {
            "use": "work",
            "type": "postal",
            "text": "9395 CROWN CREST BLVD",
            "line": ["9395 CROWN CREST BLVD"],
            "city": "PARKER",
            "district": "string",
            "state": "CO",
            "postalCode": "80138",
            "country": "US"
          }
        ]
      },
      "search": {
        "mode": "include"
      }
    },
    {
      "resource": {
        "resourceType": "Location",
        "id": "bUFl2e6ld9n8kylgcvkSQV2VUHTjF1Q64kKzx6Uf3Vw",
        "meta": {
          "versionId": "4",
          "lastUpdated": "2021-09-21T22:44:25.696+00:00",
          "profile": [
            "http://hl7.org/fhir/us/core/StructureDefinition/us-core-location"
          ],
          "tag": [
            {
              "system": "http://changehealthcare.com/interop/hdc/sender_id",
              "code": "25a84116b4ba448097ea8d8c4ffaae11"
            },
            {
              "system": "http://changehealthcare.com/interop/hdc/usageindicator",
              "code": "t"
            },
            {
              "system": "http://changehealthcare.com/interop/hdc/record_type",
              "code": "A"
            },
            {
              "system": "http://changehealthcare.com/interop/hdc/date_time_reported",
              "code": "2021-09-21 16:50:06"
            },
            {
              "system": "http://changehealthcare.com/interop/hdc/tdt_epoch",
              "code": "1632262440694"
            },
            {
              "system": "http://changehealthcare.com/interop/hdc/tdt_iteration",
              "code": "1"
            },
            {
              "system": "http://changehealthcare.com/interop/hdc/record_uuid",
              "code": "e09d4321-7f9e-44f1-87c4-0f690e5c114d"
            },
            {
              "system": "http://changehealthcare.com/interop/hdc/file_location",
              "code": "s3://enterprise-datalake-ingress-qatemp-us-east-1/interoperability/valid/clinical"
            }
          ]
        },
        "identifier": [
          {
            "value": "29"
          }
        ],
        "status": "active",
        "name": "PARKER ADVENTIST HOSPITAL",
        "telecom": [
          {
            "system": "pager",
            "value": "string",
            "use": "temp",
            "rank": 201
          }
        ]
      },
      "search": {
        "mode": "include"
      }
    },
    {
      "resource": {
        "resourceType": "Practitioner",
        "id": "UlFO55mI5AJye-JjbmfnL9YVm2Mp-.l1cYlgZkKcRB4",
        "meta": {
          "versionId": "3",
          "lastUpdated": "2021-11-11T00:16:27.020+00:00",
          "profile": [
            "http://hl7.org/fhir/us/core/StructureDefinition/us-core-practitioner"
          ],
          "tag": [
            {
              "system": "http://changehealthcare.com/interop/hdc/sender_id",
              "code": "93706192ba57436c8e3caf633758ee66"
            },
            {
              "system": "http://changehealthcare.com/interop/hdc/usageindicator",
              "code": "t"
            },
            {
              "system": "http://changehealthcare.com/interop/hdc/record_type",
              "code": "A"
            },
            {
              "system": "http://changehealthcare.com/interop/hdc/date_time_reported",
              "code": "2021-04-26 00:00:00"
            },
            {
              "system": "http://changehealthcare.com/interop/hdc/tdt_epoch",
              "code": "1635964870647"
            },
            {
              "system": "http://changehealthcare.com/interop/hdc/tdt_iteration",
              "code": "1"
            },
            {
              "system": "http://changehealthcare.com/interop/hdc/record_uuid",
              "code": "6e410d68-261a-4a3e-bb27-4fd8f89f8861"
            },
            {
              "system": "http://changehealthcare.com/interop/hdc/file_location",
              "code": "s3://enterprise-datalake-ingress-qatemp-us-east-1/interoperability/valid/clinical"
            }
          ]
        },
        "identifier": [
          {
            "system": "http://hl7.org/fhir/sid/us-npi",
            "value": "1234567890"
          }
        ],
        "active": true,
        "name": [
          {
            "use": "usual",
            "text": "Domenica Tremblay",
            "family": "Tremblay",
            "given": ["Domenica"],
            "prefix": ["Dr."]
          }
        ],
        "telecom": [
          {
            "system": "fax",
            "value": "1234567890",
            "use": "temp",
            "rank": 1
          }
        ],
        "address": [
          {
            "use": "work",
            "type": "postal",
            "text": "9395 CROWN CREST BLVD",
            "line": ["9395 CROWN CREST BLVD"],
            "city": "PARKER",
            "district": "string",
            "state": "CO",
            "postalCode": "80138",
            "country": "US"
          }
        ]
      },
      "search": {
        "mode": "include"
      }
    },
    {
      "resource": {
        "resourceType": "Practitioner",
        "id": "Hjqd9E4-LrjQSceEW0kOVsokaN-OblS4QHugjt5LJl8",
        "meta": {
          "versionId": "1",
          "lastUpdated": "2021-11-11T00:16:19.201+00:00",
          "profile": [
            "http://hl7.org/fhir/us/core/StructureDefinition/us-core-practitioner"
          ],
          "tag": [
            {
              "system": "http://changehealthcare.com/interop/hdc/sender_id",
              "code": "93706192ba57436c8e3caf633758ee66"
            },
            {
              "system": "http://changehealthcare.com/interop/hdc/usageindicator",
              "code": "t"
            },
            {
              "system": "http://changehealthcare.com/interop/hdc/record_type",
              "code": "A"
            },
            {
              "system": "http://changehealthcare.com/interop/hdc/date_time_reported",
              "code": "2021-06-06 05:00:00"
            },
            {
              "system": "http://changehealthcare.com/interop/hdc/tdt_epoch",
              "code": "1635964870647"
            },
            {
              "system": "http://changehealthcare.com/interop/hdc/tdt_iteration",
              "code": "1"
            },
            {
              "system": "http://changehealthcare.com/interop/hdc/record_uuid",
              "code": "ec17163a-dcbb-41b3-b1c4-0d2f1b9ec540"
            },
            {
              "system": "http://changehealthcare.com/interop/hdc/file_location",
              "code": "s3://enterprise-datalake-ingress-qatemp-us-east-1/interoperability/valid/clinical"
            }
          ]
        },
        "identifier": [
          {
            "system": "http://hl7.org/fhir/sid/us-npi",
            "value": "1234567890"
          }
        ],
        "active": true,
        "name": [
          {
            "use": "usual",
            "text": "Domenica Tremblay",
            "family": "Tremblay",
            "given": ["Domenica"],
            "prefix": ["Dr."]
          }
        ],
        "telecom": [
          {
            "system": "fax",
            "value": "1234567890",
            "use": "temp",
            "rank": 1
          }
        ],
        "address": [
          {
            "use": "work",
            "type": "postal",
            "text": "9395 CROWN CREST BLVD",
            "line": ["9395 CROWN CREST BLVD"],
            "city": "PARKER",
            "district": "string",
            "state": "CO",
            "postalCode": "80138",
            "country": "US"
          }
        ]
      },
      "search": {
        "mode": "include"
      }
    },
    {
      "resource": {
        "resourceType": "Practitioner",
        "id": "WyzKwQewm9-PfcB6nevr46pUZ.FvWLGRTSg.CqHax.o",
        "meta": {
          "versionId": "2",
          "lastUpdated": "2021-11-11T00:16:20.763+00:00",
          "profile": [
            "http://hl7.org/fhir/us/core/StructureDefinition/us-core-practitioner"
          ],
          "tag": [
            {
              "system": "http://changehealthcare.com/interop/hdc/sender_id",
              "code": "740b8dd63c504e7fbb1559f1d951d63d"
            },
            {
              "system": "http://changehealthcare.com/interop/hdc/usageindicator",
              "code": "t"
            },
            {
              "system": "http://changehealthcare.com/interop/hdc/record_type",
              "code": "A"
            },
            {
              "system": "http://changehealthcare.com/interop/hdc/date_time_reported",
              "code": "2021-04-26 00:00:00"
            },
            {
              "system": "http://changehealthcare.com/interop/hdc/tdt_epoch",
              "code": "1635964870647"
            },
            {
              "system": "http://changehealthcare.com/interop/hdc/tdt_iteration",
              "code": "1"
            },
            {
              "system": "http://changehealthcare.com/interop/hdc/record_uuid",
              "code": "0479d51d-08a7-4d02-81f6-8c0977438179"
            },
            {
              "system": "http://changehealthcare.com/interop/hdc/file_location",
              "code": "s3://enterprise-datalake-ingress-qatemp-us-east-1/interoperability/valid/clinical"
            }
          ]
        },
        "identifier": [
          {
            "system": "http://hl7.org/fhir/sid/us-npi",
            "value": "1234567890"
          }
        ],
        "active": true,
        "name": [
          {
            "use": "usual",
            "text": "Domenica Tremblay",
            "family": "Tremblay",
            "given": ["Domenica"],
            "prefix": ["Dr."]
          }
        ],
        "telecom": [
          {
            "system": "fax",
            "value": "1234567890",
            "use": "temp",
            "rank": 1
          }
        ],
        "address": [
          {
            "use": "work",
            "type": "postal",
            "text": "9395 CROWN CREST BLVD",
            "line": ["9395 CROWN CREST BLVD"],
            "city": "PARKER",
            "district": "string",
            "state": "CO",
            "postalCode": "80138",
            "country": "US"
          }
        ]
      },
      "search": {
        "mode": "include"
      }
    },
    {
      "resource": {
        "resourceType": "Location",
        "id": "XIdpwELfleun1OmDC.Bi.lMhW7WkymlU497vEIfaVXA",
        "meta": {
          "versionId": "4",
          "lastUpdated": "2021-11-11T00:16:26.875+00:00",
          "profile": [
            "http://hl7.org/fhir/us/core/StructureDefinition/us-core-location"
          ],
          "tag": [
            {
              "system": "http://changehealthcare.com/interop/hdc/sender_id",
              "code": "93706192ba57436c8e3caf633758ee66"
            },
            {
              "system": "http://changehealthcare.com/interop/hdc/usageindicator",
              "code": "t"
            },
            {
              "system": "http://changehealthcare.com/interop/hdc/record_type",
              "code": "A"
            },
            {
              "system": "http://changehealthcare.com/interop/hdc/date_time_reported",
              "code": "2021-04-26 00:00:00"
            },
            {
              "system": "http://changehealthcare.com/interop/hdc/tdt_epoch",
              "code": "1635964870647"
            },
            {
              "system": "http://changehealthcare.com/interop/hdc/tdt_iteration",
              "code": "1"
            },
            {
              "system": "http://changehealthcare.com/interop/hdc/record_uuid",
              "code": "6e410d68-261a-4a3e-bb27-4fd8f89f8861"
            },
            {
              "system": "http://changehealthcare.com/interop/hdc/file_location",
              "code": "s3://enterprise-datalake-ingress-qatemp-us-east-1/interoperability/valid/clinical"
            }
          ]
        },
        "identifier": [
          {
            "value": "29"
          }
        ],
        "status": "active",
        "name": "PARKER ADVENTIST HOSPITAL",
        "telecom": [
          {
            "system": "pager",
            "value": "string",
            "use": "temp",
            "rank": 201
          }
        ]
      },
      "search": {
        "mode": "include"
      }
    }
  ]
}
