{
  "resourceType": "Bundle",
  "id": "c1328baa-082e-44fb-bc45-6c00fc25f896",
  "meta": { "lastUpdated": "2022-04-10T20:18:21.062+00:00" },
  "type": "searchset",
  "link": [{ "relation": "self", "url": "/Goal" }],
  "entry": [
    {
      "resource": {
        "resourceType": "Goal",
        "id": "lWR3MgxWJzJH8dXYLOY9S8B2dj5SJ7z3wOXUJ23SFy0",
        "meta": {
          "versionId": "1",
          "lastUpdated": "2021-09-17T11:50:29.042+00:00",
          "profile": [
            "http://hl7.org/fhir/us/core/StructureDefinition/us-core-goal"
          ],
          "tag": [
            {
              "system": "http://changehealthcare.com/interop/hdc/sender_id",
              "code": "93706192ba57436c8e3caf633758ee66"
            },
            {
              "system": "http://changehealthcare.com/interop/hdc/usageindicator",
              "code": "t"
            },
            {
              "system": "http://changehealthcare.com/interop/hdc/record_type",
              "code": "A"
            },
            {
              "system": "http://changehealthcare.com/interop/hdc/date_time_reported",
              "code": "2021-08-26 00:01:10"
            },
            {
              "system": "http://changehealthcare.com/interop/hdc/tdt_epoch",
              "code": "1630369762286"
            },
            {
              "system": "http://changehealthcare.com/interop/hdc/tdt_iteration",
              "code": "1"
            },
            {
              "system": "http://changehealthcare.com/interop/hdc/record_uuid",
              "code": "bc64bb29-151a-467d-90ed-bbbff048782c"
            },
            {
              "system": "http://changehealthcare.com/interop/hdc/file_location",
              "code": "s3://enterprise-datalake-ingress-preprod-us-east-1/interoperability/valid/clinical"
            }
          ]
        },
        "identifier": [{ "value": "48cdd1c3-babd-4bf5-991b-062d8d69918f" }],
        "lifecycleStatus": "planned",
        "description": {
          "coding": [
            { "system": "http://hl7.org/fhir/sid/icd-10", "code": "Z68.22" }
          ]
        },
        "subject": {
          "reference": "Patient/bc64bb29-151a-467d-90ed-bbbff048782c"
        }
      },
      "search": { "mode": "match" }
    },
    {
      "resource": {
        "resourceType": "Goal",
        "id": "IlgiS-GLpyt7si3z4yaVjyz8Ip3sZ2Y7vCD8JVlKBjk",
        "meta": {
          "versionId": "1",
          "lastUpdated": "2021-09-17T11:50:29.300+00:00",
          "profile": [
            "http://hl7.org/fhir/us/core/StructureDefinition/us-core-goal"
          ],
          "tag": [
            {
              "system": "http://changehealthcare.com/interop/hdc/sender_id",
              "code": "93706192ba57436c8e3caf633758ee66"
            },
            {
              "system": "http://changehealthcare.com/interop/hdc/usageindicator",
              "code": "t"
            },
            {
              "system": "http://changehealthcare.com/interop/hdc/record_type",
              "code": "A"
            },
            {
              "system": "http://changehealthcare.com/interop/hdc/date_time_reported",
              "code": "2021-08-26 00:01:10"
            },
            {
              "system": "http://changehealthcare.com/interop/hdc/tdt_epoch",
              "code": "1630369762286"
            },
            {
              "system": "http://changehealthcare.com/interop/hdc/tdt_iteration",
              "code": "1"
            },
            {
              "system": "http://changehealthcare.com/interop/hdc/record_uuid",
              "code": "bc64bb29-151a-467d-90ed-bbbff048782c"
            },
            {
              "system": "http://changehealthcare.com/interop/hdc/file_location",
              "code": "s3://enterprise-datalake-ingress-preprod-us-east-1/interoperability/valid/clinical"
            }
          ]
        },
        "identifier": [{ "value": "f1dd971b-8e81-45d3-80cc-ee13dd698f7a" }],
        "lifecycleStatus": "planned",
        "description": {
          "coding": [
            {
              "system": "http://snomed.info/sct",
              "code": "271398006",
              "display": "Weight steady (finding)"
            }
          ]
        },
        "subject": {
          "reference": "Patient/bc64bb29-151a-467d-90ed-bbbff048782c"
        },
        "target": [{ "dueDate": "2022-04-15" }]
      },
      "search": { "mode": "match" }
    },
    {
      "resource": {
        "resourceType": "Goal",
        "id": "MX0vI2ApVq9K8oSW-JAFS.r1zz.FbP4n3ECkl8hkkE4",
        "meta": {
          "versionId": "1",
          "lastUpdated": "2021-09-17T11:50:29.402+00:00",
          "profile": [
            "http://hl7.org/fhir/us/core/StructureDefinition/us-core-goal"
          ],
          "tag": [
            {
              "system": "http://changehealthcare.com/interop/hdc/sender_id",
              "code": "93706192ba57436c8e3caf633758ee66"
            },
            {
              "system": "http://changehealthcare.com/interop/hdc/usageindicator",
              "code": "t"
            },
            {
              "system": "http://changehealthcare.com/interop/hdc/record_type",
              "code": "A"
            },
            {
              "system": "http://changehealthcare.com/interop/hdc/date_time_reported",
              "code": "2021-08-26 00:01:10"
            },
            {
              "system": "http://changehealthcare.com/interop/hdc/tdt_epoch",
              "code": "1630369762286"
            },
            {
              "system": "http://changehealthcare.com/interop/hdc/tdt_iteration",
              "code": "1"
            },
            {
              "system": "http://changehealthcare.com/interop/hdc/record_uuid",
              "code": "31900355-26ad-4b7a-8705-90fbaccf8fc3"
            },
            {
              "system": "http://changehealthcare.com/interop/hdc/file_location",
              "code": "s3://enterprise-datalake-ingress-preprod-us-east-1/interoperability/valid/clinical"
            }
          ]
        },
        "identifier": [{ "value": "d674c166-5527-4d4a-b95c-bea8d39d00e5" }],
        "lifecycleStatus": "planned",
        "description": {
          "coding": [
            {
              "system": "http://snomed.info/sct",
              "code": "271398006",
              "display": "Weight steady (finding)"
            }
          ]
        },
        "subject": {
          "reference": "Patient/31900355-26ad-4b7a-8705-90fbaccf8fc3"
        },
        "target": [{ "dueDate": "2022-04-15" }]
      },
      "search": { "mode": "match" }
    },
    {
      "resource": {
        "resourceType": "Goal",
        "id": ".BtcebjjBHpE3Yy927Pdfv85wqJ-i1cbD7JJv7J4kVA",
        "meta": {
          "versionId": "1",
          "lastUpdated": "2021-09-17T11:50:29.451+00:00",
          "profile": [
            "http://hl7.org/fhir/us/core/StructureDefinition/us-core-goal"
          ],
          "tag": [
            {
              "system": "http://changehealthcare.com/interop/hdc/sender_id",
              "code": "93706192ba57436c8e3caf633758ee66"
            },
            {
              "system": "http://changehealthcare.com/interop/hdc/usageindicator",
              "code": "t"
            },
            {
              "system": "http://changehealthcare.com/interop/hdc/record_type",
              "code": "A"
            },
            {
              "system": "http://changehealthcare.com/interop/hdc/date_time_reported",
              "code": "2021-08-26 00:01:10"
            },
            {
              "system": "http://changehealthcare.com/interop/hdc/tdt_epoch",
              "code": "1630369762286"
            },
            {
              "system": "http://changehealthcare.com/interop/hdc/tdt_iteration",
              "code": "1"
            },
            {
              "system": "http://changehealthcare.com/interop/hdc/record_uuid",
              "code": "bc64bb29-151a-467d-90ed-bbbff048782c"
            },
            {
              "system": "http://changehealthcare.com/interop/hdc/file_location",
              "code": "s3://enterprise-datalake-ingress-preprod-us-east-1/interoperability/valid/clinical"
            }
          ]
        },
        "identifier": [{ "value": "195e126d-e596-41a4-8f31-6dd0e7d21592" }],
        "lifecycleStatus": "planned",
        "description": {
          "coding": [
            { "system": "http://hl7.org/fhir/sid/icd-10", "code": "Z68.52" }
          ]
        },
        "subject": {
          "reference": "Patient/bc64bb29-151a-467d-90ed-bbbff048782c"
        },
        "target": [{ "dueDate": "2021-10-15" }]
      },
      "search": { "mode": "match" }
    },
    {
      "resource": {
        "resourceType": "Goal",
        "id": "1n3S8cLyvJQn2x02BY7kQ1kfptwWbXv0aCEA9oNdvCE",
        "meta": {
          "versionId": "1",
          "lastUpdated": "2021-09-17T11:50:29.471+00:00",
          "profile": [
            "http://hl7.org/fhir/us/core/StructureDefinition/us-core-goal"
          ],
          "tag": [
            {
              "system": "http://changehealthcare.com/interop/hdc/sender_id",
              "code": "93706192ba57436c8e3caf633758ee66"
            },
            {
              "system": "http://changehealthcare.com/interop/hdc/usageindicator",
              "code": "t"
            },
            {
              "system": "http://changehealthcare.com/interop/hdc/record_type",
              "code": "A"
            },
            {
              "system": "http://changehealthcare.com/interop/hdc/date_time_reported",
              "code": "2021-08-26 00:01:10"
            },
            {
              "system": "http://changehealthcare.com/interop/hdc/tdt_epoch",
              "code": "1630369762286"
            },
            {
              "system": "http://changehealthcare.com/interop/hdc/tdt_iteration",
              "code": "1"
            },
            {
              "system": "http://changehealthcare.com/interop/hdc/record_uuid",
              "code": "31900355-26ad-4b7a-8705-90fbaccf8fc3"
            },
            {
              "system": "http://changehealthcare.com/interop/hdc/file_location",
              "code": "s3://enterprise-datalake-ingress-preprod-us-east-1/interoperability/valid/clinical"
            }
          ]
        },
        "identifier": [{ "value": "40e165c5-ae21-414c-aa5b-474daece2750" }],
        "lifecycleStatus": "planned",
        "description": {
          "coding": [
            { "system": "http://hl7.org/fhir/sid/icd-10", "code": "Z68.52" }
          ]
        },
        "subject": {
          "reference": "Patient/31900355-26ad-4b7a-8705-90fbaccf8fc3"
        },
        "target": [{ "dueDate": "2021-10-15" }]
      },
      "search": { "mode": "match" }
    },
    {
      "resource": {
        "resourceType": "Goal",
        "id": "C9jIIV4cRkYSDnBpPPmP6YXA5iDQhV8YdokHpBjqkqA",
        "meta": {
          "versionId": "1",
          "lastUpdated": "2021-09-17T11:50:29.549+00:00",
          "profile": [
            "http://hl7.org/fhir/us/core/StructureDefinition/us-core-goal"
          ],
          "tag": [
            {
              "system": "http://changehealthcare.com/interop/hdc/sender_id",
              "code": "93706192ba57436c8e3caf633758ee66"
            },
            {
              "system": "http://changehealthcare.com/interop/hdc/usageindicator",
              "code": "t"
            },
            {
              "system": "http://changehealthcare.com/interop/hdc/record_type",
              "code": "A"
            },
            {
              "system": "http://changehealthcare.com/interop/hdc/date_time_reported",
              "code": "2021-08-26 00:01:10"
            },
            {
              "system": "http://changehealthcare.com/interop/hdc/tdt_epoch",
              "code": "1630369762286"
            },
            {
              "system": "http://changehealthcare.com/interop/hdc/tdt_iteration",
              "code": "1"
            },
            {
              "system": "http://changehealthcare.com/interop/hdc/record_uuid",
              "code": "31900355-26ad-4b7a-8705-90fbaccf8fc3"
            },
            {
              "system": "http://changehealthcare.com/interop/hdc/file_location",
              "code": "s3://enterprise-datalake-ingress-preprod-us-east-1/interoperability/valid/clinical"
            }
          ]
        },
        "identifier": [{ "value": "ecceb971-681b-4527-8339-dc372bca659b" }],
        "lifecycleStatus": "planned",
        "description": {
          "coding": [
            { "system": "http://hl7.org/fhir/sid/icd-10", "code": "Z68.22" }
          ]
        },
        "subject": {
          "reference": "Patient/31900355-26ad-4b7a-8705-90fbaccf8fc3"
        }
      },
      "search": { "mode": "match" }
    },
    {
      "resource": {
        "resourceType": "Goal",
        "id": "cF4WL9WRUWxxUqb-EQARknTDrt9aUXfmHP.20njJaKI",
        "meta": {
          "versionId": "1",
          "lastUpdated": "2021-09-17T11:50:31.487+00:00",
          "profile": [
            "http://hl7.org/fhir/us/core/StructureDefinition/us-core-goal"
          ],
          "tag": [
            {
              "system": "http://changehealthcare.com/interop/hdc/sender_id",
              "code": "740b8dd63c504e7fbb1559f1d951d63d"
            },
            {
              "system": "http://changehealthcare.com/interop/hdc/usageindicator",
              "code": "t"
            },
            {
              "system": "http://changehealthcare.com/interop/hdc/record_type",
              "code": "A"
            },
            {
              "system": "http://changehealthcare.com/interop/hdc/date_time_reported",
              "code": "2021-04-26 00:00:00"
            },
            {
              "system": "http://changehealthcare.com/interop/hdc/tdt_epoch",
              "code": "1627345661167"
            },
            {
              "system": "http://changehealthcare.com/interop/hdc/tdt_iteration",
              "code": "1"
            },
            {
              "system": "http://changehealthcare.com/interop/hdc/record_uuid",
              "code": "13b5e91a-79f0-4266-ae9b-1155e207f039"
            },
            {
              "system": "http://changehealthcare.com/interop/hdc/file_location",
              "code": "s3://enterprise-datalake-ingress-preprod-us-east-1/interoperability/valid/clinical"
            }
          ]
        },
        "identifier": [{ "value": "f1dd971b-8e81-45d3-80cc-ee13dd698f7a" }],
        "lifecycleStatus": "planned",
        "description": {
          "coding": [
            {
              "system": "http://snomed.info/sct",
              "code": "271398006",
              "display": "Weight steady (finding)"
            }
          ]
        },
        "subject": {
          "reference": "Patient/13b5e91a-79f0-4266-ae9b-1155e207f039"
        },
        "target": [{ "dueDate": "2022-04-15" }]
      },
      "search": { "mode": "match" }
    },
    {
      "resource": {
        "resourceType": "Goal",
        "id": "dv4XFIDrUb11.UBEDrEQLFoxErC6mS7sQbT5jlCPpbI",
        "meta": {
          "versionId": "1",
          "lastUpdated": "2021-09-17T11:50:34.583+00:00",
          "profile": [
            "http://hl7.org/fhir/us/core/StructureDefinition/us-core-goal"
          ],
          "tag": [
            {
              "system": "http://changehealthcare.com/interop/hdc/sender_id",
              "code": "740b8dd63c504e7fbb1559f1d951d63d"
            },
            {
              "system": "http://changehealthcare.com/interop/hdc/usageindicator",
              "code": "t"
            },
            {
              "system": "http://changehealthcare.com/interop/hdc/record_type",
              "code": "A"
            },
            {
              "system": "http://changehealthcare.com/interop/hdc/date_time_reported",
              "code": "2021-04-26 00:00:00"
            },
            {
              "system": "http://changehealthcare.com/interop/hdc/tdt_epoch",
              "code": "1627345661167"
            },
            {
              "system": "http://changehealthcare.com/interop/hdc/tdt_iteration",
              "code": "1"
            },
            {
              "system": "http://changehealthcare.com/interop/hdc/record_uuid",
              "code": "244474e6-0ab7-4d0b-b0e3-db18fc888915"
            },
            {
              "system": "http://changehealthcare.com/interop/hdc/file_location",
              "code": "s3://enterprise-datalake-ingress-preprod-us-east-1/interoperability/valid/clinical"
            }
          ]
        },
        "identifier": [{ "value": "40e165c5-ae21-414c-aa5b-474daece2750" }],
        "lifecycleStatus": "planned",
        "description": {
          "coding": [
            { "system": "http://hl7.org/fhir/sid/icd-10", "code": "Z68.52" }
          ]
        },
        "subject": {
          "reference": "Patient/244474e6-0ab7-4d0b-b0e3-db18fc888915"
        },
        "target": [{ "dueDate": "2021-10-15" }]
      },
      "search": { "mode": "match" }
    },
    {
      "resource": {
        "resourceType": "Goal",
        "id": "gL9LYuaHts3ujJTb.wrxwojrdbBh6RiEczGCi2EQgaw",
        "meta": {
          "versionId": "4",
          "lastUpdated": "2021-11-02T20:22:51.068+00:00",
          "profile": [
            "http://hl7.org/fhir/us/core/StructureDefinition/us-core-goal"
          ],
          "tag": [
            {
              "system": "http://changehealthcare.com/interop/hdc/sender_id",
              "code": "93706192ba57436c8e3caf633758ee66"
            },
            {
              "system": "http://changehealthcare.com/interop/hdc/usageindicator",
              "code": "t"
            },
            {
              "system": "http://changehealthcare.com/interop/hdc/record_type",
              "code": "A"
            },
            {
              "system": "http://changehealthcare.com/interop/hdc/date_time_reported",
              "code": "2021-10-07 03:01:20"
            },
            {
              "system": "http://changehealthcare.com/interop/hdc/tdt_epoch",
              "code": "1635876957245"
            },
            {
              "system": "http://changehealthcare.com/interop/hdc/tdt_iteration",
              "code": "1"
            },
            {
              "system": "http://changehealthcare.com/interop/hdc/record_uuid",
              "code": "9e992b1a-455d-471f-a2af-9181e194877b"
            },
            {
              "system": "http://changehealthcare.com/interop/hdc/file_location",
              "code": "s3://enterprise-datalake-ingress-preprod-us-east-1/interoperability/valid/clinical"
            }
          ]
        },
        "identifier": [{ "value": "e95f480b-4ae8-430b-babb-15e366651c3b" }],
        "lifecycleStatus": "planned",
        "description": {
          "coding": [
            {
              "system": "http://snomed.info/sct",
              "code": "271398006",
              "display": "Weight steady (finding)"
            }
          ]
        },
        "subject": {
          "reference": "Patient/9e992b1a-455d-471f-a2af-9181e194877b"
        },
        "target": [{ "dueDate": "2022-04-15" }]
      },
      "search": { "mode": "match" }
    },
    {
      "resource": {
        "resourceType": "Goal",
        "id": "YRly2CXcHRMg0UBXDBx98K-cMEaqKOw8lDD2p.A-6do",
        "meta": {
          "versionId": "5",
          "lastUpdated": "2021-11-02T20:22:48.929+00:00",
          "profile": [
            "http://hl7.org/fhir/us/core/StructureDefinition/us-core-goal"
          ],
          "tag": [
            {
              "system": "http://changehealthcare.com/interop/hdc/sender_id",
              "code": "93706192ba57436c8e3caf633758ee66"
            },
            {
              "system": "http://changehealthcare.com/interop/hdc/usageindicator",
              "code": "t"
            },
            {
              "system": "http://changehealthcare.com/interop/hdc/record_type",
              "code": "A"
            },
            {
              "system": "http://changehealthcare.com/interop/hdc/date_time_reported",
              "code": "2021-10-07 03:01:20"
            },
            {
              "system": "http://changehealthcare.com/interop/hdc/tdt_epoch",
              "code": "1635876957245"
            },
            {
              "system": "http://changehealthcare.com/interop/hdc/tdt_iteration",
              "code": "1"
            },
            {
              "system": "http://changehealthcare.com/interop/hdc/record_uuid",
              "code": "9e992b1a-455d-471f-a2af-9181e194877b"
            },
            {
              "system": "http://changehealthcare.com/interop/hdc/file_location",
              "code": "s3://enterprise-datalake-ingress-preprod-us-east-1/interoperability/valid/clinical"
            }
          ]
        },
        "identifier": [{ "value": "68f2210a-39db-424c-a41f-22d238159d60" }],
        "lifecycleStatus": "planned",
        "description": {
          "coding": [
            { "system": "http://hl7.org/fhir/sid/icd-10", "code": "Z68.22" }
          ]
        },
        "subject": {
          "reference": "Patient/9e992b1a-455d-471f-a2af-9181e194877b"
        }
      },
      "search": { "mode": "match" }
    },
    {
      "resource": {
        "resourceType": "Goal",
        "id": "PnCKz851XGN7vks9jGUdjkRtbDgCcDWO7.Grk-wJeOs",
        "meta": {
          "versionId": "1",
          "lastUpdated": "2021-09-17T11:50:41.208+00:00",
          "profile": [
            "http://hl7.org/fhir/us/core/StructureDefinition/us-core-goal"
          ],
          "tag": [
            {
              "system": "http://changehealthcare.com/interop/hdc/sender_id",
              "code": "740b8dd63c504e7fbb1559f1d951d63d"
            },
            {
              "system": "http://changehealthcare.com/interop/hdc/usageindicator",
              "code": "t"
            },
            {
              "system": "http://changehealthcare.com/interop/hdc/record_type",
              "code": "A"
            },
            {
              "system": "http://changehealthcare.com/interop/hdc/date_time_reported",
              "code": "2021-04-26 00:00:00"
            },
            {
              "system": "http://changehealthcare.com/interop/hdc/tdt_epoch",
              "code": "1627345661167"
            },
            {
              "system": "http://changehealthcare.com/interop/hdc/tdt_iteration",
              "code": "1"
            },
            {
              "system": "http://changehealthcare.com/interop/hdc/record_uuid",
              "code": "13b5e91a-79f0-4266-ae9b-1155e207f039"
            },
            {
              "system": "http://changehealthcare.com/interop/hdc/file_location",
              "code": "s3://enterprise-datalake-ingress-preprod-us-east-1/interoperability/valid/clinical"
            }
          ]
        },
        "identifier": [{ "value": "195e126d-e596-41a4-8f31-6dd0e7d21592" }],
        "lifecycleStatus": "planned",
        "description": {
          "coding": [
            { "system": "http://hl7.org/fhir/sid/icd-10", "code": "Z68.52" }
          ]
        },
        "subject": {
          "reference": "Patient/13b5e91a-79f0-4266-ae9b-1155e207f039"
        },
        "target": [{ "dueDate": "2021-10-15" }]
      },
      "search": { "mode": "match" }
    },
    {
      "resource": {
        "resourceType": "Goal",
        "id": "gWtREcjxJeckAYKjtgWOTj8VJaoLONtYaNGydKKC05U",
        "meta": {
          "versionId": "1",
          "lastUpdated": "2021-09-17T11:50:41.303+00:00",
          "profile": [
            "http://hl7.org/fhir/us/core/StructureDefinition/us-core-goal"
          ],
          "tag": [
            {
              "system": "http://changehealthcare.com/interop/hdc/sender_id",
              "code": "740b8dd63c504e7fbb1559f1d951d63d"
            },
            {
              "system": "http://changehealthcare.com/interop/hdc/usageindicator",
              "code": "t"
            },
            {
              "system": "http://changehealthcare.com/interop/hdc/record_type",
              "code": "A"
            },
            {
              "system": "http://changehealthcare.com/interop/hdc/date_time_reported",
              "code": "2021-04-26 00:00:00"
            },
            {
              "system": "http://changehealthcare.com/interop/hdc/tdt_epoch",
              "code": "1627345661167"
            },
            {
              "system": "http://changehealthcare.com/interop/hdc/tdt_iteration",
              "code": "1"
            },
            {
              "system": "http://changehealthcare.com/interop/hdc/record_uuid",
              "code": "244474e6-0ab7-4d0b-b0e3-db18fc888915"
            },
            {
              "system": "http://changehealthcare.com/interop/hdc/file_location",
              "code": "s3://enterprise-datalake-ingress-preprod-us-east-1/interoperability/valid/clinical"
            }
          ]
        },
        "identifier": [{ "value": "ecceb971-681b-4527-8339-dc372bca659b" }],
        "lifecycleStatus": "planned",
        "description": {
          "coding": [
            { "system": "http://hl7.org/fhir/sid/icd-10", "code": "Z68.22" }
          ]
        },
        "subject": {
          "reference": "Patient/244474e6-0ab7-4d0b-b0e3-db18fc888915"
        }
      },
      "search": { "mode": "match" }
    },
    {
      "resource": {
        "resourceType": "Goal",
        "id": "p6MIDxdwddqTnZFkXwEdLVKznseArUT5QeIPTtnHv6I",
        "meta": {
          "versionId": "1",
          "lastUpdated": "2021-09-17T11:50:41.398+00:00",
          "profile": [
            "http://hl7.org/fhir/us/core/StructureDefinition/us-core-goal"
          ],
          "tag": [
            {
              "system": "http://changehealthcare.com/interop/hdc/sender_id",
              "code": "740b8dd63c504e7fbb1559f1d951d63d"
            },
            {
              "system": "http://changehealthcare.com/interop/hdc/usageindicator",
              "code": "t"
            },
            {
              "system": "http://changehealthcare.com/interop/hdc/record_type",
              "code": "A"
            },
            {
              "system": "http://changehealthcare.com/interop/hdc/date_time_reported",
              "code": "2021-04-26 00:00:00"
            },
            {
              "system": "http://changehealthcare.com/interop/hdc/tdt_epoch",
              "code": "1627345661167"
            },
            {
              "system": "http://changehealthcare.com/interop/hdc/tdt_iteration",
              "code": "1"
            },
            {
              "system": "http://changehealthcare.com/interop/hdc/record_uuid",
              "code": "13b5e91a-79f0-4266-ae9b-1155e207f039"
            },
            {
              "system": "http://changehealthcare.com/interop/hdc/file_location",
              "code": "s3://enterprise-datalake-ingress-preprod-us-east-1/interoperability/valid/clinical"
            }
          ]
        },
        "identifier": [{ "value": "48cdd1c3-babd-4bf5-991b-062d8d69918f" }],
        "lifecycleStatus": "planned",
        "description": {
          "coding": [
            { "system": "http://hl7.org/fhir/sid/icd-10", "code": "Z68.22" }
          ]
        },
        "subject": {
          "reference": "Patient/13b5e91a-79f0-4266-ae9b-1155e207f039"
        }
      },
      "search": { "mode": "match" }
    },
    {
      "resource": {
        "resourceType": "Goal",
        "id": "XvP.tosSy.JxeAcDxCzYin.-GqNCKtnu-WAiopk4uvM",
        "meta": {
          "versionId": "1",
          "lastUpdated": "2021-09-17T11:50:41.761+00:00",
          "profile": [
            "http://hl7.org/fhir/us/core/StructureDefinition/us-core-goal"
          ],
          "tag": [
            {
              "system": "http://changehealthcare.com/interop/hdc/sender_id",
              "code": "740b8dd63c504e7fbb1559f1d951d63d"
            },
            {
              "system": "http://changehealthcare.com/interop/hdc/usageindicator",
              "code": "t"
            },
            {
              "system": "http://changehealthcare.com/interop/hdc/record_type",
              "code": "A"
            },
            {
              "system": "http://changehealthcare.com/interop/hdc/date_time_reported",
              "code": "2021-04-26 00:00:00"
            },
            {
              "system": "http://changehealthcare.com/interop/hdc/tdt_epoch",
              "code": "1627345661167"
            },
            {
              "system": "http://changehealthcare.com/interop/hdc/tdt_iteration",
              "code": "1"
            },
            {
              "system": "http://changehealthcare.com/interop/hdc/record_uuid",
              "code": "244474e6-0ab7-4d0b-b0e3-db18fc888915"
            },
            {
              "system": "http://changehealthcare.com/interop/hdc/file_location",
              "code": "s3://enterprise-datalake-ingress-preprod-us-east-1/interoperability/valid/clinical"
            }
          ]
        },
        "identifier": [{ "value": "d674c166-5527-4d4a-b95c-bea8d39d00e5" }],
        "lifecycleStatus": "planned",
        "description": {
          "coding": [
            {
              "system": "http://snomed.info/sct",
              "code": "271398006",
              "display": "Weight steady (finding)"
            }
          ]
        },
        "subject": {
          "reference": "Patient/244474e6-0ab7-4d0b-b0e3-db18fc888915"
        },
        "target": [{ "dueDate": "2022-04-15" }]
      },
      "search": { "mode": "match" }
    },
    {
      "resource": {
        "resourceType": "Goal",
        "id": "m5-6Nu6g-PmuZkxMpGi7CjUM7EHuLWkb8avQfmW1Jvg",
        "meta": {
          "versionId": "5",
          "lastUpdated": "2021-11-02T20:22:49.018+00:00",
          "profile": [
            "http://hl7.org/fhir/us/core/StructureDefinition/us-core-goal"
          ],
          "tag": [
            {
              "system": "http://changehealthcare.com/interop/hdc/sender_id",
              "code": "93706192ba57436c8e3caf633758ee66"
            },
            {
              "system": "http://changehealthcare.com/interop/hdc/usageindicator",
              "code": "t"
            },
            {
              "system": "http://changehealthcare.com/interop/hdc/record_type",
              "code": "A"
            },
            {
              "system": "http://changehealthcare.com/interop/hdc/date_time_reported",
              "code": "2021-10-07 03:01:20"
            },
            {
              "system": "http://changehealthcare.com/interop/hdc/tdt_epoch",
              "code": "1635876957245"
            },
            {
              "system": "http://changehealthcare.com/interop/hdc/tdt_iteration",
              "code": "1"
            },
            {
              "system": "http://changehealthcare.com/interop/hdc/record_uuid",
              "code": "9e992b1a-455d-471f-a2af-9181e194877b"
            },
            {
              "system": "http://changehealthcare.com/interop/hdc/file_location",
              "code": "s3://enterprise-datalake-ingress-preprod-us-east-1/interoperability/valid/clinical"
            }
          ]
        },
        "identifier": [{ "value": "125c0d8b-3f1a-4d01-9b8b-17c14ce50ca3" }],
        "lifecycleStatus": "planned",
        "description": {
          "coding": [
            { "system": "http://hl7.org/fhir/sid/icd-10", "code": "Z68.52" }
          ]
        },
        "subject": {
          "reference": "Patient/9e992b1a-455d-471f-a2af-9181e194877b"
        },
        "target": [{ "dueDate": "2021-10-15" }]
      },
      "search": { "mode": "match" }
    },
    {
      "resource": {
        "resourceType": "Goal",
        "id": "l-6S44GhGlzWcsan63B1Wi2C98PQLwHH4odnpEV4MeY",
        "meta": {
          "versionId": "1",
          "lastUpdated": "2021-09-29T00:40:41.490+00:00",
          "profile": [
            "http://hl7.org/fhir/us/core/StructureDefinition/us-core-goal"
          ],
          "tag": [
            {
              "system": "http://changehealthcare.com/interop/hdc/sender_id",
              "code": "93706192ba57436c8e3caf633758ee66"
            },
            {
              "system": "http://changehealthcare.com/interop/hdc/usageindicator",
              "code": "t"
            },
            {
              "system": "http://changehealthcare.com/interop/hdc/record_type",
              "code": "A"
            },
            {
              "system": "http://changehealthcare.com/interop/hdc/date_time_reported",
              "code": "2020-09-26 21:16:12"
            },
            {
              "system": "http://changehealthcare.com/interop/hdc/tdt_epoch",
              "code": "1632865458891"
            },
            {
              "system": "http://changehealthcare.com/interop/hdc/tdt_iteration",
              "code": "1"
            },
            {
              "system": "http://changehealthcare.com/interop/hdc/record_uuid",
              "code": "12091318-4987-4c5c-86f4-a1f4c69e1613"
            },
            {
              "system": "http://changehealthcare.com/interop/hdc/file_location",
              "code": "s3://enterprise-datalake-ingress-preprod-us-east-1/interoperability_historical/valid/clinical"
            }
          ]
        },
        "identifier": [{ "value": "db92a435-2561-46d2-9890-5d8e95e70999" }],
        "lifecycleStatus": "planned",
        "description": {
          "coding": [
            { "system": "http://hl7.org/fhir/sid/icd-10", "code": "Z68.52" }
          ]
        },
        "subject": {
          "reference": "Patient/12091318-4987-4c5c-86f4-a1f4c69e1613"
        },
        "target": [{ "dueDate": "2021-10-15" }]
      },
      "search": { "mode": "match" }
    },
    {
      "resource": {
        "resourceType": "Goal",
        "id": "P-l5UIvXbvGDwpoisQWYLB0uPrCNhUafyZmN3.f65bo",
        "meta": {
          "versionId": "1",
          "lastUpdated": "2021-09-29T00:40:41.647+00:00",
          "profile": [
            "http://hl7.org/fhir/us/core/StructureDefinition/us-core-goal"
          ],
          "tag": [
            {
              "system": "http://changehealthcare.com/interop/hdc/sender_id",
              "code": "93706192ba57436c8e3caf633758ee66"
            },
            {
              "system": "http://changehealthcare.com/interop/hdc/usageindicator",
              "code": "t"
            },
            {
              "system": "http://changehealthcare.com/interop/hdc/record_type",
              "code": "A"
            },
            {
              "system": "http://changehealthcare.com/interop/hdc/date_time_reported",
              "code": "2020-09-26 21:16:12"
            },
            {
              "system": "http://changehealthcare.com/interop/hdc/tdt_epoch",
              "code": "1632865458891"
            },
            {
              "system": "http://changehealthcare.com/interop/hdc/tdt_iteration",
              "code": "1"
            },
            {
              "system": "http://changehealthcare.com/interop/hdc/record_uuid",
              "code": "12091318-4987-4c5c-86f4-a1f4c69e1613"
            },
            {
              "system": "http://changehealthcare.com/interop/hdc/file_location",
              "code": "s3://enterprise-datalake-ingress-preprod-us-east-1/interoperability_historical/valid/clinical"
            }
          ]
        },
        "identifier": [{ "value": "5ac435b1-a90f-4d1b-8014-81df21b38e68" }],
        "lifecycleStatus": "planned",
        "description": {
          "coding": [
            {
              "system": "http://snomed.info/sct",
              "code": "271398006",
              "display": "Weight steady (finding)"
            }
          ]
        },
        "subject": {
          "reference": "Patient/12091318-4987-4c5c-86f4-a1f4c69e1613"
        },
        "target": [{ "dueDate": "2022-04-15" }]
      },
      "search": { "mode": "match" }
    },
    {
      "resource": {
        "resourceType": "Goal",
        "id": "tIWrEWgiC0h4dz975SqdaOWPxBye68vZzZ0gdczD9a4",
        "meta": {
          "versionId": "1",
          "lastUpdated": "2021-09-29T00:40:41.778+00:00",
          "profile": [
            "http://hl7.org/fhir/us/core/StructureDefinition/us-core-goal"
          ],
          "tag": [
            {
              "system": "http://changehealthcare.com/interop/hdc/sender_id",
              "code": "93706192ba57436c8e3caf633758ee66"
            },
            {
              "system": "http://changehealthcare.com/interop/hdc/usageindicator",
              "code": "t"
            },
            {
              "system": "http://changehealthcare.com/interop/hdc/record_type",
              "code": "A"
            },
            {
              "system": "http://changehealthcare.com/interop/hdc/date_time_reported",
              "code": "2020-09-26 21:16:12"
            },
            {
              "system": "http://changehealthcare.com/interop/hdc/tdt_epoch",
              "code": "1632865458891"
            },
            {
              "system": "http://changehealthcare.com/interop/hdc/tdt_iteration",
              "code": "1"
            },
            {
              "system": "http://changehealthcare.com/interop/hdc/record_uuid",
              "code": "12091318-4987-4c5c-86f4-a1f4c69e1613"
            },
            {
              "system": "http://changehealthcare.com/interop/hdc/file_location",
              "code": "s3://enterprise-datalake-ingress-preprod-us-east-1/interoperability_historical/valid/clinical"
            }
          ]
        },
        "identifier": [{ "value": "60f5d6c6-4286-452a-803e-cd52b77cf40e" }],
        "lifecycleStatus": "planned",
        "description": {
          "coding": [
            { "system": "http://hl7.org/fhir/sid/icd-10", "code": "Z68.22" }
          ]
        },
        "subject": {
          "reference": "Patient/12091318-4987-4c5c-86f4-a1f4c69e1613"
        }
      },
      "search": { "mode": "match" }
    },
    {
      "resource": {
        "resourceType": "Goal",
        "id": "op7sdrQnIkOgo5jgYV32Hr7e70P0qMOPWeJDXECG4Qg",
        "meta": {
          "versionId": "1",
          "lastUpdated": "2021-09-29T10:32:21.714+00:00",
          "profile": [
            "http://hl7.org/fhir/us/core/StructureDefinition/us-core-goal"
          ],
          "tag": [
            {
              "system": "http://changehealthcare.com/interop/hdc/sender_id",
              "code": "93706192ba57436c8e3caf633758ee66"
            },
            {
              "system": "http://changehealthcare.com/interop/hdc/usageindicator",
              "code": "t"
            },
            {
              "system": "http://changehealthcare.com/interop/hdc/record_type",
              "code": "A"
            },
            {
              "system": "http://changehealthcare.com/interop/hdc/date_time_reported",
              "code": "2021-09-27 16:50:06"
            },
            {
              "system": "http://changehealthcare.com/interop/hdc/tdt_epoch",
              "code": "1632904948590"
            },
            {
              "system": "http://changehealthcare.com/interop/hdc/tdt_iteration",
              "code": "1"
            },
            {
              "system": "http://changehealthcare.com/interop/hdc/record_uuid",
              "code": "051f4d3e-9a19-432d-8c5c-b84ed6b9b243"
            },
            {
              "system": "http://changehealthcare.com/interop/hdc/file_location",
              "code": "s3://enterprise-datalake-ingress-preprod-us-east-1/interoperability_historical/valid/clinical"
            }
          ]
        },
        "identifier": [{ "value": "72971341-585d-4373-a28c-14d9e1ed8c14" }],
        "lifecycleStatus": "planned",
        "description": {
          "coding": [
            { "system": "http://hl7.org/fhir/sid/icd-10", "code": "Z68.52" }
          ]
        },
        "subject": {
          "reference": "Patient/051f4d3e-9a19-432d-8c5c-b84ed6b9b243"
        },
        "target": [{ "dueDate": "2020-10-15" }]
      },
      "search": { "mode": "match" }
    },
    {
      "resource": {
        "resourceType": "Goal",
        "id": "xURV6Krkh8dgwTdkbw8X0AS3WiEbHfx9voKCr3IT0UM",
        "meta": {
          "versionId": "1",
          "lastUpdated": "2021-09-29T10:32:21.715+00:00",
          "profile": [
            "http://hl7.org/fhir/us/core/StructureDefinition/us-core-goal"
          ],
          "tag": [
            {
              "system": "http://changehealthcare.com/interop/hdc/sender_id",
              "code": "93706192ba57436c8e3caf633758ee66"
            },
            {
              "system": "http://changehealthcare.com/interop/hdc/usageindicator",
              "code": "t"
            },
            {
              "system": "http://changehealthcare.com/interop/hdc/record_type",
              "code": "A"
            },
            {
              "system": "http://changehealthcare.com/interop/hdc/date_time_reported",
              "code": "2021-09-27 16:50:06"
            },
            {
              "system": "http://changehealthcare.com/interop/hdc/tdt_epoch",
              "code": "1632904948590"
            },
            {
              "system": "http://changehealthcare.com/interop/hdc/tdt_iteration",
              "code": "1"
            },
            {
              "system": "http://changehealthcare.com/interop/hdc/record_uuid",
              "code": "051f4d3e-9a19-432d-8c5c-b84ed6b9b243"
            },
            {
              "system": "http://changehealthcare.com/interop/hdc/file_location",
              "code": "s3://enterprise-datalake-ingress-preprod-us-east-1/interoperability_historical/valid/clinical"
            }
          ]
        },
        "identifier": [{ "value": "dfdc5fae-193d-4a41-9bd1-36c262040529" }],
        "lifecycleStatus": "planned",
        "description": {
          "coding": [
            { "system": "http://hl7.org/fhir/sid/icd-10", "code": "Z68.22" }
          ]
        },
        "subject": {
          "reference": "Patient/051f4d3e-9a19-432d-8c5c-b84ed6b9b243"
        }
      },
      "search": { "mode": "match" }
    },
    {
      "resource": {
        "resourceType": "Goal",
        "id": "HUFL5k0Y9O6VZ8y6usuvRCWXnaY.0hCJe8rpAY3y8p4",
        "meta": {
          "versionId": "1",
          "lastUpdated": "2021-10-01T12:31:16.470+00:00",
          "profile": [
            "http://hl7.org/fhir/us/core/StructureDefinition/us-core-goal"
          ],
          "tag": [
            {
              "system": "http://changehealthcare.com/interop/hdc/sender_id",
              "code": "93706192ba57436c8e3caf633758ee66"
            },
            {
              "system": "http://changehealthcare.com/interop/hdc/usageindicator",
              "code": "t"
            },
            {
              "system": "http://changehealthcare.com/interop/hdc/record_type",
              "code": "A"
            },
            {
              "system": "http://changehealthcare.com/interop/hdc/date_time_reported",
              "code": "2021-09-22 23:16:12"
            },
            {
              "system": "http://changehealthcare.com/interop/hdc/tdt_epoch",
              "code": "1633082564673"
            },
            {
              "system": "http://changehealthcare.com/interop/hdc/tdt_iteration",
              "code": "1"
            },
            {
              "system": "http://changehealthcare.com/interop/hdc/record_uuid",
              "code": "e59494ea-375f-4b84-974e-d1ba70fae0fc"
            },
            {
              "system": "http://changehealthcare.com/interop/hdc/file_location",
              "code": "s3://enterprise-datalake-ingress-preprod-us-east-1/interoperability/valid/clinical"
            }
          ]
        },
        "identifier": [{ "value": "4ac435b1-a90f-4d1b-8014-81df21b38e68" }],
        "lifecycleStatus": "planned",
        "description": {
          "coding": [
            {
              "system": "http://snomed.info/sct",
              "code": "271398006",
              "display": "Weight steady (finding)"
            }
          ]
        },
        "subject": {
          "reference": "Patient/e59494ea-375f-4b84-974e-d1ba70fae0fc"
        },
        "target": [{ "dueDate": "2022-04-15" }]
      },
      "search": { "mode": "match" }
    },
    {
      "resource": {
        "resourceType": "Goal",
        "id": "G1xQ-fXMgjrOPrPrR4-Hn5ALmSfmB0CrnjfzEnG4bY8",
        "meta": {
          "versionId": "1",
          "lastUpdated": "2021-10-01T12:31:16.588+00:00",
          "profile": [
            "http://hl7.org/fhir/us/core/StructureDefinition/us-core-goal"
          ],
          "tag": [
            {
              "system": "http://changehealthcare.com/interop/hdc/sender_id",
              "code": "93706192ba57436c8e3caf633758ee66"
            },
            {
              "system": "http://changehealthcare.com/interop/hdc/usageindicator",
              "code": "t"
            },
            {
              "system": "http://changehealthcare.com/interop/hdc/record_type",
              "code": "A"
            },
            {
              "system": "http://changehealthcare.com/interop/hdc/date_time_reported",
              "code": "2021-09-22 23:16:12"
            },
            {
              "system": "http://changehealthcare.com/interop/hdc/tdt_epoch",
              "code": "1633082564673"
            },
            {
              "system": "http://changehealthcare.com/interop/hdc/tdt_iteration",
              "code": "1"
            },
            {
              "system": "http://changehealthcare.com/interop/hdc/record_uuid",
              "code": "e59494ea-375f-4b84-974e-d1ba70fae0fc"
            },
            {
              "system": "http://changehealthcare.com/interop/hdc/file_location",
              "code": "s3://enterprise-datalake-ingress-preprod-us-east-1/interoperability/valid/clinical"
            }
          ]
        },
        "identifier": [{ "value": "cb92a435-2561-46d2-9890-5d8e95e70999" }],
        "lifecycleStatus": "planned",
        "description": {
          "coding": [
            { "system": "http://hl7.org/fhir/sid/icd-10", "code": "Z68.52" }
          ]
        },
        "subject": {
          "reference": "Patient/e59494ea-375f-4b84-974e-d1ba70fae0fc"
        },
        "target": [{ "dueDate": "2021-10-15" }]
      },
      "search": { "mode": "match" }
    },
    {
      "resource": {
        "resourceType": "Goal",
        "id": "E4GKjK724BVBKJh3Eeg4HqoQaq1W.RLPv6ogjailLuo",
        "meta": {
          "versionId": "1",
          "lastUpdated": "2021-10-01T12:31:16.618+00:00",
          "profile": [
            "http://hl7.org/fhir/us/core/StructureDefinition/us-core-goal"
          ],
          "tag": [
            {
              "system": "http://changehealthcare.com/interop/hdc/sender_id",
              "code": "93706192ba57436c8e3caf633758ee66"
            },
            {
              "system": "http://changehealthcare.com/interop/hdc/usageindicator",
              "code": "t"
            },
            {
              "system": "http://changehealthcare.com/interop/hdc/record_type",
              "code": "A"
            },
            {
              "system": "http://changehealthcare.com/interop/hdc/date_time_reported",
              "code": "2021-09-22 23:16:12"
            },
            {
              "system": "http://changehealthcare.com/interop/hdc/tdt_epoch",
              "code": "1633082564673"
            },
            {
              "system": "http://changehealthcare.com/interop/hdc/tdt_iteration",
              "code": "1"
            },
            {
              "system": "http://changehealthcare.com/interop/hdc/record_uuid",
              "code": "e59494ea-375f-4b84-974e-d1ba70fae0fc"
            },
            {
              "system": "http://changehealthcare.com/interop/hdc/file_location",
              "code": "s3://enterprise-datalake-ingress-preprod-us-east-1/interoperability/valid/clinical"
            }
          ]
        },
        "identifier": [{ "value": "50f5d6c6-4286-452a-803e-cd52b77cf40e" }],
        "lifecycleStatus": "planned",
        "description": {
          "coding": [
            { "system": "http://hl7.org/fhir/sid/icd-10", "code": "Z68.22" }
          ]
        },
        "subject": {
          "reference": "Patient/e59494ea-375f-4b84-974e-d1ba70fae0fc"
        }
      },
      "search": { "mode": "match" }
    },
    {
      "resource": {
        "resourceType": "Goal",
        "id": "z9Sg7uBQ6mm0EoOyHGV60Pjn8itz.kUeo55PV1KwREE",
        "meta": {
          "versionId": "1",
          "lastUpdated": "2021-11-25T08:22:39.995+00:00",
          "profile": [
            "http://hl7.org/fhir/us/core/StructureDefinition/us-core-goal"
          ],
          "tag": [
            {
              "system": "http://changehealthcare.com/interop/hdc/sender_id",
              "code": "93706192ba57436c8e3caf633758ee66"
            },
            {
              "system": "http://changehealthcare.com/interop/hdc/usageindicator",
              "code": "t"
            },
            {
              "system": "http://changehealthcare.com/interop/hdc/record_type",
              "code": "A"
            },
            {
              "system": "http://changehealthcare.com/interop/hdc/date_time_reported",
              "code": "2021-09-27 16:50:06"
            },
            {
              "system": "http://changehealthcare.com/interop/hdc/tdt_epoch",
              "code": "1632904948590"
            },
            {
              "system": "http://changehealthcare.com/interop/hdc/tdt_iteration",
              "code": "1"
            },
            {
              "system": "http://changehealthcare.com/interop/hdc/record_uuid",
              "code": "051f4d3e-9a19-432d-8c5c-b84ed6b9b243"
            },
            {
              "system": "http://changehealthcare.com/interop/hdc/file_location",
              "code": "s3://enterprise-datalake-ingress-preprod-us-east-1/interoperability_historical/valid/clinical"
            }
          ]
        },
        "identifier": [{ "value": "fbc49bc2-adf8-491d-bf66-6f7c36e38729" }],
        "lifecycleStatus": "planned",
        "description": {
          "coding": [
            {
              "system": "http://snomed.info/sct",
              "code": "271398006",
              "display": "Weight steady (finding)"
            }
          ]
        },
        "subject": {
          "reference": "Patient/051f4d3e-9a19-432d-8c5c-b84ed6b9b243"
        },
        "target": [{ "dueDate": "2022-04-15" }]
      },
      "search": { "mode": "match" }
    },
    {
      "resource": {
        "resourceType": "Goal",
        "id": "6ngfaB4Yz7urmsLaPzQP71RreVQw20RoenJarqhHaHY",
        "meta": {
          "versionId": "2",
          "lastUpdated": "2022-04-07T01:17:32.088+00:00",
          "profile": [
            "http://hl7.org/fhir/us/core/StructureDefinition/us-core-goal"
          ],
          "tag": [
            {
              "system": "http://changehealthcare.com/interop/hdc/sender_id",
              "code": "93706192ba57436c8e3caf633758ee66"
            },
            {
              "system": "http://changehealthcare.com/interop/hdc/usageindicator",
              "code": "t"
            },
            {
              "system": "http://changehealthcare.com/interop/hdc/record_type",
              "code": "A"
            },
            {
              "system": "http://changehealthcare.com/interop/hdc/date_time_reported",
              "code": "2022-03-09 00:50:06"
            },
            {
              "system": "http://changehealthcare.com/interop/hdc/tdt_epoch",
              "code": "1649290374741"
            },
            {
              "system": "http://changehealthcare.com/interop/hdc/tdt_iteration",
              "code": "1"
            },
            {
              "system": "http://changehealthcare.com/interop/hdc/record_uuid",
              "code": "6566b901-a48c-4f1b-bec1-104089b1f1a6"
            },
            {
              "system": "http://changehealthcare.com/interop/hdc/file_location",
              "code": "s3://enterprise-datalake-ingress-preprod-us-east-1/interoperability/valid/clinical"
            }
          ]
        },
        "identifier": [{ "value": "MP_CLINICALS_GAIA_GOALS_002" }],
        "lifecycleStatus": "planned",
        "description": {
          "coding": [
            { "system": "http://hl7.org/fhir/sid/icd-10", "code": "Z68.22" }
          ]
        },
        "subject": {
          "reference": "Patient/6566b901-a48c-4f1b-bec1-104089b1f1a6"
        }
      },
      "search": { "mode": "match" }
    },
    {
      "resource": {
        "resourceType": "Goal",
        "id": "mKWzWhKK398VoSkz6uouuhTnuEc2gt5JvFJVLdc1D.8",
        "meta": {
          "versionId": "1",
          "lastUpdated": "2022-01-18T20:51:03.142+00:00",
          "profile": [
            "http://hl7.org/fhir/us/core/StructureDefinition/us-core-goal"
          ],
          "tag": [
            {
              "system": "http://changehealthcare.com/interop/hdc/sender_id",
              "code": "93706192ba57436c8e3caf633758ee66"
            },
            {
              "system": "http://changehealthcare.com/interop/hdc/usageindicator",
              "code": "t"
            },
            {
              "system": "http://changehealthcare.com/interop/hdc/record_type",
              "code": "A"
            },
            {
              "system": "http://changehealthcare.com/interop/hdc/date_time_reported",
              "code": "2021-12-29 00:50:06"
            },
            {
              "system": "http://changehealthcare.com/interop/hdc/tdt_epoch",
              "code": "1642532761260"
            },
            {
              "system": "http://changehealthcare.com/interop/hdc/tdt_iteration",
              "code": "1"
            },
            {
              "system": "http://changehealthcare.com/interop/hdc/record_uuid",
              "code": "52251d04-160f-4f62-9e89-0ad291107317"
            },
            {
              "system": "http://changehealthcare.com/interop/hdc/file_location",
              "code": "s3://enterprise-datalake-ingress-preprod-us-east-1/interoperability/valid/clinical"
            }
          ]
        },
        "identifier": [{ "value": "MP_CLINICALS_GAIA_GOALS_003" }],
        "lifecycleStatus": "planned",
        "description": {
          "coding": [
            {
              "system": "http://snomed.info/sct",
              "code": "271398006",
              "display": "Weight steady (finding)"
            }
          ]
        },
        "subject": {
          "reference": "Patient/52251d04-160f-4f62-9e89-0ad291107317"
        },
        "target": [{ "dueDate": "2022-04-15" }]
      },
      "search": { "mode": "match" }
    },
    {
      "resource": {
        "resourceType": "Goal",
        "id": "cELk1Wi6xIim4Vji9k5VJ6ry9LbmbISFltuazAkgGIo",
        "meta": {
          "versionId": "2",
          "lastUpdated": "2022-04-07T01:17:32.378+00:00",
          "profile": [
            "http://hl7.org/fhir/us/core/StructureDefinition/us-core-goal"
          ],
          "tag": [
            {
              "system": "http://changehealthcare.com/interop/hdc/sender_id",
              "code": "93706192ba57436c8e3caf633758ee66"
            },
            {
              "system": "http://changehealthcare.com/interop/hdc/usageindicator",
              "code": "t"
            },
            {
              "system": "http://changehealthcare.com/interop/hdc/record_type",
              "code": "A"
            },
            {
              "system": "http://changehealthcare.com/interop/hdc/date_time_reported",
              "code": "2022-03-09 00:50:06"
            },
            {
              "system": "http://changehealthcare.com/interop/hdc/tdt_epoch",
              "code": "1649290374741"
            },
            {
              "system": "http://changehealthcare.com/interop/hdc/tdt_iteration",
              "code": "1"
            },
            {
              "system": "http://changehealthcare.com/interop/hdc/record_uuid",
              "code": "6566b901-a48c-4f1b-bec1-104089b1f1a6"
            },
            {
              "system": "http://changehealthcare.com/interop/hdc/file_location",
              "code": "s3://enterprise-datalake-ingress-preprod-us-east-1/interoperability/valid/clinical"
            }
          ]
        },
        "identifier": [{ "value": "MP_CLINICALS_GAIA_GOALS_001" }],
        "lifecycleStatus": "planned",
        "description": {
          "coding": [
            { "system": "http://hl7.org/fhir/sid/icd-10", "code": "Z68.52" }
          ]
        },
        "subject": {
          "reference": "Patient/6566b901-a48c-4f1b-bec1-104089b1f1a6"
        },
        "target": [{ "dueDate": "2021-10-15" }]
      },
      "search": { "mode": "match" }
    }
  ]
}
