{
  "resourceType": "Bundle",
  "id": "a56e8a31-8330-4295-b569-dae0318bc863",
  "meta": {
    "lastUpdated": "2022-02-03T13:54:10.205+00:00"
  },
  "type": "searchset",
  "link": [
    {
      "relation": "self",
      "url": "/Immunization"
    },
    {
      "relation": "next",
      "url": "/Immunization?_getpages=fcd6c6f1-81c8-4c70-820a-edccf3a267d2&_getpagesoffset=2&_count=20&_pretty=true&_include=Immunization%3Asubject&_include=Immunization%3Amedication&_include=Immunization%3Arequester&_bundletype=searchset"
    }
  ],
  "entry": [
    {
      "resource": {
        "resourceType": "Immunization",
        "id": "L585XpWHvEYdLNshHQDex2e2kQk0VMGJ2PHJtKg4Awg",
        "meta": {
          "versionId": "2",
          "lastUpdated": "2021-09-17T11:50:31.555+00:00",
          "profile": [
            "http://hl7.org/fhir/us/core/StructureDefinition/us-core-immunization"
          ],
          "tag": [
            {
              "system": "http://changehealthcare.com/interop/hdc/sender_id",
              "code": "93706192ba57436c8e3caf633758ee66"
            },
            {
              "system": "http://changehealthcare.com/interop/hdc/usageindicator",
              "code": "t"
            },
            {
              "system": "http://changehealthcare.com/interop/hdc/record_type",
              "code": "A"
            },
            {
              "system": "http://changehealthcare.com/interop/hdc/date_time_reported",
              "code": "2021-08-26 00:01:10"
            },
            {
              "system": "http://changehealthcare.com/interop/hdc/tdt_epoch",
              "code": "1630369762286"
            },
            {
              "system": "http://changehealthcare.com/interop/hdc/tdt_iteration",
              "code": "1"
            },
            {
              "system": "http://changehealthcare.com/interop/hdc/record_uuid",
              "code": "31900355-26ad-4b7a-8705-90fbaccf8fc3"
            },
            {
              "system": "http://changehealthcare.com/interop/hdc/file_location",
              "code": "s3://enterprise-datalake-ingress-preprod-us-east-1/interoperability/valid/clinical"
            }
          ]
        },
        "identifier": [
          {
            "value": "8fcf7124-de06-47da-945f-57e6213977ee"
          }
        ],
        "status": "completed",
        "statusReason": {
          "coding": [
            {
              "system": "http://terminology.hl7.org/CodeSystem/v3-ActReason",
              "code": "",
              "display": null
            }
          ]
        },
        "vaccineCode": {
          "coding": [
            {
              "system": "http://hl7.org/fhir/sid/cvx",
              "code": "115",
              "display": "COVID-19"
            }
          ]
        },
        "patient": {
          "reference": "Patient/31900355-26ad-4b7a-8705-90fbaccf8fc3"
        },
        "occurrenceDateTime": "2021-03-20",
        "primarySource": false
      },
      "search": {
        "mode": "match"
      }
    },
    {
      "resource": {
        "resourceType": "Immunization",
        "id": "Tf2qG1c9D1rYIpCBTcU6mkYXOaQFmaEaiMMo0cn8H74",
        "meta": {
          "versionId": "2",
          "lastUpdated": "2021-09-17T11:50:35.424+00:00",
          "profile": [
            "http://hl7.org/fhir/us/core/StructureDefinition/us-core-immunization"
          ],
          "tag": [
            {
              "system": "http://changehealthcare.com/interop/hdc/sender_id",
              "code": "93706192ba57436c8e3caf633758ee66"
            },
            {
              "system": "http://changehealthcare.com/interop/hdc/usageindicator",
              "code": "t"
            },
            {
              "system": "http://changehealthcare.com/interop/hdc/record_type",
              "code": "A"
            },
            {
              "system": "http://changehealthcare.com/interop/hdc/date_time_reported",
              "code": "2021-08-26 00:01:10"
            },
            {
              "system": "http://changehealthcare.com/interop/hdc/tdt_epoch",
              "code": "1630369762286"
            },
            {
              "system": "http://changehealthcare.com/interop/hdc/tdt_iteration",
              "code": "1"
            },
            {
              "system": "http://changehealthcare.com/interop/hdc/record_uuid",
              "code": "bc64bb29-151a-467d-90ed-bbbff048782c"
            },
            {
              "system": "http://changehealthcare.com/interop/hdc/file_location",
              "code": "s3://enterprise-datalake-ingress-preprod-us-east-1/interoperability/valid/clinical"
            }
          ]
        },
        "identifier": [
          {
            "value": "ee699221-f1e1-47ad-97d3-1590599c2d70"
          }
        ],
        "status": "completed",
        "statusReason": {
          "coding": [
            {
              "system": "http://terminology.hl7.org/CodeSystem/v3-ActReason",
              "code": "MEDNEC",
              "display": "Medical Necessity"
            }
          ]
        },
        "vaccineCode": {
          "coding": [
            {
              "system": "http://hl7.org/fhir/sid/cvx",
              "code": "115",
              "display": "tetanus toxoid"
            }
          ]
        },
        "patient": {
          "reference": "Patient/bc64bb29-151a-467d-90ed-bbbff048782c"
        },
        "occurrenceDateTime": "2021-03-20",
        "primarySource": false
      },
      "search": {
        "mode": "match"
      }
    },
    {
      "resource": {
        "resourceType": "Immunization",
        "id": "BR7ef8Ly0OPWpkAMziRVI5TfxGUIR97jcDxOqcKIDAk",
        "meta": {
          "versionId": "1",
          "lastUpdated": "2021-09-17T11:50:37.327+00:00",
          "profile": [
            "http://hl7.org/fhir/us/core/StructureDefinition/us-core-immunization"
          ],
          "tag": [
            {
              "system": "http://changehealthcare.com/interop/hdc/sender_id",
              "code": "740b8dd63c504e7fbb1559f1d951d63d"
            },
            {
              "system": "http://changehealthcare.com/interop/hdc/usageindicator",
              "code": "t"
            },
            {
              "system": "http://changehealthcare.com/interop/hdc/record_type",
              "code": "A"
            },
            {
              "system": "http://changehealthcare.com/interop/hdc/date_time_reported",
              "code": "2021-04-26 00:00:00"
            },
            {
              "system": "http://changehealthcare.com/interop/hdc/tdt_epoch",
              "code": "1627345661167"
            },
            {
              "system": "http://changehealthcare.com/interop/hdc/tdt_iteration",
              "code": "1"
            },
            {
              "system": "http://changehealthcare.com/interop/hdc/record_uuid",
              "code": "13b5e91a-79f0-4266-ae9b-1155e207f039"
            },
            {
              "system": "http://changehealthcare.com/interop/hdc/file_location",
              "code": "s3://enterprise-datalake-ingress-preprod-us-east-1/interoperability/valid/clinical"
            }
          ]
        },
        "identifier": [
          {
            "value": "703bc6ec-ccfc-4703-9330-81f19b18dec9"
          }
        ],
        "status": "not-done",
        "statusReason": {
          "coding": [
            {
              "system": "http://snomed.info/sct",
              "code": "703345002",
              "display": "Requires tetanus and diphtheria vaccination"
            }
          ]
        },
        "vaccineCode": {
          "coding": [
            {
              "system": "http://hl7.org/fhir/sid/cvx",
              "code": "1156",
              "display": "Pertussis"
            }
          ]
        },
        "patient": {
          "reference": "Patient/13b5e91a-79f0-4266-ae9b-1155e207f039"
        },
        "occurrenceDateTime": "2014-03-20",
        "primarySource": false
      },
      "search": {
        "mode": "match"
      }
    }
  ]
}
