{
  "resourceType": "Bundle",
  "id": "a56e8a31-8330-4295-b569-dae0318bc863",
  "meta": {
    "lastUpdated": "2022-02-03T13:54:10.205+00:00"
  },
  "type": "searchset",
  "link": [
    {
      "relation": "self",
      "url": "/Immunization?_getpages=fcd6c6f1-81c8-4c70-820a-edccf3a267d2&_getpagesoffset=2&_count=20&_pretty=true&_include=Immunization%3Asubject&_include=Immunization%3Amedication&_include=Immunization%3Arequester&_bundletype=searchset%22%0A"
    },
    {
      "relation": "previous",
      "url": "/Immunization?_getpages=fcd6c6f1-81c8-4c70-820a-edccf3a267d2&_getpagesoffset=0&_count=20&_pretty=true&_include=Immunization%3Asubject&_include=Immunization%3Amedication&_include=Immunization%3Arequester"
    },
    {
      "relation": "next",
      "url": "/Immunization?_getpages=fcd6c6f1-81c8-4c70-820a-edccf3a267d2&_getpagesoffset=3&_count=20&_pretty=true&_include=Immunization%3Asubject&_include=Immunization%3Amedication&_include=Immunization%3Arequester&_bundletype=searchset"
    }
  ],
  "entry": [
    {
      "resource": {
        "resourceType": "Immunization",
        "id": "L585XpWHvEYdLNshHQDex2e2kQk0VMGJ2PHJtKg4Awg",
        "meta": {
          "versionId": "2",
          "lastUpdated": "2021-09-17T11:50:31.555+00:00",
          "profile": [
            "http://hl7.org/fhir/us/core/StructureDefinition/us-core-immunization"
          ],
          "tag": [
            {
              "system": "http://changehealthcare.com/interop/hdc/sender_id",
              "code": "93706192ba57436c8e3caf633758ee66"
            },
            {
              "system": "http://changehealthcare.com/interop/hdc/usageindicator",
              "code": "t"
            },
            {
              "system": "http://changehealthcare.com/interop/hdc/record_type",
              "code": "A"
            },
            {
              "system": "http://changehealthcare.com/interop/hdc/date_time_reported",
              "code": "2021-08-26 00:01:10"
            },
            {
              "system": "http://changehealthcare.com/interop/hdc/tdt_epoch",
              "code": "1630369762286"
            },
            {
              "system": "http://changehealthcare.com/interop/hdc/tdt_iteration",
              "code": "1"
            },
            {
              "system": "http://changehealthcare.com/interop/hdc/record_uuid",
              "code": "31900355-26ad-4b7a-8705-90fbaccf8fc3"
            },
            {
              "system": "http://changehealthcare.com/interop/hdc/file_location",
              "code": "s3://enterprise-datalake-ingress-preprod-us-east-1/interoperability/valid/clinical"
            }
          ]
        },
        "identifier": [
          {
            "value": "8fcf7124-de06-47da-945f-57e6213977ee"
          }
        ],
        "status": "completed",
        "statusReason": {
          "coding": [
            {
              "system": "http://terminology.hl7.org/CodeSystem/v3-ActReason",
              "code": "MEDNEC",
              "display": "Medical Necessity"
            }
          ]
        },
        "vaccineCode": {
          "coding": [
            {
              "system": "http://hl7.org/fhir/sid/cvx",
              "code": "115"
            }
          ]
        },
        "patient": {
          "reference": "Patient/31900355-26ad-4b7a-8705-90fbaccf8fc3"
        },
        "occurrenceDateTime": "2021-03-20",
        "primarySource": false
      },
      "search": {
        "mode": "match"
      }
    },
    {
      "resource": {
        "resourceType": "Immunization",
        "id": "a5CbW0kC4ibbAY39M6tQIfI-UMSfsSagv9Uq0IkKF78",
        "meta": {
          "versionId": "2",
          "lastUpdated": "2021-09-17T11:50:31.661+00:00",
          "profile": [
            "http://hl7.org/fhir/us/core/StructureDefinition/us-core-immunization"
          ],
          "tag": [
            {
              "system": "http://changehealthcare.com/interop/hdc/sender_id",
              "code": "93706192ba57436c8e3caf633758ee66"
            },
            {
              "system": "http://changehealthcare.com/interop/hdc/usageindicator",
              "code": "t"
            },
            {
              "system": "http://changehealthcare.com/interop/hdc/record_type",
              "code": "A"
            },
            {
              "system": "http://changehealthcare.com/interop/hdc/date_time_reported",
              "code": "2021-08-26 00:01:10"
            },
            {
              "system": "http://changehealthcare.com/interop/hdc/tdt_epoch",
              "code": "1630369762286"
            },
            {
              "system": "http://changehealthcare.com/interop/hdc/tdt_iteration",
              "code": "1"
            },
            {
              "system": "http://changehealthcare.com/interop/hdc/record_uuid",
              "code": "bc64bb29-151a-467d-90ed-bbbff048782c"
            },
            {
              "system": "http://changehealthcare.com/interop/hdc/file_location",
              "code": "s3://enterprise-datalake-ingress-preprod-us-east-1/interoperability/valid/clinical"
            }
          ]
        },
        "identifier": [
          {
            "value": "bdb898aa-988d-4f98-b14e-36fd780a85cb"
          }
        ],
        "status": "completed",
        "vaccineCode": {
          "coding": [
            {
              "system": "http://hl7.org/fhir/sid/cvx",
              "code": "135"
            }
          ]
        },
        "patient": {
          "reference": "Patient/bc64bb29-151a-467d-90ed-bbbff048782c"
        },
        "occurrenceString": "Fall 2020",
        "primarySource": false
      },
      "search": {
        "mode": "match"
      }
    },
    {
      "resource": {
        "resourceType": "Immunization",
        "id": "-Z.nEsYSEXAsgiT5-we0LK2CTjBmEzreTNL6f-vU1IM",
        "meta": {
          "versionId": "1",
          "lastUpdated": "2021-09-17T11:50:31.848+00:00",
          "profile": [
            "http://hl7.org/fhir/us/core/StructureDefinition/us-core-immunization"
          ],
          "tag": [
            {
              "system": "http://changehealthcare.com/interop/hdc/sender_id",
              "code": "93706192ba57436c8e3caf633758ee66"
            },
            {
              "system": "http://changehealthcare.com/interop/hdc/usageindicator",
              "code": "t"
            },
            {
              "system": "http://changehealthcare.com/interop/hdc/record_type",
              "code": "A"
            },
            {
              "system": "http://changehealthcare.com/interop/hdc/date_time_reported",
              "code": "2021-08-26 00:01:10"
            },
            {
              "system": "http://changehealthcare.com/interop/hdc/tdt_epoch",
              "code": "1630369762286"
            },
            {
              "system": "http://changehealthcare.com/interop/hdc/tdt_iteration",
              "code": "1"
            },
            {
              "system": "http://changehealthcare.com/interop/hdc/record_uuid",
              "code": "31900355-26ad-4b7a-8705-90fbaccf8fc3"
            },
            {
              "system": "http://changehealthcare.com/interop/hdc/file_location",
              "code": "s3://enterprise-datalake-ingress-preprod-us-east-1/interoperability/valid/clinical"
            }
          ]
        },
        "identifier": [
          {
            "value": "79ef32d0-dbbd-4b8d-a4a8-835b5e884e92"
          }
        ],
        "status": "completed",
        "statusReason": {
          "coding": [
            {
              "system": "http://snomed.info/sct",
              "code": "703345002",
              "display": "Requires tetanus and diphtheria vaccination (finding)"
            }
          ]
        },
        "vaccineCode": {
          "coding": [
            {
              "system": "http://hl7.org/fhir/sid/cvx",
              "code": "115"
            }
          ]
        },
        "patient": {
          "reference": "Patient/31900355-26ad-4b7a-8705-90fbaccf8fc3"
        },
        "occurrenceDateTime": "2021-03-20",
        "primarySource": false
      },
      "search": {
        "mode": "match"
      }
    },
    {
      "resource": {
        "resourceType": "Immunization",
        "id": "Tf2qG1c9D1rYIpCBTcU6mkYXOaQFmaEaiMMo0cn8H74",
        "meta": {
          "versionId": "2",
          "lastUpdated": "2021-09-17T11:50:35.424+00:00",
          "profile": [
            "http://hl7.org/fhir/us/core/StructureDefinition/us-core-immunization"
          ],
          "tag": [
            {
              "system": "http://changehealthcare.com/interop/hdc/sender_id",
              "code": "93706192ba57436c8e3caf633758ee66"
            },
            {
              "system": "http://changehealthcare.com/interop/hdc/usageindicator",
              "code": "t"
            },
            {
              "system": "http://changehealthcare.com/interop/hdc/record_type",
              "code": "A"
            },
            {
              "system": "http://changehealthcare.com/interop/hdc/date_time_reported",
              "code": "2021-08-26 00:01:10"
            },
            {
              "system": "http://changehealthcare.com/interop/hdc/tdt_epoch",
              "code": "1630369762286"
            },
            {
              "system": "http://changehealthcare.com/interop/hdc/tdt_iteration",
              "code": "1"
            },
            {
              "system": "http://changehealthcare.com/interop/hdc/record_uuid",
              "code": "bc64bb29-151a-467d-90ed-bbbff048782c"
            },
            {
              "system": "http://changehealthcare.com/interop/hdc/file_location",
              "code": "s3://enterprise-datalake-ingress-preprod-us-east-1/interoperability/valid/clinical"
            }
          ]
        },
        "identifier": [
          {
            "value": "ee699221-f1e1-47ad-97d3-1590599c2d70"
          }
        ],
        "status": "completed",
        "statusReason": {
          "coding": [
            {
              "system": "http://terminology.hl7.org/CodeSystem/v3-ActReason",
              "code": "MEDNEC",
              "display": "Medical Necessity"
            }
          ]
        },
        "vaccineCode": {
          "coding": [
            {
              "system": "http://hl7.org/fhir/sid/cvx",
              "code": "115"
            }
          ]
        },
        "patient": {
          "reference": "Patient/bc64bb29-151a-467d-90ed-bbbff048782c"
        },
        "occurrenceDateTime": "2021-03-20",
        "primarySource": false
      },
      "search": {
        "mode": "match"
      }
    },
    {
      "resource": {
        "resourceType": "Immunization",
        "id": "ZyMcbp5Dg4yRlE.QBkm0SwbA-c1Ivil.t-srGHx9vPg",
        "meta": {
          "versionId": "1",
          "lastUpdated": "2021-09-17T11:50:32.546+00:00",
          "profile": [
            "http://hl7.org/fhir/us/core/StructureDefinition/us-core-immunization"
          ],
          "tag": [
            {
              "system": "http://changehealthcare.com/interop/hdc/sender_id",
              "code": "740b8dd63c504e7fbb1559f1d951d63d"
            },
            {
              "system": "http://changehealthcare.com/interop/hdc/usageindicator",
              "code": "t"
            },
            {
              "system": "http://changehealthcare.com/interop/hdc/record_type",
              "code": "A"
            },
            {
              "system": "http://changehealthcare.com/interop/hdc/date_time_reported",
              "code": "2021-04-26 00:00:00"
            },
            {
              "system": "http://changehealthcare.com/interop/hdc/tdt_epoch",
              "code": "1627345661167"
            },
            {
              "system": "http://changehealthcare.com/interop/hdc/tdt_iteration",
              "code": "1"
            },
            {
              "system": "http://changehealthcare.com/interop/hdc/record_uuid",
              "code": "13b5e91a-79f0-4266-ae9b-1155e207f039"
            },
            {
              "system": "http://changehealthcare.com/interop/hdc/file_location",
              "code": "s3://enterprise-datalake-ingress-preprod-us-east-1/interoperability/valid/clinical"
            }
          ]
        },
        "identifier": [
          {
            "value": "bdb898aa-988d-4f98-b14e-36fd780a85cb"
          }
        ],
        "status": "completed",
        "vaccineCode": {
          "coding": [
            {
              "system": "http://hl7.org/fhir/sid/cvx",
              "code": "135"
            }
          ]
        },
        "patient": {
          "reference": "Patient/13b5e91a-79f0-4266-ae9b-1155e207f039"
        },
        "occurrenceString": "Fall 2020",
        "primarySource": false
      },
      "search": {
        "mode": "match"
      }
    },
    {
      "resource": {
        "resourceType": "Immunization",
        "id": "ljuHSLovZLfiir0s3xoVQmAPBTF5hhjEoPscmKWOkbY",
        "meta": {
          "versionId": "2",
          "lastUpdated": "2021-09-17T11:50:35.482+00:00",
          "profile": [
            "http://hl7.org/fhir/us/core/StructureDefinition/us-core-immunization"
          ],
          "tag": [
            {
              "system": "http://changehealthcare.com/interop/hdc/sender_id",
              "code": "93706192ba57436c8e3caf633758ee66"
            },
            {
              "system": "http://changehealthcare.com/interop/hdc/usageindicator",
              "code": "t"
            },
            {
              "system": "http://changehealthcare.com/interop/hdc/record_type",
              "code": "A"
            },
            {
              "system": "http://changehealthcare.com/interop/hdc/date_time_reported",
              "code": "2021-08-26 00:01:10"
            },
            {
              "system": "http://changehealthcare.com/interop/hdc/tdt_epoch",
              "code": "1630369762286"
            },
            {
              "system": "http://changehealthcare.com/interop/hdc/tdt_iteration",
              "code": "1"
            },
            {
              "system": "http://changehealthcare.com/interop/hdc/record_uuid",
              "code": "31900355-26ad-4b7a-8705-90fbaccf8fc3"
            },
            {
              "system": "http://changehealthcare.com/interop/hdc/file_location",
              "code": "s3://enterprise-datalake-ingress-preprod-us-east-1/interoperability/valid/clinical"
            }
          ]
        },
        "identifier": [
          {
            "value": "a41bd138-6242-4ce6-8cf8-25a624fcf831"
          }
        ],
        "status": "completed",
        "vaccineCode": {
          "coding": [
            {
              "system": "http://hl7.org/fhir/sid/cvx",
              "code": "135"
            }
          ]
        },
        "patient": {
          "reference": "Patient/31900355-26ad-4b7a-8705-90fbaccf8fc3"
        },
        "occurrenceString": "Fall 2020",
        "primarySource": false
      },
      "search": {
        "mode": "match"
      }
    },
    {
      "resource": {
        "resourceType": "Immunization",
        "id": "kcIaPXFIc2.17kPNdy2AtWhvo72z1MnQR07dBdteEAc",
        "meta": {
          "versionId": "1",
          "lastUpdated": "2021-09-17T11:50:33.640+00:00",
          "profile": [
            "http://hl7.org/fhir/us/core/StructureDefinition/us-core-immunization"
          ],
          "tag": [
            {
              "system": "http://changehealthcare.com/interop/hdc/sender_id",
              "code": "740b8dd63c504e7fbb1559f1d951d63d"
            },
            {
              "system": "http://changehealthcare.com/interop/hdc/usageindicator",
              "code": "t"
            },
            {
              "system": "http://changehealthcare.com/interop/hdc/record_type",
              "code": "A"
            },
            {
              "system": "http://changehealthcare.com/interop/hdc/date_time_reported",
              "code": "2021-04-26 00:00:00"
            },
            {
              "system": "http://changehealthcare.com/interop/hdc/tdt_epoch",
              "code": "1627345661167"
            },
            {
              "system": "http://changehealthcare.com/interop/hdc/tdt_iteration",
              "code": "1"
            },
            {
              "system": "http://changehealthcare.com/interop/hdc/record_uuid",
              "code": "244474e6-0ab7-4d0b-b0e3-db18fc888915"
            },
            {
              "system": "http://changehealthcare.com/interop/hdc/file_location",
              "code": "s3://enterprise-datalake-ingress-preprod-us-east-1/interoperability/valid/clinical"
            }
          ]
        },
        "identifier": [
          {
            "value": "8fcf7124-de06-47da-945f-57e6213977ee"
          }
        ],
        "status": "completed",
        "statusReason": {
          "coding": [
            {
              "system": "http://terminology.hl7.org/CodeSystem/v3-ActReason",
              "code": "MEDNEC",
              "display": "Medical Necessity"
            }
          ]
        },
        "vaccineCode": {
          "coding": [
            {
              "system": "http://hl7.org/fhir/sid/cvx",
              "code": "115"
            }
          ]
        },
        "patient": {
          "reference": "Patient/244474e6-0ab7-4d0b-b0e3-db18fc888915"
        },
        "occurrenceDateTime": "2021-03-20",
        "primarySource": false
      },
      "search": {
        "mode": "match"
      }
    },
    {
      "resource": {
        "resourceType": "Immunization",
        "id": "j2Qa49DKgFkjkurOZg8BXcpMQayFSKzkgV8mis-ShUk",
        "meta": {
          "versionId": "1",
          "lastUpdated": "2021-09-17T11:50:33.972+00:00",
          "profile": [
            "http://hl7.org/fhir/us/core/StructureDefinition/us-core-immunization"
          ],
          "tag": [
            {
              "system": "http://changehealthcare.com/interop/hdc/sender_id",
              "code": "93706192ba57436c8e3caf633758ee66"
            },
            {
              "system": "http://changehealthcare.com/interop/hdc/usageindicator",
              "code": "t"
            },
            {
              "system": "http://changehealthcare.com/interop/hdc/record_type",
              "code": "A"
            },
            {
              "system": "http://changehealthcare.com/interop/hdc/date_time_reported",
              "code": "2021-08-26 00:01:10"
            },
            {
              "system": "http://changehealthcare.com/interop/hdc/tdt_epoch",
              "code": "1630369762286"
            },
            {
              "system": "http://changehealthcare.com/interop/hdc/tdt_iteration",
              "code": "1"
            },
            {
              "system": "http://changehealthcare.com/interop/hdc/record_uuid",
              "code": "bc64bb29-151a-467d-90ed-bbbff048782c"
            },
            {
              "system": "http://changehealthcare.com/interop/hdc/file_location",
              "code": "s3://enterprise-datalake-ingress-preprod-us-east-1/interoperability/valid/clinical"
            }
          ]
        },
        "identifier": [
          {
            "value": "703bc6ec-ccfc-4703-9330-81f19b18dec9"
          }
        ],
        "status": "completed",
        "statusReason": {
          "coding": [
            {
              "system": "http://snomed.info/sct",
              "code": "703345002",
              "display": "Requires tetanus and diphtheria vaccination (finding)"
            }
          ]
        },
        "vaccineCode": {
          "coding": [
            {
              "system": "http://hl7.org/fhir/sid/cvx",
              "code": "115"
            }
          ]
        },
        "patient": {
          "reference": "Patient/bc64bb29-151a-467d-90ed-bbbff048782c"
        },
        "occurrenceDateTime": "2021-03-20",
        "primarySource": false
      },
      "search": {
        "mode": "match"
      }
    },
    {
      "resource": {
        "resourceType": "Immunization",
        "id": "BR7ef8Ly0OPWpkAMziRVI5TfxGUIR97jcDxOqcKIDAk",
        "meta": {
          "versionId": "1",
          "lastUpdated": "2021-09-17T11:50:37.327+00:00",
          "profile": [
            "http://hl7.org/fhir/us/core/StructureDefinition/us-core-immunization"
          ],
          "tag": [
            {
              "system": "http://changehealthcare.com/interop/hdc/sender_id",
              "code": "740b8dd63c504e7fbb1559f1d951d63d"
            },
            {
              "system": "http://changehealthcare.com/interop/hdc/usageindicator",
              "code": "t"
            },
            {
              "system": "http://changehealthcare.com/interop/hdc/record_type",
              "code": "A"
            },
            {
              "system": "http://changehealthcare.com/interop/hdc/date_time_reported",
              "code": "2021-04-26 00:00:00"
            },
            {
              "system": "http://changehealthcare.com/interop/hdc/tdt_epoch",
              "code": "1627345661167"
            },
            {
              "system": "http://changehealthcare.com/interop/hdc/tdt_iteration",
              "code": "1"
            },
            {
              "system": "http://changehealthcare.com/interop/hdc/record_uuid",
              "code": "13b5e91a-79f0-4266-ae9b-1155e207f039"
            },
            {
              "system": "http://changehealthcare.com/interop/hdc/file_location",
              "code": "s3://enterprise-datalake-ingress-preprod-us-east-1/interoperability/valid/clinical"
            }
          ]
        },
        "identifier": [
          {
            "value": "703bc6ec-ccfc-4703-9330-81f19b18dec9"
          }
        ],
        "status": "completed",
        "statusReason": {
          "coding": [
            {
              "system": "http://snomed.info/sct",
              "code": "703345002",
              "display": "Requires tetanus and diphtheria vaccination (finding)"
            }
          ]
        },
        "vaccineCode": {
          "coding": [
            {
              "system": "http://hl7.org/fhir/sid/cvx",
              "code": "115"
            }
          ]
        },
        "patient": {
          "reference": "Patient/13b5e91a-79f0-4266-ae9b-1155e207f039"
        },
        "occurrenceDateTime": "2021-03-20",
        "primarySource": false
      },
      "search": {
        "mode": "match"
      }
    },
    {
      "resource": {
        "resourceType": "Immunization",
        "id": "BkrkLdIBdnbFr-m4Xa880PHz7YxJxqGhVMA0YhJS2yU",
        "meta": {
          "versionId": "4",
          "lastUpdated": "2021-11-02T20:22:49.075+00:00",
          "profile": [
            "http://hl7.org/fhir/us/core/StructureDefinition/us-core-immunization"
          ],
          "tag": [
            {
              "system": "http://changehealthcare.com/interop/hdc/sender_id",
              "code": "93706192ba57436c8e3caf633758ee66"
            },
            {
              "system": "http://changehealthcare.com/interop/hdc/usageindicator",
              "code": "t"
            },
            {
              "system": "http://changehealthcare.com/interop/hdc/record_type",
              "code": "A"
            },
            {
              "system": "http://changehealthcare.com/interop/hdc/date_time_reported",
              "code": "2021-10-07 03:01:20"
            },
            {
              "system": "http://changehealthcare.com/interop/hdc/tdt_epoch",
              "code": "1635876957245"
            },
            {
              "system": "http://changehealthcare.com/interop/hdc/tdt_iteration",
              "code": "1"
            },
            {
              "system": "http://changehealthcare.com/interop/hdc/record_uuid",
              "code": "9e992b1a-455d-471f-a2af-9181e194877b"
            },
            {
              "system": "http://changehealthcare.com/interop/hdc/file_location",
              "code": "s3://enterprise-datalake-ingress-preprod-us-east-1/interoperability/valid/clinical"
            }
          ]
        },
        "identifier": [
          {
            "value": "363450b6-101a-4818-bc89-3571a080dc8f"
          }
        ],
        "status": "completed",
        "statusReason": {
          "coding": [
            {
              "system": "http://terminology.hl7.org/CodeSystem/v3-ActReason",
              "code": "MEDNEC",
              "display": "Medical Necessity"
            }
          ]
        },
        "vaccineCode": {
          "coding": [
            {
              "system": "http://hl7.org/fhir/sid/cvx",
              "code": "115"
            }
          ]
        },
        "patient": {
          "reference": "Patient/9e992b1a-455d-471f-a2af-9181e194877b"
        },
        "occurrenceDateTime": "2021-03-20",
        "primarySource": false
      },
      "search": {
        "mode": "match"
      }
    },
    {
      "resource": {
        "resourceType": "Immunization",
        "id": "kE7uOtpDyrLxa4Nt8KEvtWtpNOOmuiEe7sTkK3VA90s",
        "meta": {
          "versionId": "1",
          "lastUpdated": "2021-09-17T11:50:37.424+00:00",
          "profile": [
            "http://hl7.org/fhir/us/core/StructureDefinition/us-core-immunization"
          ],
          "tag": [
            {
              "system": "http://changehealthcare.com/interop/hdc/sender_id",
              "code": "740b8dd63c504e7fbb1559f1d951d63d"
            },
            {
              "system": "http://changehealthcare.com/interop/hdc/usageindicator",
              "code": "t"
            },
            {
              "system": "http://changehealthcare.com/interop/hdc/record_type",
              "code": "A"
            },
            {
              "system": "http://changehealthcare.com/interop/hdc/date_time_reported",
              "code": "2021-04-26 00:00:00"
            },
            {
              "system": "http://changehealthcare.com/interop/hdc/tdt_epoch",
              "code": "1627345661167"
            },
            {
              "system": "http://changehealthcare.com/interop/hdc/tdt_iteration",
              "code": "1"
            },
            {
              "system": "http://changehealthcare.com/interop/hdc/record_uuid",
              "code": "244474e6-0ab7-4d0b-b0e3-db18fc888915"
            },
            {
              "system": "http://changehealthcare.com/interop/hdc/file_location",
              "code": "s3://enterprise-datalake-ingress-preprod-us-east-1/interoperability/valid/clinical"
            }
          ]
        },
        "identifier": [
          {
            "value": "79ef32d0-dbbd-4b8d-a4a8-835b5e884e92"
          }
        ],
        "status": "completed",
        "statusReason": {
          "coding": [
            {
              "system": "http://snomed.info/sct",
              "code": "703345002",
              "display": "Requires tetanus and diphtheria vaccination (finding)"
            }
          ]
        },
        "vaccineCode": {
          "coding": [
            {
              "system": "http://hl7.org/fhir/sid/cvx",
              "code": "115"
            }
          ]
        },
        "patient": {
          "reference": "Patient/244474e6-0ab7-4d0b-b0e3-db18fc888915"
        },
        "occurrenceDateTime": "2021-03-20",
        "primarySource": false
      },
      "search": {
        "mode": "match"
      }
    },
    {
      "resource": {
        "resourceType": "Immunization",
        "id": ".2wmA-PuLSlxymJpUYnHf-4n8W4yoW2ECM.H7LIIIfM",
        "meta": {
          "versionId": "1",
          "lastUpdated": "2021-09-17T11:50:41.134+00:00",
          "profile": [
            "http://hl7.org/fhir/us/core/StructureDefinition/us-core-immunization"
          ],
          "tag": [
            {
              "system": "http://changehealthcare.com/interop/hdc/sender_id",
              "code": "740b8dd63c504e7fbb1559f1d951d63d"
            },
            {
              "system": "http://changehealthcare.com/interop/hdc/usageindicator",
              "code": "t"
            },
            {
              "system": "http://changehealthcare.com/interop/hdc/record_type",
              "code": "A"
            },
            {
              "system": "http://changehealthcare.com/interop/hdc/date_time_reported",
              "code": "2021-04-26 00:00:00"
            },
            {
              "system": "http://changehealthcare.com/interop/hdc/tdt_epoch",
              "code": "1627345661167"
            },
            {
              "system": "http://changehealthcare.com/interop/hdc/tdt_iteration",
              "code": "1"
            },
            {
              "system": "http://changehealthcare.com/interop/hdc/record_uuid",
              "code": "244474e6-0ab7-4d0b-b0e3-db18fc888915"
            },
            {
              "system": "http://changehealthcare.com/interop/hdc/file_location",
              "code": "s3://enterprise-datalake-ingress-preprod-us-east-1/interoperability/valid/clinical"
            }
          ]
        },
        "identifier": [
          {
            "value": "a41bd138-6242-4ce6-8cf8-25a624fcf831"
          }
        ],
        "status": "completed",
        "vaccineCode": {
          "coding": [
            {
              "system": "http://hl7.org/fhir/sid/cvx",
              "code": "135"
            }
          ]
        },
        "patient": {
          "reference": "Patient/244474e6-0ab7-4d0b-b0e3-db18fc888915"
        },
        "occurrenceString": "Fall 2020",
        "primarySource": false
      },
      "search": {
        "mode": "match"
      }
    },
    {
      "resource": {
        "resourceType": "Immunization",
        "id": "REKKFkFxB4WSlIboikrWh3EOw0xx1t8C055UwjLt8Is",
        "meta": {
          "versionId": "1",
          "lastUpdated": "2021-09-17T11:50:41.196+00:00",
          "profile": [
            "http://hl7.org/fhir/us/core/StructureDefinition/us-core-immunization"
          ],
          "tag": [
            {
              "system": "http://changehealthcare.com/interop/hdc/sender_id",
              "code": "740b8dd63c504e7fbb1559f1d951d63d"
            },
            {
              "system": "http://changehealthcare.com/interop/hdc/usageindicator",
              "code": "t"
            },
            {
              "system": "http://changehealthcare.com/interop/hdc/record_type",
              "code": "A"
            },
            {
              "system": "http://changehealthcare.com/interop/hdc/date_time_reported",
              "code": "2021-04-26 00:00:00"
            },
            {
              "system": "http://changehealthcare.com/interop/hdc/tdt_epoch",
              "code": "1627345661167"
            },
            {
              "system": "http://changehealthcare.com/interop/hdc/tdt_iteration",
              "code": "1"
            },
            {
              "system": "http://changehealthcare.com/interop/hdc/record_uuid",
              "code": "13b5e91a-79f0-4266-ae9b-1155e207f039"
            },
            {
              "system": "http://changehealthcare.com/interop/hdc/file_location",
              "code": "s3://enterprise-datalake-ingress-preprod-us-east-1/interoperability/valid/clinical"
            }
          ]
        },
        "identifier": [
          {
            "value": "ee699221-f1e1-47ad-97d3-1590599c2d70"
          }
        ],
        "status": "completed",
        "statusReason": {
          "coding": [
            {
              "system": "http://terminology.hl7.org/CodeSystem/v3-ActReason",
              "code": "MEDNEC",
              "display": "Medical Necessity"
            }
          ]
        },
        "vaccineCode": {
          "coding": [
            {
              "system": "http://hl7.org/fhir/sid/cvx",
              "code": "115"
            }
          ]
        },
        "patient": {
          "reference": "Patient/13b5e91a-79f0-4266-ae9b-1155e207f039"
        },
        "occurrenceDateTime": "2021-03-20",
        "primarySource": false
      },
      "search": {
        "mode": "match"
      }
    },
    {
      "resource": {
        "resourceType": "Immunization",
        "id": "TTk8Hd-VFj42yCT3SKxq2FHrIOcPOghzrAgdckcpOUM",
        "meta": {
          "versionId": "5",
          "lastUpdated": "2021-09-30T22:50:08.711+00:00",
          "profile": [
            "http://hl7.org/fhir/us/core/StructureDefinition/us-core-immunization"
          ],
          "tag": [
            {
              "system": "http://changehealthcare.com/interop/hdc/sender_id",
              "code": "93706192ba57436c8e3caf633758ee66"
            },
            {
              "system": "http://changehealthcare.com/interop/hdc/usageindicator",
              "code": "t"
            },
            {
              "system": "http://changehealthcare.com/interop/hdc/record_type",
              "code": "U"
            },
            {
              "system": "http://changehealthcare.com/interop/hdc/date_time_reported",
              "code": "2021-09-30 10:01:20"
            },
            {
              "system": "http://changehealthcare.com/interop/hdc/tdt_epoch",
              "code": "1633035584370"
            },
            {
              "system": "http://changehealthcare.com/interop/hdc/tdt_iteration",
              "code": "1"
            },
            {
              "system": "http://changehealthcare.com/interop/hdc/record_uuid",
              "code": "2640b8a3-1246-4427-8383-5d1700b5753f"
            },
            {
              "system": "http://changehealthcare.com/interop/hdc/file_location",
              "code": "s3://enterprise-datalake-ingress-preprod-us-east-1/interoperability/valid/clinical"
            }
          ]
        },
        "identifier": [
          {
            "value": "20424fbc-7f7b-4c67-b03d-ff8920c0cb76"
          }
        ],
        "status": "completed",
        "vaccineCode": {
          "coding": [
            {
              "system": "http://hl7.org/fhir/sid/cvx",
              "code": "135"
            }
          ]
        },
        "patient": {
          "reference": "Patient/2640b8a3-1246-4427-8383-5d1700b5753f"
        },
        "occurrenceString": "Fall 2021",
        "primarySource": false
      },
      "search": {
        "mode": "match"
      }
    },
    {
      "resource": {
        "resourceType": "Immunization",
        "id": "UEwcyrYm.9UhUkgO8NOMla8DRkyttJDbta5fCNkcWQk",
        "meta": {
          "versionId": "9",
          "lastUpdated": "2021-11-02T20:22:51.189+00:00",
          "profile": [
            "http://hl7.org/fhir/us/core/StructureDefinition/us-core-immunization"
          ],
          "tag": [
            {
              "system": "http://changehealthcare.com/interop/hdc/sender_id",
              "code": "93706192ba57436c8e3caf633758ee66"
            },
            {
              "system": "http://changehealthcare.com/interop/hdc/usageindicator",
              "code": "t"
            },
            {
              "system": "http://changehealthcare.com/interop/hdc/record_type",
              "code": "A"
            },
            {
              "system": "http://changehealthcare.com/interop/hdc/date_time_reported",
              "code": "2021-10-07 03:01:20"
            },
            {
              "system": "http://changehealthcare.com/interop/hdc/tdt_epoch",
              "code": "1635876957245"
            },
            {
              "system": "http://changehealthcare.com/interop/hdc/tdt_iteration",
              "code": "1"
            },
            {
              "system": "http://changehealthcare.com/interop/hdc/record_uuid",
              "code": "9e992b1a-455d-471f-a2af-9181e194877b"
            },
            {
              "system": "http://changehealthcare.com/interop/hdc/file_location",
              "code": "s3://enterprise-datalake-ingress-preprod-us-east-1/interoperability/valid/clinical"
            }
          ]
        },
        "identifier": [
          {
            "value": "d8f40d11-8e8f-4b33-b370-45f8049845a7"
          }
        ],
        "status": "completed",
        "statusReason": {
          "coding": [
            {
              "system": "http://snomed.info/sct",
              "code": "703345002",
              "display": "Requires tetanus and diphtheria vaccination (finding)"
            }
          ]
        },
        "vaccineCode": {
          "coding": [
            {
              "system": "http://hl7.org/fhir/sid/cvx",
              "code": "115"
            }
          ]
        },
        "patient": {
          "reference": "Patient/9e992b1a-455d-471f-a2af-9181e194877b"
        },
        "occurrenceDateTime": "2021-03-20",
        "primarySource": false
      },
      "search": {
        "mode": "match"
      }
    },
    {
      "resource": {
        "resourceType": "Immunization",
        "id": "eaiO7G9jaKJkIE931-89lEJ7OHX1vhd3IvrUnRTCYWA",
        "meta": {
          "versionId": "1",
          "lastUpdated": "2021-09-29T00:40:41.419+00:00",
          "profile": [
            "http://hl7.org/fhir/us/core/StructureDefinition/us-core-immunization"
          ],
          "tag": [
            {
              "system": "http://changehealthcare.com/interop/hdc/sender_id",
              "code": "93706192ba57436c8e3caf633758ee66"
            },
            {
              "system": "http://changehealthcare.com/interop/hdc/usageindicator",
              "code": "t"
            },
            {
              "system": "http://changehealthcare.com/interop/hdc/record_type",
              "code": "A"
            },
            {
              "system": "http://changehealthcare.com/interop/hdc/date_time_reported",
              "code": "2020-09-26 21:16:12"
            },
            {
              "system": "http://changehealthcare.com/interop/hdc/tdt_epoch",
              "code": "1632865458891"
            },
            {
              "system": "http://changehealthcare.com/interop/hdc/tdt_iteration",
              "code": "1"
            },
            {
              "system": "http://changehealthcare.com/interop/hdc/record_uuid",
              "code": "12091318-4987-4c5c-86f4-a1f4c69e1613"
            },
            {
              "system": "http://changehealthcare.com/interop/hdc/file_location",
              "code": "s3://enterprise-datalake-ingress-preprod-us-east-1/interoperability_historical/valid/clinical"
            }
          ]
        },
        "identifier": [
          {
            "value": "87302612-dda4-442d-8ef8-8f0fd9e0d690"
          }
        ],
        "status": "completed",
        "vaccineCode": {
          "coding": [
            {
              "system": "http://hl7.org/fhir/sid/cvx",
              "code": "135"
            }
          ]
        },
        "patient": {
          "reference": "Patient/12091318-4987-4c5c-86f4-a1f4c69e1613"
        },
        "occurrenceString": "Fall 2020",
        "primarySource": false
      },
      "search": {
        "mode": "match"
      }
    },
    {
      "resource": {
        "resourceType": "Immunization",
        "id": "n.XCNel4Qt9ViZkZakvepVBZquVA0YSjdyfn2V2-S7U",
        "meta": {
          "versionId": "1",
          "lastUpdated": "2021-09-29T00:40:41.681+00:00",
          "profile": [
            "http://hl7.org/fhir/us/core/StructureDefinition/us-core-immunization"
          ],
          "tag": [
            {
              "system": "http://changehealthcare.com/interop/hdc/sender_id",
              "code": "93706192ba57436c8e3caf633758ee66"
            },
            {
              "system": "http://changehealthcare.com/interop/hdc/usageindicator",
              "code": "t"
            },
            {
              "system": "http://changehealthcare.com/interop/hdc/record_type",
              "code": "A"
            },
            {
              "system": "http://changehealthcare.com/interop/hdc/date_time_reported",
              "code": "2020-09-26 21:16:12"
            },
            {
              "system": "http://changehealthcare.com/interop/hdc/tdt_epoch",
              "code": "1632865458891"
            },
            {
              "system": "http://changehealthcare.com/interop/hdc/tdt_iteration",
              "code": "1"
            },
            {
              "system": "http://changehealthcare.com/interop/hdc/record_uuid",
              "code": "12091318-4987-4c5c-86f4-a1f4c69e1613"
            },
            {
              "system": "http://changehealthcare.com/interop/hdc/file_location",
              "code": "s3://enterprise-datalake-ingress-preprod-us-east-1/interoperability_historical/valid/clinical"
            }
          ]
        },
        "identifier": [
          {
            "value": "b581eafc-5e0b-4f60-b487-c2da4a7474b6"
          }
        ],
        "status": "completed",
        "statusReason": {
          "coding": [
            {
              "system": "http://snomed.info/sct",
              "code": "703345002",
              "display": "Requires tetanus and diphtheria vaccination (finding)"
            }
          ]
        },
        "vaccineCode": {
          "coding": [
            {
              "system": "http://hl7.org/fhir/sid/cvx",
              "code": "115"
            }
          ]
        },
        "patient": {
          "reference": "Patient/12091318-4987-4c5c-86f4-a1f4c69e1613"
        },
        "occurrenceDateTime": "2021-03-20",
        "primarySource": false
      },
      "search": {
        "mode": "match"
      }
    },
    {
      "resource": {
        "resourceType": "Immunization",
        "id": "Ta.twaA9Ul0BU.Nfp2dwZUEQROBsDzMNkxtTMEm9Nfw",
        "meta": {
          "versionId": "1",
          "lastUpdated": "2021-09-29T00:40:41.733+00:00",
          "profile": [
            "http://hl7.org/fhir/us/core/StructureDefinition/us-core-immunization"
          ],
          "tag": [
            {
              "system": "http://changehealthcare.com/interop/hdc/sender_id",
              "code": "93706192ba57436c8e3caf633758ee66"
            },
            {
              "system": "http://changehealthcare.com/interop/hdc/usageindicator",
              "code": "t"
            },
            {
              "system": "http://changehealthcare.com/interop/hdc/record_type",
              "code": "A"
            },
            {
              "system": "http://changehealthcare.com/interop/hdc/date_time_reported",
              "code": "2020-09-26 21:16:12"
            },
            {
              "system": "http://changehealthcare.com/interop/hdc/tdt_epoch",
              "code": "1632865458891"
            },
            {
              "system": "http://changehealthcare.com/interop/hdc/tdt_iteration",
              "code": "1"
            },
            {
              "system": "http://changehealthcare.com/interop/hdc/record_uuid",
              "code": "12091318-4987-4c5c-86f4-a1f4c69e1613"
            },
            {
              "system": "http://changehealthcare.com/interop/hdc/file_location",
              "code": "s3://enterprise-datalake-ingress-preprod-us-east-1/interoperability_historical/valid/clinical"
            }
          ]
        },
        "identifier": [
          {
            "value": "21a0f719-bb92-690c-5b24-3301832c7437"
          }
        ],
        "status": "completed",
        "statusReason": {
          "coding": [
            {
              "system": "http://terminology.hl7.org/CodeSystem/v3-ActReason",
              "code": "MEDNEC",
              "display": "Medical Necessity"
            }
          ]
        },
        "vaccineCode": {
          "coding": [
            {
              "system": "http://hl7.org/fhir/sid/cvx",
              "code": "115"
            }
          ]
        },
        "patient": {
          "reference": "Patient/12091318-4987-4c5c-86f4-a1f4c69e1613"
        },
        "occurrenceDateTime": "2021-03-20",
        "primarySource": false
      },
      "search": {
        "mode": "match"
      }
    },
    {
      "resource": {
        "resourceType": "Immunization",
        "id": "ir-9COM0o9FARnzRpE8eMwASp8qwcaRic67-z7sUTA4",
        "meta": {
          "versionId": "1",
          "lastUpdated": "2021-09-29T10:32:21.650+00:00",
          "profile": [
            "http://hl7.org/fhir/us/core/StructureDefinition/us-core-immunization"
          ],
          "tag": [
            {
              "system": "http://changehealthcare.com/interop/hdc/sender_id",
              "code": "93706192ba57436c8e3caf633758ee66"
            },
            {
              "system": "http://changehealthcare.com/interop/hdc/usageindicator",
              "code": "t"
            },
            {
              "system": "http://changehealthcare.com/interop/hdc/record_type",
              "code": "A"
            },
            {
              "system": "http://changehealthcare.com/interop/hdc/date_time_reported",
              "code": "2021-09-27 16:50:06"
            },
            {
              "system": "http://changehealthcare.com/interop/hdc/tdt_epoch",
              "code": "1632904948590"
            },
            {
              "system": "http://changehealthcare.com/interop/hdc/tdt_iteration",
              "code": "1"
            },
            {
              "system": "http://changehealthcare.com/interop/hdc/record_uuid",
              "code": "051f4d3e-9a19-432d-8c5c-b84ed6b9b243"
            },
            {
              "system": "http://changehealthcare.com/interop/hdc/file_location",
              "code": "s3://enterprise-datalake-ingress-preprod-us-east-1/interoperability_historical/valid/clinical"
            }
          ]
        },
        "identifier": [
          {
            "value": "3dc6d903-f906-4399-b19e-5346b60f67a2"
          }
        ],
        "status": "completed",
        "vaccineCode": {
          "coding": [
            {
              "system": "http://hl7.org/fhir/sid/cvx",
              "code": "135"
            }
          ]
        },
        "patient": {
          "reference": "Patient/051f4d3e-9a19-432d-8c5c-b84ed6b9b243"
        },
        "occurrenceString": "Fall 2020",
        "primarySource": false
      },
      "search": {
        "mode": "match"
      }
    },
    {
      "resource": {
        "resourceType": "Immunization",
        "id": "CSf-.qHdHPLasppOYCU0Yl-.vHdI8JNA-XqIWjZJoiQ",
        "meta": {
          "versionId": "1",
          "lastUpdated": "2021-09-29T10:32:21.683+00:00",
          "profile": [
            "http://hl7.org/fhir/us/core/StructureDefinition/us-core-immunization"
          ],
          "tag": [
            {
              "system": "http://changehealthcare.com/interop/hdc/sender_id",
              "code": "93706192ba57436c8e3caf633758ee66"
            },
            {
              "system": "http://changehealthcare.com/interop/hdc/usageindicator",
              "code": "t"
            },
            {
              "system": "http://changehealthcare.com/interop/hdc/record_type",
              "code": "A"
            },
            {
              "system": "http://changehealthcare.com/interop/hdc/date_time_reported",
              "code": "2021-09-27 16:50:06"
            },
            {
              "system": "http://changehealthcare.com/interop/hdc/tdt_epoch",
              "code": "1632904948590"
            },
            {
              "system": "http://changehealthcare.com/interop/hdc/tdt_iteration",
              "code": "1"
            },
            {
              "system": "http://changehealthcare.com/interop/hdc/record_uuid",
              "code": "051f4d3e-9a19-432d-8c5c-b84ed6b9b243"
            },
            {
              "system": "http://changehealthcare.com/interop/hdc/file_location",
              "code": "s3://enterprise-datalake-ingress-preprod-us-east-1/interoperability_historical/valid/clinical"
            }
          ]
        },
        "identifier": [
          {
            "value": "a7cd828e-7abb-4924-8807-9263583a573a"
          }
        ],
        "status": "completed",
        "statusReason": {
          "coding": [
            {
              "system": "http://snomed.info/sct",
              "code": "703345002",
              "display": "Requires tetanus and diphtheria vaccination (finding)"
            }
          ]
        },
        "vaccineCode": {
          "coding": [
            {
              "system": "http://hl7.org/fhir/sid/cvx",
              "code": "115"
            }
          ]
        },
        "patient": {
          "reference": "Patient/051f4d3e-9a19-432d-8c5c-b84ed6b9b243"
        },
        "occurrenceDateTime": "2020-03-20",
        "primarySource": false
      },
      "search": {
        "mode": "match"
      }
    },
    {
      "resource": {
        "resourceType": "Immunization",
        "id": "Vo7KUG7wiMjr4882uY3ntaKhs73etPTBCPGZkMkVJio",
        "meta": {
          "versionId": "1",
          "lastUpdated": "2021-09-29T10:32:21.941+00:00",
          "profile": [
            "http://hl7.org/fhir/us/core/StructureDefinition/us-core-immunization"
          ],
          "tag": [
            {
              "system": "http://changehealthcare.com/interop/hdc/sender_id",
              "code": "93706192ba57436c8e3caf633758ee66"
            },
            {
              "system": "http://changehealthcare.com/interop/hdc/usageindicator",
              "code": "t"
            },
            {
              "system": "http://changehealthcare.com/interop/hdc/record_type",
              "code": "A"
            },
            {
              "system": "http://changehealthcare.com/interop/hdc/date_time_reported",
              "code": "2021-09-27 16:50:06"
            },
            {
              "system": "http://changehealthcare.com/interop/hdc/tdt_epoch",
              "code": "1632904948590"
            },
            {
              "system": "http://changehealthcare.com/interop/hdc/tdt_iteration",
              "code": "1"
            },
            {
              "system": "http://changehealthcare.com/interop/hdc/record_uuid",
              "code": "051f4d3e-9a19-432d-8c5c-b84ed6b9b243"
            },
            {
              "system": "http://changehealthcare.com/interop/hdc/file_location",
              "code": "s3://enterprise-datalake-ingress-preprod-us-east-1/interoperability_historical/valid/clinical"
            }
          ]
        },
        "identifier": [
          {
            "value": "28173e99-6019-4434-b240-872d44503788"
          }
        ],
        "status": "completed",
        "statusReason": {
          "coding": [
            {
              "system": "http://terminology.hl7.org/CodeSystem/v3-ActReason",
              "code": "MEDNEC",
              "display": "Medical Necessity"
            }
          ]
        },
        "vaccineCode": {
          "coding": [
            {
              "system": "http://hl7.org/fhir/sid/cvx",
              "code": "115"
            }
          ]
        },
        "patient": {
          "reference": "Patient/051f4d3e-9a19-432d-8c5c-b84ed6b9b243"
        },
        "occurrenceDateTime": "2020-03-20",
        "primarySource": false
      },
      "search": {
        "mode": "match"
      }
    },
    {
      "resource": {
        "resourceType": "Immunization",
        "id": "xoAAKbmXgwszrvM-Dz-oD356BNNP8Cc7.MfeZhpT0OY",
        "meta": {
          "versionId": "1",
          "lastUpdated": "2021-10-01T12:31:16.616+00:00",
          "profile": [
            "http://hl7.org/fhir/us/core/StructureDefinition/us-core-immunization"
          ],
          "tag": [
            {
              "system": "http://changehealthcare.com/interop/hdc/sender_id",
              "code": "93706192ba57436c8e3caf633758ee66"
            },
            {
              "system": "http://changehealthcare.com/interop/hdc/usageindicator",
              "code": "t"
            },
            {
              "system": "http://changehealthcare.com/interop/hdc/record_type",
              "code": "A"
            },
            {
              "system": "http://changehealthcare.com/interop/hdc/date_time_reported",
              "code": "2021-09-22 23:16:12"
            },
            {
              "system": "http://changehealthcare.com/interop/hdc/tdt_epoch",
              "code": "1633082564673"
            },
            {
              "system": "http://changehealthcare.com/interop/hdc/tdt_iteration",
              "code": "1"
            },
            {
              "system": "http://changehealthcare.com/interop/hdc/record_uuid",
              "code": "e59494ea-375f-4b84-974e-d1ba70fae0fc"
            },
            {
              "system": "http://changehealthcare.com/interop/hdc/file_location",
              "code": "s3://enterprise-datalake-ingress-preprod-us-east-1/interoperability/valid/clinical"
            }
          ]
        },
        "identifier": [
          {
            "value": "11a0f719-bb92-690c-5b24-3301832c7437"
          }
        ],
        "status": "completed",
        "statusReason": {
          "coding": [
            {
              "system": "http://terminology.hl7.org/CodeSystem/v3-ActReason",
              "code": "MEDNEC",
              "display": "Medical Necessity"
            }
          ]
        },
        "vaccineCode": {
          "coding": [
            {
              "system": "http://hl7.org/fhir/sid/cvx",
              "code": "115"
            }
          ]
        },
        "patient": {
          "reference": "Patient/e59494ea-375f-4b84-974e-d1ba70fae0fc"
        },
        "occurrenceDateTime": "2021-03-20",
        "primarySource": false
      },
      "search": {
        "mode": "match"
      }
    },
    {
      "resource": {
        "resourceType": "Immunization",
        "id": "WpzCQuXDgQOtOTxo8Swd.KSFG7sugcT6v9BVY89I29o",
        "meta": {
          "versionId": "1",
          "lastUpdated": "2021-10-01T12:31:16.617+00:00",
          "profile": [
            "http://hl7.org/fhir/us/core/StructureDefinition/us-core-immunization"
          ],
          "tag": [
            {
              "system": "http://changehealthcare.com/interop/hdc/sender_id",
              "code": "93706192ba57436c8e3caf633758ee66"
            },
            {
              "system": "http://changehealthcare.com/interop/hdc/usageindicator",
              "code": "t"
            },
            {
              "system": "http://changehealthcare.com/interop/hdc/record_type",
              "code": "A"
            },
            {
              "system": "http://changehealthcare.com/interop/hdc/date_time_reported",
              "code": "2021-09-22 23:16:12"
            },
            {
              "system": "http://changehealthcare.com/interop/hdc/tdt_epoch",
              "code": "1633082564673"
            },
            {
              "system": "http://changehealthcare.com/interop/hdc/tdt_iteration",
              "code": "1"
            },
            {
              "system": "http://changehealthcare.com/interop/hdc/record_uuid",
              "code": "e59494ea-375f-4b84-974e-d1ba70fae0fc"
            },
            {
              "system": "http://changehealthcare.com/interop/hdc/file_location",
              "code": "s3://enterprise-datalake-ingress-preprod-us-east-1/interoperability/valid/clinical"
            }
          ]
        },
        "identifier": [
          {
            "value": "a581eafc-5e0b-4f60-b487-c2da4a7474b6"
          }
        ],
        "status": "completed",
        "statusReason": {
          "coding": [
            {
              "system": "http://snomed.info/sct",
              "code": "703345002",
              "display": "Requires tetanus and diphtheria vaccination (finding)"
            }
          ]
        },
        "vaccineCode": {
          "coding": [
            {
              "system": "http://hl7.org/fhir/sid/cvx",
              "code": "115"
            }
          ]
        },
        "patient": {
          "reference": "Patient/e59494ea-375f-4b84-974e-d1ba70fae0fc"
        },
        "occurrenceDateTime": "2021-03-20",
        "primarySource": false
      },
      "search": {
        "mode": "match"
      }
    },
    {
      "resource": {
        "resourceType": "Immunization",
        "id": "rQlbdmqdiIV4yabaKOZi4I5Nv6ki8rG3d4ES38OFCPM",
        "meta": {
          "versionId": "1",
          "lastUpdated": "2021-10-01T12:31:16.647+00:00",
          "profile": [
            "http://hl7.org/fhir/us/core/StructureDefinition/us-core-immunization"
          ],
          "tag": [
            {
              "system": "http://changehealthcare.com/interop/hdc/sender_id",
              "code": "93706192ba57436c8e3caf633758ee66"
            },
            {
              "system": "http://changehealthcare.com/interop/hdc/usageindicator",
              "code": "t"
            },
            {
              "system": "http://changehealthcare.com/interop/hdc/record_type",
              "code": "A"
            },
            {
              "system": "http://changehealthcare.com/interop/hdc/date_time_reported",
              "code": "2021-09-22 23:16:12"
            },
            {
              "system": "http://changehealthcare.com/interop/hdc/tdt_epoch",
              "code": "1633082564673"
            },
            {
              "system": "http://changehealthcare.com/interop/hdc/tdt_iteration",
              "code": "1"
            },
            {
              "system": "http://changehealthcare.com/interop/hdc/record_uuid",
              "code": "e59494ea-375f-4b84-974e-d1ba70fae0fc"
            },
            {
              "system": "http://changehealthcare.com/interop/hdc/file_location",
              "code": "s3://enterprise-datalake-ingress-preprod-us-east-1/interoperability/valid/clinical"
            }
          ]
        },
        "identifier": [
          {
            "value": "77302612-dda4-442d-8ef8-8f0fd9e0d690"
          }
        ],
        "status": "completed",
        "vaccineCode": {
          "coding": [
            {
              "system": "http://hl7.org/fhir/sid/cvx",
              "code": "135"
            }
          ]
        },
        "patient": {
          "reference": "Patient/e59494ea-375f-4b84-974e-d1ba70fae0fc"
        },
        "occurrenceString": "Fall 2020",
        "primarySource": false
      },
      "search": {
        "mode": "match"
      }
    },
    {
      "resource": {
        "resourceType": "Immunization",
        "id": "gYHk2TaRmusnNpLGgfTHTARBxmVZFT5cg0oMb8xC8zk",
        "meta": {
          "versionId": "1",
          "lastUpdated": "2022-01-18T20:51:02.046+00:00",
          "profile": [
            "http://hl7.org/fhir/us/core/StructureDefinition/us-core-immunization"
          ],
          "tag": [
            {
              "system": "http://changehealthcare.com/interop/hdc/sender_id",
              "code": "93706192ba57436c8e3caf633758ee66"
            },
            {
              "system": "http://changehealthcare.com/interop/hdc/usageindicator",
              "code": "t"
            },
            {
              "system": "http://changehealthcare.com/interop/hdc/record_type",
              "code": "A"
            },
            {
              "system": "http://changehealthcare.com/interop/hdc/date_time_reported",
              "code": "2021-12-29 00:50:06"
            },
            {
              "system": "http://changehealthcare.com/interop/hdc/tdt_epoch",
              "code": "1642532761260"
            },
            {
              "system": "http://changehealthcare.com/interop/hdc/tdt_iteration",
              "code": "1"
            },
            {
              "system": "http://changehealthcare.com/interop/hdc/record_uuid",
              "code": "52251d04-160f-4f62-9e89-0ad291107317"
            },
            {
              "system": "http://changehealthcare.com/interop/hdc/file_location",
              "code": "s3://enterprise-datalake-ingress-preprod-us-east-1/interoperability/valid/clinical"
            }
          ]
        },
        "identifier": [
          {
            "value": "MP_CLINICALS_GAIA_IMUNZ_002"
          }
        ],
        "status": "completed",
        "statusReason": {
          "coding": [
            {
              "system": "http://terminology.hl7.org/CodeSystem/v3-ActReason",
              "code": "MEDNEC",
              "display": "Medical Necessity"
            }
          ]
        },
        "vaccineCode": {
          "coding": [
            {
              "system": "http://hl7.org/fhir/sid/cvx",
              "code": "115"
            }
          ]
        },
        "patient": {
          "reference": "Patient/52251d04-160f-4f62-9e89-0ad291107317"
        },
        "occurrenceDateTime": "2021-03-20",
        "primarySource": false
      },
      "search": {
        "mode": "match"
      }
    },
    {
      "resource": {
        "resourceType": "Immunization",
        "id": "8O80SbyX5n8dvarK3eNBfoPi81Z7fYV6B9NTRJtT6tQ",
        "meta": {
          "versionId": "1",
          "lastUpdated": "2022-01-18T20:51:20.488+00:00",
          "profile": [
            "http://hl7.org/fhir/us/core/StructureDefinition/us-core-immunization"
          ],
          "tag": [
            {
              "system": "http://changehealthcare.com/interop/hdc/sender_id",
              "code": "93706192ba57436c8e3caf633758ee66"
            },
            {
              "system": "http://changehealthcare.com/interop/hdc/usageindicator",
              "code": "t"
            },
            {
              "system": "http://changehealthcare.com/interop/hdc/record_type",
              "code": "A"
            },
            {
              "system": "http://changehealthcare.com/interop/hdc/date_time_reported",
              "code": "2021-12-29 00:50:06"
            },
            {
              "system": "http://changehealthcare.com/interop/hdc/tdt_epoch",
              "code": "1642532761260"
            },
            {
              "system": "http://changehealthcare.com/interop/hdc/tdt_iteration",
              "code": "1"
            },
            {
              "system": "http://changehealthcare.com/interop/hdc/record_uuid",
              "code": "52251d04-160f-4f62-9e89-0ad291107317"
            },
            {
              "system": "http://changehealthcare.com/interop/hdc/file_location",
              "code": "s3://enterprise-datalake-ingress-preprod-us-east-1/interoperability/valid/clinical"
            }
          ]
        },
        "identifier": [
          {
            "value": "MP_CLINICALS_GAIA_IMUNZ_001"
          }
        ],
        "status": "completed",
        "statusReason": {
          "coding": [
            {
              "system": "http://snomed.info/sct",
              "code": "703345002",
              "display": "Requires tetanus and diphtheria vaccination (finding)"
            }
          ]
        },
        "vaccineCode": {
          "coding": [
            {
              "system": "http://hl7.org/fhir/sid/cvx",
              "code": "115"
            }
          ]
        },
        "patient": {
          "reference": "Patient/52251d04-160f-4f62-9e89-0ad291107317"
        },
        "occurrenceDateTime": "2021-03-20",
        "primarySource": false
      },
      "search": {
        "mode": "match"
      }
    },
    {
      "resource": {
        "resourceType": "Immunization",
        "id": "K7m.BDLSsJ-b1XdJEEf7XA-RMrk8yN9kndrHJRNQi80",
        "meta": {
          "versionId": "1",
          "lastUpdated": "2022-01-18T20:51:32.733+00:00",
          "profile": [
            "http://hl7.org/fhir/us/core/StructureDefinition/us-core-immunization"
          ],
          "tag": [
            {
              "system": "http://changehealthcare.com/interop/hdc/sender_id",
              "code": "93706192ba57436c8e3caf633758ee66"
            },
            {
              "system": "http://changehealthcare.com/interop/hdc/usageindicator",
              "code": "t"
            },
            {
              "system": "http://changehealthcare.com/interop/hdc/record_type",
              "code": "A"
            },
            {
              "system": "http://changehealthcare.com/interop/hdc/date_time_reported",
              "code": "2021-12-29 00:50:06"
            },
            {
              "system": "http://changehealthcare.com/interop/hdc/tdt_epoch",
              "code": "1642532761260"
            },
            {
              "system": "http://changehealthcare.com/interop/hdc/tdt_iteration",
              "code": "1"
            },
            {
              "system": "http://changehealthcare.com/interop/hdc/record_uuid",
              "code": "52251d04-160f-4f62-9e89-0ad291107317"
            },
            {
              "system": "http://changehealthcare.com/interop/hdc/file_location",
              "code": "s3://enterprise-datalake-ingress-preprod-us-east-1/interoperability/valid/clinical"
            }
          ]
        },
        "identifier": [
          {
            "value": "MP_CLINICALS_GAIA_IMUNZ_003"
          }
        ],
        "status": "completed",
        "vaccineCode": {
          "coding": [
            {
              "system": "http://hl7.org/fhir/sid/cvx",
              "code": "135"
            }
          ]
        },
        "patient": {
          "reference": "Patient/52251d04-160f-4f62-9e89-0ad291107317"
        },
        "occurrenceString": "Fall 2020",
        "primarySource": false
      },
      "search": {
        "mode": "match"
      }
    }
  ]
}
