{
  "resourceType": "Bundle",
  "id": "695df44c-53a1-439a-9f9b-c8729850c67d",
  "meta": {
    "lastUpdated": "2022-01-16T19:31:54.691+00:00"
  },
  "type": "searchset",
  "link": [
    {
      "relation": "self",
      "url": "/ImplantableDevice?_include=Device%3Apatient"
    },
    {
      "relation": "next",
      "url": "/ImplantableDevice?_getpages=167e74c7-652a-48a0-ab17-e023fc33a13e&_getpagesoffset=2&_count=50&_pretty=true&_include=ImplantableDevice%3Asubject&_include=ImplantableDevice%3Aencounter&_bundletype=searchset"
    }
  ],
  "entry": [
    {
      "resource": {
        "resourceType": "Device",
        "id": "7B.ef6sQiVKOfSt17PCgr13GMENi-R-7BKaTEeWBAkg",
        "meta": {
          "versionId": "2",
          "lastUpdated": "2021-09-17T11:50:31.062+00:00",
          "profile": [
            "http://hl7.org/fhir/us/core/StructureDefinition/us-core-implantable-device"
          ],
          "tag": [
            {
              "system": "http://changehealthcare.com/interop/hdc/sender_id",
              "code": "93706192ba57436c8e3caf633758ee66"
            },
            {
              "system": "http://changehealthcare.com/interop/hdc/usageindicator",
              "code": "t"
            },
            {
              "system": "http://changehealthcare.com/interop/hdc/record_type",
              "code": "A"
            },
            {
              "system": "http://changehealthcare.com/interop/hdc/date_time_reported",
              "code": "2021-08-26 00:01:10"
            },
            {
              "system": "http://changehealthcare.com/interop/hdc/tdt_epoch",
              "code": "1630369762286"
            },
            {
              "system": "http://changehealthcare.com/interop/hdc/tdt_iteration",
              "code": "1"
            },
            {
              "system": "http://changehealthcare.com/interop/hdc/record_uuid",
              "code": "31900355-26ad-4b7a-8705-90fbaccf8fc3"
            },
            {
              "system": "http://changehealthcare.com/interop/hdc/file_location",
              "code": "s3://enterprise-datalake-ingress-preprod-us-east-1/interoperability/valid/clinical"
            }
          ]
        },
        "identifier": [
          {
            "value": "ea1c67f0-fa06-4d0e-a323-820bdb10c068"
          }
        ],
        "udiCarrier": [],
        "distinctIdentifier": "51022222233336",
        "manufactureDate": "2012-01-01T00:00:00Z",
        "expirationDate": "2022-12-31T23:59:59Z",
        "lotNumber": "A213B1",
        "serialNumber": "1234",
        "type": {
          "coding": [
            {
              "code": "118374007",
              "display": "Silicone implant"
            }
          ]
        },
        "patient": {
          "reference": "Patient/31900355-26ad-4b7a-8705-90fbaccf8fc3"
        }
      },
      "search": {
        "mode": "match"
      }
    }
  ]
}
