{
  "resourceType": "Bundle",
  "id": "695df44c-53a1-439a-9f9b-c8729850c67d",
  "meta": {
    "lastUpdated": "2022-01-16T19:31:54.691+00:00"
  },
  "type": "searchset",
  "link": [
    {
      "relation": "self",
      "url": "/ImplantableDevice?_getpages=fcd6c6f1-81c8-4c70-820a-edccf3a267d2&_getpagesoffset=20&_count=20&_pretty=true&_include=ImplantableDevice%3Asubject&_include=ImplantableDevice%3Amedication&_include=AllergyIntolerance%3Arequester&_bundletype=searchset%22%0A"
    },
    {
      "relation": "previous",
      "url": "/ImplantableDevice?_getpages=fcd6c6f1-81c8-4c70-820a-edccf3a267d2&_getpagesoffset=0&_count=20&_pretty=true&_include=AllergyIntolerance%3Asubject&_include=AllergyIntolerance%3Amedication&_include=AllergyIntolerance%3Arequester"
    },
    {
      "relation": "next",
      "url": "/ImplantableDevice?_getpages=fcd6c6f1-81c8-4c70-820a-edccf3a267d2&_getpagesoffset=3&_count=20&_pretty=true&_include=AllergyIntolerance%3Asubject&_include=AllergyIntolerance%3Amedication&_include=AllergyIntolerance%3Arequester&_bundletype=searchset"
    }
  ],
  "entry": [
    {
      "resource": {
        "resourceType": "Device",
        "id": "7B.ef6sQiVKOfSt17PCgr13GMENi-R-7BKaTEeWBAkg",
        "meta": {
          "versionId": "2",
          "lastUpdated": "2021-09-17T11:50:31.062+00:00",
          "profile": [
            "http://hl7.org/fhir/us/core/StructureDefinition/us-core-implantable-device"
          ],
          "tag": [
            {
              "system": "http://changehealthcare.com/interop/hdc/sender_id",
              "code": "93706192ba57436c8e3caf633758ee66"
            },
            {
              "system": "http://changehealthcare.com/interop/hdc/usageindicator",
              "code": "t"
            },
            {
              "system": "http://changehealthcare.com/interop/hdc/record_type",
              "code": "A"
            },
            {
              "system": "http://changehealthcare.com/interop/hdc/date_time_reported",
              "code": "2021-08-26 00:01:10"
            },
            {
              "system": "http://changehealthcare.com/interop/hdc/tdt_epoch",
              "code": "1630369762286"
            },
            {
              "system": "http://changehealthcare.com/interop/hdc/tdt_iteration",
              "code": "1"
            },
            {
              "system": "http://changehealthcare.com/interop/hdc/record_uuid",
              "code": "31900355-26ad-4b7a-8705-90fbaccf8fc3"
            },
            {
              "system": "http://changehealthcare.com/interop/hdc/file_location",
              "code": "s3://enterprise-datalake-ingress-preprod-us-east-1/interoperability/valid/clinical"
            }
          ]
        },
        "identifier": [
          {
            "value": "ea1c67f0-fa06-4d0e-a323-820bdb10c068"
          }
        ],
        "udiCarrier": [{
          "deviceIdentifier": "51022222233336",
          "carrierAIDC": "KDAxKTUxMDIyMjIyMjMzMzM2KDExKTIyMTIzMSgxNykxNTA3MDcoMTApQTIxM0IxKDIxKTEyMzQ=",
          "carrierHRF": "(01)51022222233336(11)221231(17)150707(10)A213B1(21)1234"
        }],
        "distinctIdentifier": "51022222233336",
        "manufactureDate": "2012-01-01T00:00:00Z",
        "expirationDate": "2022-12-31T23:59:59Z",
        "lotNumber": "A213B1",
        "serialNumber": "1234",
        "type": {
          "coding": [
            {
              "code": "84683006"
            }
          ]
        },
        "patient": {
          "reference": "Patient/31900355-26ad-4b7a-8705-90fbaccf8fc3"
        }
      },
      "search": {
        "mode": "match"
      }
    },
    {
      "resource": {
        "resourceType": "Device",
        "id": "NlKBS09taYsDEy-gYXJuY59.JAJYNiPuo.0I4N.Gdd8",
        "meta": {
          "versionId": "1",
          "lastUpdated": "2021-09-17T11:50:30.078+00:00",
          "profile": [
            "http://hl7.org/fhir/us/core/StructureDefinition/us-core-implantable-device"
          ],
          "tag": [
            {
              "system": "http://changehealthcare.com/interop/hdc/sender_id",
              "code": "93706192ba57436c8e3caf633758ee66"
            },
            {
              "system": "http://changehealthcare.com/interop/hdc/usageindicator",
              "code": "t"
            },
            {
              "system": "http://changehealthcare.com/interop/hdc/record_type",
              "code": "A"
            },
            {
              "system": "http://changehealthcare.com/interop/hdc/date_time_reported",
              "code": "2021-08-26 00:01:10"
            },
            {
              "system": "http://changehealthcare.com/interop/hdc/tdt_epoch",
              "code": "1630369762286"
            },
            {
              "system": "http://changehealthcare.com/interop/hdc/tdt_iteration",
              "code": "1"
            },
            {
              "system": "http://changehealthcare.com/interop/hdc/record_uuid",
              "code": "bc64bb29-151a-467d-90ed-bbbff048782c"
            },
            {
              "system": "http://changehealthcare.com/interop/hdc/file_location",
              "code": "s3://enterprise-datalake-ingress-preprod-us-east-1/interoperability/valid/clinical"
            }
          ]
        },
        "identifier": [
          {
            "value": "58172651-0dbf-4e92-8763-039c620994f6"
          }
        ],
        "udiCarrier": [{
          "deviceIdentifier": "51022222233336",
          "carrierAIDC": "KDAxKTUxMDIyMjIyMjMzMzM2KDExKTIyMTIzMSgxNykxNTA3MDcoMTApQTIxM0IxKDIxKTEyMzQ=",
          "carrierHRF": "(01)51022222233336(11)221231(17)150707(10)A213B1(21)1234"
        }],
        "distinctIdentifier": "51022222233336",
        "manufactureDate": "2012-01-01T00:00:00Z",
        "expirationDate": "2022-12-31T23:59:59Z",
        "lotNumber": "A213B1",
        "serialNumber": "1234",
        "type": {
          "coding": [
            {
              "code": "84683006"
            }
          ]
        },
        "patient": {
          "reference": "Patient/bc64bb29-151a-467d-90ed-bbbff048782c"
        }
      },
      "search": {
        "mode": "match"
      }
    },
    {
      "resource": {
        "resourceType": "Device",
        "id": "bD18R1k74o219XUwxpFYqXYZL61CPLqaQ1lbIBII3O0",
        "meta": {
          "versionId": "1",
          "lastUpdated": "2021-09-17T11:50:32.768+00:00",
          "profile": [
            "http://hl7.org/fhir/us/core/StructureDefinition/us-core-implantable-device"
          ],
          "tag": [
            {
              "system": "http://changehealthcare.com/interop/hdc/sender_id",
              "code": "740b8dd63c504e7fbb1559f1d951d63d"
            },
            {
              "system": "http://changehealthcare.com/interop/hdc/usageindicator",
              "code": "t"
            },
            {
              "system": "http://changehealthcare.com/interop/hdc/record_type",
              "code": "A"
            },
            {
              "system": "http://changehealthcare.com/interop/hdc/date_time_reported",
              "code": "2021-04-26 00:00:00"
            },
            {
              "system": "http://changehealthcare.com/interop/hdc/tdt_epoch",
              "code": "1627345661167"
            },
            {
              "system": "http://changehealthcare.com/interop/hdc/tdt_iteration",
              "code": "1"
            },
            {
              "system": "http://changehealthcare.com/interop/hdc/record_uuid",
              "code": "13b5e91a-79f0-4266-ae9b-1155e207f039"
            },
            {
              "system": "http://changehealthcare.com/interop/hdc/file_location",
              "code": "s3://enterprise-datalake-ingress-preprod-us-east-1/interoperability/valid/clinical"
            }
          ]
        },
        "identifier": [
          {
            "value": "58172651-0dbf-4e92-8763-039c620994f6"
          }
        ],
        "udiCarrier": [{
          "deviceIdentifier": "51022222233336",
          "carrierAIDC": "KDAxKTUxMDIyMjIyMjMzMzM2KDExKTIyMTIzMSgxNykxNTA3MDcoMTApQTIxM0IxKDIxKTEyMzQ=",
          "carrierHRF": "(01)51022222233336(11)221231(17)150707(10)A213B1(21)1234"
        }],
        "distinctIdentifier": "51022222233336",
        "manufactureDate": "2012-01-01T00:00:00Z",
        "expirationDate": "2022-12-31T23:59:59Z",
        "lotNumber": "A213B1",
        "serialNumber": "1234",
        "type": {
          "coding": [
            {
              "code": "84683006"
            }
          ]
        },
        "patient": {
          "reference": "Patient/13b5e91a-79f0-4266-ae9b-1155e207f039"
        }
      },
      "search": {
        "mode": "match"
      }
    },
    {
      "resource": {
        "resourceType": "Device",
        "id": "6cQpZOekXUNsPxPO.ZyigVNZXtN7fbTECEgst7T.OW0",
        "meta": {
          "versionId": "1",
          "lastUpdated": "2021-09-17T11:50:33.448+00:00",
          "profile": [
            "http://hl7.org/fhir/us/core/StructureDefinition/us-core-implantable-device"
          ],
          "tag": [
            {
              "system": "http://changehealthcare.com/interop/hdc/sender_id",
              "code": "740b8dd63c504e7fbb1559f1d951d63d"
            },
            {
              "system": "http://changehealthcare.com/interop/hdc/usageindicator",
              "code": "t"
            },
            {
              "system": "http://changehealthcare.com/interop/hdc/record_type",
              "code": "A"
            },
            {
              "system": "http://changehealthcare.com/interop/hdc/date_time_reported",
              "code": "2021-04-26 00:00:00"
            },
            {
              "system": "http://changehealthcare.com/interop/hdc/tdt_epoch",
              "code": "1627345661167"
            },
            {
              "system": "http://changehealthcare.com/interop/hdc/tdt_iteration",
              "code": "1"
            },
            {
              "system": "http://changehealthcare.com/interop/hdc/record_uuid",
              "code": "244474e6-0ab7-4d0b-b0e3-db18fc888915"
            },
            {
              "system": "http://changehealthcare.com/interop/hdc/file_location",
              "code": "s3://enterprise-datalake-ingress-preprod-us-east-1/interoperability/valid/clinical"
            }
          ]
        },
        "identifier": [
          {
            "value": "ea1c67f0-fa06-4d0e-a323-820bdb10c068"
          }
        ],
        "udiCarrier": [{
          "deviceIdentifier": "51022222233336",
          "carrierAIDC": "KDAxKTUxMDIyMjIyMjMzMzM2KDExKTIyMTIzMSgxNykxNTA3MDcoMTApQTIxM0IxKDIxKTEyMzQ=",
          "carrierHRF": "(01)51022222233336(11)221231(17)150707(10)A213B1(21)1234"
        }],
        "distinctIdentifier": "51022222233336",
        "manufactureDate": "2012-01-01T00:00:00Z",
        "expirationDate": "2022-12-31T23:59:59Z",
        "lotNumber": "A213B1",
        "serialNumber": "1234",
        "type": {
          "coding": [
            {
              "code": "84683006"
            }
          ]
        },
        "patient": {
          "reference": "Patient/244474e6-0ab7-4d0b-b0e3-db18fc888915"
        }
      },
      "search": {
        "mode": "match"
      }
    },
    {
      "resource": {
        "resourceType": "Device",
        "id": "dPK4C4HmkG3HKVxG.LkqTqylkml6ikMusqwKL-RLmuk",
        "meta": {
          "versionId": "4",
          "lastUpdated": "2021-11-02T20:22:48.963+00:00",
          "profile": [
            "http://hl7.org/fhir/us/core/StructureDefinition/us-core-implantable-device"
          ],
          "tag": [
            {
              "system": "http://changehealthcare.com/interop/hdc/sender_id",
              "code": "93706192ba57436c8e3caf633758ee66"
            },
            {
              "system": "http://changehealthcare.com/interop/hdc/usageindicator",
              "code": "t"
            },
            {
              "system": "http://changehealthcare.com/interop/hdc/record_type",
              "code": "A"
            },
            {
              "system": "http://changehealthcare.com/interop/hdc/date_time_reported",
              "code": "2021-10-07 03:01:20"
            },
            {
              "system": "http://changehealthcare.com/interop/hdc/tdt_epoch",
              "code": "1635876957245"
            },
            {
              "system": "http://changehealthcare.com/interop/hdc/tdt_iteration",
              "code": "1"
            },
            {
              "system": "http://changehealthcare.com/interop/hdc/record_uuid",
              "code": "9e992b1a-455d-471f-a2af-9181e194877b"
            },
            {
              "system": "http://changehealthcare.com/interop/hdc/file_location",
              "code": "s3://enterprise-datalake-ingress-preprod-us-east-1/interoperability/valid/clinical"
            }
          ]
        },
        "identifier": [
          {
            "value": "59ba73ce-8871-4ebf-8e5e-332bfacd7784"
          }
        ],
        "udiCarrier": [{
          "deviceIdentifier": "51022222233336",
          "carrierAIDC": "KDAxKTUxMDIyMjIyMjMzMzM2KDExKTIyMTIzMSgxNykxNTA3MDcoMTApQTIxM0IxKDIxKTEyMzQ=",
          "carrierHRF": "(01)51022222233336(11)221231(17)150707(10)A213B1(21)1234"
        }],
        "distinctIdentifier": "51022222233336",
        "manufactureDate": "2012-01-01T00:00:00Z",
        "expirationDate": "2022-12-31T23:59:59Z",
        "lotNumber": "A213B1",
        "serialNumber": "1234",
        "type": {
          "coding": [
            {
              "code": "84683006"
            }
          ]
        },
        "patient": {
          "reference": "Patient/9e992b1a-455d-471f-a2af-9181e194877b"
        }
      },
      "search": {
        "mode": "match"
      }
    },
    {
      "resource": {
        "resourceType": "Device",
        "id": "xOBhuF70cV8dpwJyjYvMAOmsBpDu8-c69e4dW9T7q.Q",
        "meta": {
          "versionId": "1",
          "lastUpdated": "2021-09-29T00:40:41.945+00:00",
          "profile": [
            "http://hl7.org/fhir/us/core/StructureDefinition/us-core-implantable-device"
          ],
          "tag": [
            {
              "system": "http://changehealthcare.com/interop/hdc/sender_id",
              "code": "93706192ba57436c8e3caf633758ee66"
            },
            {
              "system": "http://changehealthcare.com/interop/hdc/usageindicator",
              "code": "t"
            },
            {
              "system": "http://changehealthcare.com/interop/hdc/record_type",
              "code": "A"
            },
            {
              "system": "http://changehealthcare.com/interop/hdc/date_time_reported",
              "code": "2020-09-26 21:16:12"
            },
            {
              "system": "http://changehealthcare.com/interop/hdc/tdt_epoch",
              "code": "1632865458891"
            },
            {
              "system": "http://changehealthcare.com/interop/hdc/tdt_iteration",
              "code": "1"
            },
            {
              "system": "http://changehealthcare.com/interop/hdc/record_uuid",
              "code": "12091318-4987-4c5c-86f4-a1f4c69e1613"
            },
            {
              "system": "http://changehealthcare.com/interop/hdc/file_location",
              "code": "s3://enterprise-datalake-ingress-preprod-us-east-1/interoperability_historical/valid/clinical"
            }
          ]
        },
        "identifier": [
          {
            "value": "f89b9ee0-7e03-4b84-a409-1a1f35c2a989"
          }
        ],
        "udiCarrier": [{
          "deviceIdentifier": "51022222233336",
          "carrierAIDC": "KDAxKTUxMDIyMjIyMjMzMzM2KDExKTIyMTIzMSgxNykxNTA3MDcoMTApQTIxM0IxKDIxKTEyMzQ=",
          "carrierHRF": "(01)51022222233336(11)221231(17)150707(10)A213B1(21)1234"
        }],
        "distinctIdentifier": "51022222233336",
        "manufactureDate": "2012-01-01T00:00:00Z",
        "expirationDate": "2022-12-31T23:59:59Z",
        "lotNumber": "A213B1",
        "serialNumber": "1234",
        "type": {
          "coding": [
            {
              "code": "84683006"
            }
          ]
        },
        "patient": {
          "reference": "Patient/12091318-4987-4c5c-86f4-a1f4c69e1613"
        }
      },
      "search": {
        "mode": "match"
      }
    },
    {
      "resource": {
        "resourceType": "Device",
        "id": "MRLH8qojnYR3QXfg5yQ3y5eQmX.vjH6xAsW3VjrXAGo",
        "meta": {
          "versionId": "1",
          "lastUpdated": "2021-10-01T12:31:16.438+00:00",
          "profile": [
            "http://hl7.org/fhir/us/core/StructureDefinition/us-core-implantable-device"
          ],
          "tag": [
            {
              "system": "http://changehealthcare.com/interop/hdc/sender_id",
              "code": "93706192ba57436c8e3caf633758ee66"
            },
            {
              "system": "http://changehealthcare.com/interop/hdc/usageindicator",
              "code": "t"
            },
            {
              "system": "http://changehealthcare.com/interop/hdc/record_type",
              "code": "A"
            },
            {
              "system": "http://changehealthcare.com/interop/hdc/date_time_reported",
              "code": "2021-09-22 23:16:12"
            },
            {
              "system": "http://changehealthcare.com/interop/hdc/tdt_epoch",
              "code": "1633082564673"
            },
            {
              "system": "http://changehealthcare.com/interop/hdc/tdt_iteration",
              "code": "1"
            },
            {
              "system": "http://changehealthcare.com/interop/hdc/record_uuid",
              "code": "e59494ea-375f-4b84-974e-d1ba70fae0fc"
            },
            {
              "system": "http://changehealthcare.com/interop/hdc/file_location",
              "code": "s3://enterprise-datalake-ingress-preprod-us-east-1/interoperability/valid/clinical"
            }
          ]
        },
        "identifier": [
          {
            "value": "e89b9ee0-7e03-4b84-a409-1a1f35c2a989"
          }
        ],
        "udiCarrier": [{
          "deviceIdentifier": "51022222233336",
          "carrierAIDC": "KDAxKTUxMDIyMjIyMjMzMzM2KDExKTIyMTIzMSgxNykxNTA3MDcoMTApQTIxM0IxKDIxKTEyMzQ=",
          "carrierHRF": "(01)51022222233336(11)221231(17)150707(10)A213B1(21)1234"
        }],
        "distinctIdentifier": "51022222233336",
        "manufactureDate": "2012-01-01T00:00:00Z",
        "expirationDate": "2022-12-31T23:59:59Z",
        "lotNumber": "A213B1",
        "serialNumber": "1234",
        "type": {
          "coding": [
            {
              "code": "84683006"
            }
          ]
        },
        "patient": {
          "reference": "Patient/e59494ea-375f-4b84-974e-d1ba70fae0fc"
        }
      },
      "search": {
        "mode": "match"
      }
    }
  ]
}
