{
  "resourceType": "Bundle",
  "id": "fcd6c6f1-81c8-4c70-820a-edccf3a267d2",
  "meta": {
    "lastUpdated": "2021-10-24T21:03:28.476+00:00"
  },
  "link": [
    {
      "relation": "self",
      "url": "/MedicationRequest?_getpages=fcd6c6f1-81c8-4c70-820a-edccf3a267d2&_getpagesoffset=20&_count=20&_pretty=true&_include=MedicationRequest%3Asubject&_include=MedicationRequest%3Amedication&_include=MedicationRequest%3Arequester&_bundletype=searchset%22%0A"
    },
    {
      "relation": "previous",
      "url": "/MedicationRequest?_getpages=fcd6c6f1-81c8-4c70-820a-edccf3a267d2&_getpagesoffset=5&_count=20&_pretty=true&_include=MedicationRequest%3Asubject&_include=MedicationRequest%3Amedication&_include=MedicationRequest%3Arequester"
    }
  ],
  "entry": []
}
