{
  "resourceType": "Bundle",
  "id": "6c0b7f77-dbf5-43f1-a6c2-01636f1a9254",
  "meta": {
    "lastUpdated": "2021-08-17T08:39:15.562+00:00"
  },
  "type": "searchset",
  "link": [
    {
      "relation": "self",
      "url": "/Medication?_id=Medication%2FRExg2N7Ew3wRV2L1XABe2XT2inTzFb0wNRZZcXgp3Fg%2CMedication%2Fvx.Wn5rSxeVU7nl6rS3vWlfR7AaVATNqcZtRcvaZKTA%2CMedication%2FM2KLhskKKbSecKSCW-MkIFAUqnu7lNMgwuhiq3xEUQ8%2CMedication%2FmhiUkgs8o59AHA-CccGzvLl1TEPMOrcM.UofND.DzR4%2CMedication%2FjXl5ACpqbIwjZmxpWeUv7PBUWxfZkD9jGdv5S-8dZpo%2CMedication%2FIEFupu080RIdUtrdfgt6tkFqJPIueYe0fixuYIAH-es%2CMedication%2FmdtQIlAnlu5LJWz45Z3gwtqPZOJ.nKCQxd9HrBMguY8%2CMedication%2Fo8BMXUTgnIz4668g6VRfxUi.8RSH.HqgRxkkJEAcKTU%2CMedication%2FR6jkQ3v3x2Hc-FMRFG6wH6kf8SrvHu3NG3GZTJ62UbE%2CMedication%2Flkj0DJmyPC.VHbRfXWBiZanCbKsdctL7ylyCM-Wd3wM%2CMedication%2FZgmX1tRQSca0LDYZP3mBq51kSmYCvwByEmhMo5HOTR0%2CMedication%2Fcopm0b8koSzE0DRtseCGy0dnapjfcUq6zZxe0NjAmnM%2CMedication%2F7mrPTeLa8DWfxRD3QZSIdLMQy.BLWt2TE-k.dKUrOcM%2CMedication%2F2CnoqHe2pOJz3y3HXBz00wAAbf9IvnUgWBTpshCXR8A%2CMedication%2F0eR707Q3QF2qGMi-0yoi4Jdfj-RcSrZksOCJVlFv4mE%2CMedication%2FR.bQe4JOq1s4Jv2evqt4FKPsetljE9pOxvxE.fR16SY%2CMedication%2FCFN1lNFniRjYSe.HPvA0.h3uKDnbRZZrbxQ0NMchbek%2CMedication%2F-gCpvAQq84FuFKjmHWijJt0mzRCdaQusW0w7mjR.4Hc%2CMedication%2FTc8XVHRZ6K9n8YGxvHq8EqRktlS9GXcvT3p1CEcg5cg%2CMedication%2FkYMPx0GUWbE58Rvz9khYYcEYDi-yrtwsF6GL8wIlanA%2CMedication%2Fn.NK54uG5MG6UzOvns886jejs0H23ga3owQXkjONfXM%2CMedication%2F83GT.FnPaNx7E60x8O0Ng1SvmLeAZ8Gk02J5K0qTdhA%2CMedication%2FBNLrtVIOJ6cIo5K0vkI..-XgFMp-ASqFRj9HE9l6qIw%2CMedication%2FLO.TPPUgzxFe4peZ08YEW0ON1B3l1udlTCPvflstL6o%2CMedication%2FN6FFbZvX6.DFlV.EHl-XbF2QvCxm.JA1Ldg9MCmg2SI%2CMedication%2FA57OeSCY9Z5snaQ0R.GGFHhlw7yA-u7Z9Ggv.JnjliA%2CMedication%2FWiAbHPLoJGGmThup5fl7fsRPWHmP5rAR-lQvpw26Bz8%2CMedication%2FEcZ.kcjlsHF9bWmjrZVvNjQlXH1P.Bm876-qLkFqpUk%2CMedication%2F1SursjRGRd14CubDm-KEocNmoRPA0moyZPfmSVQR9Hw%2CMedication%2FrBaLQPa3f2X70VJ6PO5sX-o9GQ4fTTvS6TpXL6CaCp4%2CMedication%2Fcvtd7qiosHx8AVwSLF.TXMMtEzcRJA9zHTS3GX2J7vs%2CMedication%2FqnErgSZvgIdRqx1p7sb2iXQRkl5EUGaaAsTmMmdSqgo%2CMedication%2FTfddWlXm0GR6LaYy2rw3oN2OfSJtamiWUB0jCVQeLDQ%2CMedication%2F8yK77mHXJ5SCp4S9eHI51f10J5gfFnVSMMuH79SaDxE%2CMedication%2FHKlM8qRH-p1LIqrWEOwJeqf16R0WbnYi07nw9hTn9Gg%2CMedication%2F.RfByLacg2tQcT5RVZTXUgumBSIG-wcTwC.OnOEAtVU%2CMedication%2FITB8ki03KMX5g5rYw6uCbASNsltO213NyGVkx82yf1Q%2CMedication%2FzcdqqQ.MYZwDxvCtHJkoR0Fqa3iotlWsVTMmeHzvtBk%2CMedication%2F-oah3D5RxDu8BFnLC1lH0577SxF7JgQDoN3DlFGD0zA%2CMedication%2F0wl5O-GiK3lAULHu.zwE4UrxNTlsGZ6Igz9L3WI37lM%2CMedication%2F-WOIMq6jgXi2LrY5rheBM2-bvYwZulxZVY0rgLxc7XI%2CMedication%2Fx3JLO-WPjX8GHdi8GAtKruVrsRkk7g1E9c80mnGdU5I%2CMedication%2FKjhAplr5fTFeJjomrHlCV7JBk8DmoDpcT5M-FH.1Klk"
    }
  ],
  "entry": [
    {
      "resource": {
        "resourceType": "Medication",
        "id": "N6FFbZvX6.DFlV.EHl-XbF2QvCxm.JA1Ldg9MCmg2SI",
        "meta": {
          "versionId": "5",
          "lastUpdated": "2021-08-10T15:04:24.515+00:00",
          "profile": [
            "http://hl7.org/fhir/us/core/StructureDefinition/us-core-medication"
          ],
          "tag": [
            {
              "system": "http://changehealthcare.com/interop/hdc/sender_id",
              "code": "93706192ba57436c8e3caf633758ee66"
            },
            {
              "system": "http://changehealthcare.com/interop/hdc/usageindicator",
              "code": "t"
            },
            {
              "system": "http://changehealthcare.com/interop/hdc/record_type",
              "code": "A"
            },
            {
              "system": "http://changehealthcare.com/interop/hdc/date_time_reported",
              "code": "2021-06-06 05:00:00"
            },
            {
              "system": "http://changehealthcare.com/interop/hdc/tdt_epoch",
              "code": "1628582106282"
            },
            {
              "system": "http://changehealthcare.com/interop/hdc/tdt_iteration",
              "code": "1"
            },
            {
              "system": "http://changehealthcare.com/interop/hdc/record_uuid",
              "code": "eb9012ef-61f5-4140-b9c7-0bd68d1f2e90"
            },
            {
              "system": "http://changehealthcare.com/interop/hdc/file_location",
              "code": "s3://enterprise-datalake-ingress-qatemp-us-east-1/interoperability/valid/clinical"
            }
          ]
        },
        "code": {
          "coding": [
            {
              "system": "http://www.nlm.nih.gov/research/ulms/rxnorm",
              "code": "1098601"
            }
          ]
        },
        "status": "active"
      },
      "search": {
        "mode": "match"
      }
    },
    {
      "resource": {
        "resourceType": "Medication",
        "id": "A57OeSCY9Z5snaQ0R.GGFHhlw7yA-u7Z9Ggv.JnjliA",
        "meta": {
          "versionId": "5",
          "lastUpdated": "2021-08-10T15:04:24.490+00:00",
          "profile": [
            "http://hl7.org/fhir/us/core/StructureDefinition/us-core-medication"
          ],
          "tag": [
            {
              "system": "http://changehealthcare.com/interop/hdc/sender_id",
              "code": "93706192ba57436c8e3caf633758ee66"
            },
            {
              "system": "http://changehealthcare.com/interop/hdc/usageindicator",
              "code": "t"
            },
            {
              "system": "http://changehealthcare.com/interop/hdc/record_type",
              "code": "A"
            },
            {
              "system": "http://changehealthcare.com/interop/hdc/date_time_reported",
              "code": "2021-06-06 05:00:00"
            },
            {
              "system": "http://changehealthcare.com/interop/hdc/tdt_epoch",
              "code": "1628582106282"
            },
            {
              "system": "http://changehealthcare.com/interop/hdc/tdt_iteration",
              "code": "1"
            },
            {
              "system": "http://changehealthcare.com/interop/hdc/record_uuid",
              "code": "eb9012ef-61f5-4140-b9c7-0bd68d1f2e90"
            },
            {
              "system": "http://changehealthcare.com/interop/hdc/file_location",
              "code": "s3://enterprise-datalake-ingress-qatemp-us-east-1/interoperability/valid/clinical"
            }
          ]
        },
        "code": {
          "coding": [
            {
              "system": "http://www.nlm.nih.gov/research/ulms/rxnorm",
              "code": "310965"
            }
          ]
        },
        "status": "active",
        "form": {
          "coding": [
            {
              "system": "http://snomed.info/sct",
              "code": "string"
            }
          ]
        }
      },
      "search": {
        "mode": "match"
      }
    },
    {
      "resource": {
        "resourceType": "Medication",
        "id": "WiAbHPLoJGGmThup5fl7fsRPWHmP5rAR-lQvpw26Bz8",
        "meta": {
          "versionId": "6",
          "lastUpdated": "2021-08-10T15:48:57.209+00:00",
          "profile": [
            "http://hl7.org/fhir/us/core/StructureDefinition/us-core-medication"
          ],
          "tag": [
            {
              "system": "http://changehealthcare.com/interop/hdc/sender_id",
              "code": "93706192ba57436c8e3caf633758ee66"
            },
            {
              "system": "http://changehealthcare.com/interop/hdc/usageindicator",
              "code": "t"
            },
            {
              "system": "http://changehealthcare.com/interop/hdc/record_type",
              "code": "A"
            },
            {
              "system": "http://changehealthcare.com/interop/hdc/date_time_reported",
              "code": "2021-06-06 05:00:00"
            },
            {
              "system": "http://changehealthcare.com/interop/hdc/tdt_epoch",
              "code": "1628582106282"
            },
            {
              "system": "http://changehealthcare.com/interop/hdc/tdt_iteration",
              "code": "1"
            },
            {
              "system": "http://changehealthcare.com/interop/hdc/record_uuid",
              "code": "eb9012ef-61f5-4140-b9c7-0bd68d1f2e90"
            },
            {
              "system": "http://changehealthcare.com/interop/hdc/file_location",
              "code": "s3://enterprise-datalake-ingress-qatemp-us-east-1/interoperability/valid/clinical"
            }
          ]
        },
        "code": {
          "coding": [
            {
              "system": "http://www.nlm.nih.gov/research/ulms/rxnorm",
              "code": "1098601"
            }
          ]
        },
        "status": "active"
      },
      "search": {
        "mode": "match"
      }
    },
    {
      "resource": {
        "resourceType": "Medication",
        "id": "EcZ.kcjlsHF9bWmjrZVvNjQlXH1P.Bm876-qLkFqpUk",
        "meta": {
          "versionId": "6",
          "lastUpdated": "2021-08-10T15:45:04.689+00:00",
          "profile": [
            "http://hl7.org/fhir/us/core/StructureDefinition/us-core-medication"
          ],
          "tag": [
            {
              "system": "http://changehealthcare.com/interop/hdc/sender_id",
              "code": "93706192ba57436c8e3caf633758ee66"
            },
            {
              "system": "http://changehealthcare.com/interop/hdc/usageindicator",
              "code": "t"
            },
            {
              "system": "http://changehealthcare.com/interop/hdc/record_type",
              "code": "A"
            },
            {
              "system": "http://changehealthcare.com/interop/hdc/date_time_reported",
              "code": "2021-06-06 05:00:00"
            },
            {
              "system": "http://changehealthcare.com/interop/hdc/tdt_epoch",
              "code": "1628582106282"
            },
            {
              "system": "http://changehealthcare.com/interop/hdc/tdt_iteration",
              "code": "1"
            },
            {
              "system": "http://changehealthcare.com/interop/hdc/record_uuid",
              "code": "eb9012ef-61f5-4140-b9c7-0bd68d1f2e90"
            },
            {
              "system": "http://changehealthcare.com/interop/hdc/file_location",
              "code": "s3://enterprise-datalake-ingress-qatemp-us-east-1/interoperability/valid/clinical"
            }
          ]
        },
        "code": {
          "coding": [
            {
              "system": "http://www.nlm.nih.gov/research/ulms/rxnorm",
              "code": "1187314"
            }
          ]
        },
        "status": "active"
      },
      "search": {
        "mode": "match"
      }
    },
    {
      "resource": {
        "resourceType": "Medication",
        "id": "1SursjRGRd14CubDm-KEocNmoRPA0moyZPfmSVQR9Hw",
        "meta": {
          "versionId": "6",
          "lastUpdated": "2021-08-10T15:04:24.452+00:00",
          "profile": [
            "http://hl7.org/fhir/us/core/StructureDefinition/us-core-medication"
          ],
          "tag": [
            {
              "system": "http://changehealthcare.com/interop/hdc/sender_id",
              "code": "93706192ba57436c8e3caf633758ee66"
            },
            {
              "system": "http://changehealthcare.com/interop/hdc/usageindicator",
              "code": "t"
            },
            {
              "system": "http://changehealthcare.com/interop/hdc/record_type",
              "code": "A"
            },
            {
              "system": "http://changehealthcare.com/interop/hdc/date_time_reported",
              "code": "2021-06-06 05:00:00"
            },
            {
              "system": "http://changehealthcare.com/interop/hdc/tdt_epoch",
              "code": "1628582106282"
            },
            {
              "system": "http://changehealthcare.com/interop/hdc/tdt_iteration",
              "code": "1"
            },
            {
              "system": "http://changehealthcare.com/interop/hdc/record_uuid",
              "code": "eb9012ef-61f5-4140-b9c7-0bd68d1f2e90"
            },
            {
              "system": "http://changehealthcare.com/interop/hdc/file_location",
              "code": "s3://enterprise-datalake-ingress-qatemp-us-east-1/interoperability/valid/clinical"
            }
          ]
        },
        "code": {
          "coding": [
            {
              "system": "http://www.nlm.nih.gov/research/ulms/rxnorm",
              "code": "310325"
            }
          ]
        },
        "status": "active",
        "form": {
          "coding": [
            {
              "system": "http://snomed.info/sct",
              "code": "string"
            }
          ]
        }
      },
      "search": {
        "mode": "match"
      }
    },
    {
      "resource": {
        "resourceType": "Medication",
        "id": "ZgmX1tRQSca0LDYZP3mBq51kSmYCvwByEmhMo5HOTR0",
        "meta": {
          "versionId": "5",
          "lastUpdated": "2021-08-10T15:48:09.872+00:00",
          "profile": [
            "http://hl7.org/fhir/us/core/StructureDefinition/us-core-medication"
          ],
          "tag": [
            {
              "system": "http://changehealthcare.com/interop/hdc/sender_id",
              "code": "93706192ba57436c8e3caf633758ee66"
            },
            {
              "system": "http://changehealthcare.com/interop/hdc/usageindicator",
              "code": "t"
            },
            {
              "system": "http://changehealthcare.com/interop/hdc/record_type",
              "code": "A"
            },
            {
              "system": "http://changehealthcare.com/interop/hdc/date_time_reported",
              "code": "2021-04-26 00:00:00"
            },
            {
              "system": "http://changehealthcare.com/interop/hdc/tdt_epoch",
              "code": "1628582106282"
            },
            {
              "system": "http://changehealthcare.com/interop/hdc/tdt_iteration",
              "code": "1"
            },
            {
              "system": "http://changehealthcare.com/interop/hdc/record_uuid",
              "code": "dbde6ba2-8850-4674-862e-88a146eaec13"
            },
            {
              "system": "http://changehealthcare.com/interop/hdc/file_location",
              "code": "s3://enterprise-datalake-ingress-qatemp-us-east-1/interoperability/valid/clinical"
            }
          ]
        },
        "code": {
          "coding": [
            {
              "system": "http://www.nlm.nih.gov/research/ulms/rxnorm",
              "code": "310325"
            }
          ]
        },
        "status": "active",
        "form": {
          "coding": [
            {
              "system": "http://snomed.info/sct",
              "code": "string"
            }
          ]
        }
      },
      "search": {
        "mode": "match"
      }
    },
    {
      "resource": {
        "resourceType": "Medication",
        "id": "copm0b8koSzE0DRtseCGy0dnapjfcUq6zZxe0NjAmnM",
        "meta": {
          "versionId": "7",
          "lastUpdated": "2021-08-10T15:48:09.794+00:00",
          "profile": [
            "http://hl7.org/fhir/us/core/StructureDefinition/us-core-medication"
          ],
          "tag": [
            {
              "system": "http://changehealthcare.com/interop/hdc/sender_id",
              "code": "93706192ba57436c8e3caf633758ee66"
            },
            {
              "system": "http://changehealthcare.com/interop/hdc/usageindicator",
              "code": "t"
            },
            {
              "system": "http://changehealthcare.com/interop/hdc/record_type",
              "code": "A"
            },
            {
              "system": "http://changehealthcare.com/interop/hdc/date_time_reported",
              "code": "2021-04-26 00:00:00"
            },
            {
              "system": "http://changehealthcare.com/interop/hdc/tdt_epoch",
              "code": "1628582106282"
            },
            {
              "system": "http://changehealthcare.com/interop/hdc/tdt_iteration",
              "code": "1"
            },
            {
              "system": "http://changehealthcare.com/interop/hdc/record_uuid",
              "code": "dbde6ba2-8850-4674-862e-88a146eaec13"
            },
            {
              "system": "http://changehealthcare.com/interop/hdc/file_location",
              "code": "s3://enterprise-datalake-ingress-qatemp-us-east-1/interoperability/valid/clinical"
            }
          ]
        },
        "code": {
          "coding": [
            {
              "system": "http://www.nlm.nih.gov/research/ulms/rxnorm",
              "code": "1187314"
            }
          ]
        },
        "status": "active"
      },
      "search": {
        "mode": "match"
      }
    },
    {
      "resource": {
        "resourceType": "Medication",
        "id": "7mrPTeLa8DWfxRD3QZSIdLMQy.BLWt2TE-k.dKUrOcM",
        "meta": {
          "versionId": "5",
          "lastUpdated": "2021-08-10T15:03:56.332+00:00",
          "profile": [
            "http://hl7.org/fhir/us/core/StructureDefinition/us-core-medication"
          ],
          "tag": [
            {
              "system": "http://changehealthcare.com/interop/hdc/sender_id",
              "code": "93706192ba57436c8e3caf633758ee66"
            },
            {
              "system": "http://changehealthcare.com/interop/hdc/usageindicator",
              "code": "t"
            },
            {
              "system": "http://changehealthcare.com/interop/hdc/record_type",
              "code": "A"
            },
            {
              "system": "http://changehealthcare.com/interop/hdc/date_time_reported",
              "code": "2021-04-26 00:00:00"
            },
            {
              "system": "http://changehealthcare.com/interop/hdc/tdt_epoch",
              "code": "1628582106282"
            },
            {
              "system": "http://changehealthcare.com/interop/hdc/tdt_iteration",
              "code": "1"
            },
            {
              "system": "http://changehealthcare.com/interop/hdc/record_uuid",
              "code": "dbde6ba2-8850-4674-862e-88a146eaec13"
            },
            {
              "system": "http://changehealthcare.com/interop/hdc/file_location",
              "code": "s3://enterprise-datalake-ingress-qatemp-us-east-1/interoperability/valid/clinical"
            }
          ]
        },
        "code": {
          "coding": [
            {
              "system": "http://www.nlm.nih.gov/research/ulms/rxnorm",
              "code": "310965"
            }
          ]
        },
        "status": "active",
        "form": {
          "coding": [
            {
              "system": "http://snomed.info/sct",
              "code": "string"
            }
          ]
        }
      },
      "search": {
        "mode": "match"
      }
    },
    {
      "resource": {
        "resourceType": "Medication",
        "id": "2CnoqHe2pOJz3y3HXBz00wAAbf9IvnUgWBTpshCXR8A",
        "meta": {
          "versionId": "8",
          "lastUpdated": "2021-08-10T15:44:40.595+00:00",
          "profile": [
            "http://hl7.org/fhir/us/core/StructureDefinition/us-core-medication"
          ],
          "tag": [
            {
              "system": "http://changehealthcare.com/interop/hdc/sender_id",
              "code": "93706192ba57436c8e3caf633758ee66"
            },
            {
              "system": "http://changehealthcare.com/interop/hdc/usageindicator",
              "code": "t"
            },
            {
              "system": "http://changehealthcare.com/interop/hdc/record_type",
              "code": "A"
            },
            {
              "system": "http://changehealthcare.com/interop/hdc/date_time_reported",
              "code": "2021-04-26 00:00:00"
            },
            {
              "system": "http://changehealthcare.com/interop/hdc/tdt_epoch",
              "code": "1628582106282"
            },
            {
              "system": "http://changehealthcare.com/interop/hdc/tdt_iteration",
              "code": "1"
            },
            {
              "system": "http://changehealthcare.com/interop/hdc/record_uuid",
              "code": "dbde6ba2-8850-4674-862e-88a146eaec13"
            },
            {
              "system": "http://changehealthcare.com/interop/hdc/file_location",
              "code": "s3://enterprise-datalake-ingress-qatemp-us-east-1/interoperability/valid/clinical"
            }
          ]
        },
        "code": {
          "coding": [
            {
              "system": "http://www.nlm.nih.gov/research/ulms/rxnorm",
              "code": "1098601"
            }
          ]
        },
        "status": "active"
      },
      "search": {
        "mode": "match"
      }
    },
    {
      "resource": {
        "resourceType": "Medication",
        "id": "0eR707Q3QF2qGMi-0yoi4Jdfj-RcSrZksOCJVlFv4mE",
        "meta": {
          "versionId": "8",
          "lastUpdated": "2021-08-10T15:48:09.757+00:00",
          "profile": [
            "http://hl7.org/fhir/us/core/StructureDefinition/us-core-medication"
          ],
          "tag": [
            {
              "system": "http://changehealthcare.com/interop/hdc/sender_id",
              "code": "93706192ba57436c8e3caf633758ee66"
            },
            {
              "system": "http://changehealthcare.com/interop/hdc/usageindicator",
              "code": "t"
            },
            {
              "system": "http://changehealthcare.com/interop/hdc/record_type",
              "code": "A"
            },
            {
              "system": "http://changehealthcare.com/interop/hdc/date_time_reported",
              "code": "2021-04-26 00:00:00"
            },
            {
              "system": "http://changehealthcare.com/interop/hdc/tdt_epoch",
              "code": "1628582106282"
            },
            {
              "system": "http://changehealthcare.com/interop/hdc/tdt_iteration",
              "code": "1"
            },
            {
              "system": "http://changehealthcare.com/interop/hdc/record_uuid",
              "code": "dbde6ba2-8850-4674-862e-88a146eaec13"
            },
            {
              "system": "http://changehealthcare.com/interop/hdc/file_location",
              "code": "s3://enterprise-datalake-ingress-qatemp-us-east-1/interoperability/valid/clinical"
            }
          ]
        },
        "code": {
          "coding": [
            {
              "system": "http://www.nlm.nih.gov/research/ulms/rxnorm",
              "code": "1098601"
            }
          ]
        },
        "status": "active"
      },
      "search": {
        "mode": "match"
      }
    },
    {
      "resource": {
        "resourceType": "Medication",
        "id": "CFN1lNFniRjYSe.HPvA0.h3uKDnbRZZrbxQ0NMchbek",
        "meta": {
          "versionId": "8",
          "lastUpdated": "2021-08-10T15:09:52.535+00:00",
          "profile": [
            "http://hl7.org/fhir/us/core/StructureDefinition/us-core-medication"
          ],
          "tag": [
            {
              "system": "http://changehealthcare.com/interop/hdc/sender_id",
              "code": "740b8dd63c504e7fbb1559f1d951d63d"
            },
            {
              "system": "http://changehealthcare.com/interop/hdc/usageindicator",
              "code": "t"
            },
            {
              "system": "http://changehealthcare.com/interop/hdc/record_type",
              "code": "A"
            },
            {
              "system": "http://changehealthcare.com/interop/hdc/date_time_reported",
              "code": "2021-04-26 00:00:00"
            },
            {
              "system": "http://changehealthcare.com/interop/hdc/tdt_epoch",
              "code": "1628582106282"
            },
            {
              "system": "http://changehealthcare.com/interop/hdc/tdt_iteration",
              "code": "1"
            },
            {
              "system": "http://changehealthcare.com/interop/hdc/record_uuid",
              "code": "1480b453-0d4a-4893-be2a-74e6771c6199"
            },
            {
              "system": "http://changehealthcare.com/interop/hdc/file_location",
              "code": "s3://enterprise-datalake-ingress-qatemp-us-east-1/interoperability/valid/clinical"
            }
          ]
        },
        "code": {
          "coding": [
            {
              "system": "http://www.nlm.nih.gov/research/ulms/rxnorm",
              "code": "310325"
            }
          ]
        },
        "status": "active",
        "form": {
          "coding": [
            {
              "system": "http://snomed.info/sct",
              "code": "string"
            }
          ]
        }
      },
      "search": {
        "mode": "match"
      }
    },
    {
      "resource": {
        "resourceType": "Medication",
        "id": "-gCpvAQq84FuFKjmHWijJt0mzRCdaQusW0w7mjR.4Hc",
        "meta": {
          "versionId": "8",
          "lastUpdated": "2021-08-10T15:09:52.560+00:00",
          "profile": [
            "http://hl7.org/fhir/us/core/StructureDefinition/us-core-medication"
          ],
          "tag": [
            {
              "system": "http://changehealthcare.com/interop/hdc/sender_id",
              "code": "740b8dd63c504e7fbb1559f1d951d63d"
            },
            {
              "system": "http://changehealthcare.com/interop/hdc/usageindicator",
              "code": "t"
            },
            {
              "system": "http://changehealthcare.com/interop/hdc/record_type",
              "code": "A"
            },
            {
              "system": "http://changehealthcare.com/interop/hdc/date_time_reported",
              "code": "2021-04-26 00:00:00"
            },
            {
              "system": "http://changehealthcare.com/interop/hdc/tdt_epoch",
              "code": "1628582106282"
            },
            {
              "system": "http://changehealthcare.com/interop/hdc/tdt_iteration",
              "code": "1"
            },
            {
              "system": "http://changehealthcare.com/interop/hdc/record_uuid",
              "code": "1480b453-0d4a-4893-be2a-74e6771c6199"
            },
            {
              "system": "http://changehealthcare.com/interop/hdc/file_location",
              "code": "s3://enterprise-datalake-ingress-qatemp-us-east-1/interoperability/valid/clinical"
            }
          ]
        },
        "code": {
          "coding": [
            {
              "system": "http://www.nlm.nih.gov/research/ulms/rxnorm",
              "code": "310965"
            }
          ]
        },
        "status": "active",
        "form": {
          "coding": [
            {
              "system": "http://snomed.info/sct",
              "code": "string"
            }
          ]
        }
      },
      "search": {
        "mode": "match"
      }
    },
    {
      "resource": {
        "resourceType": "Medication",
        "id": "-oah3D5RxDu8BFnLC1lH0577SxF7JgQDoN3DlFGD0zA",
        "meta": {
          "versionId": "5",
          "lastUpdated": "2021-08-10T15:03:54.493+00:00",
          "profile": [
            "http://hl7.org/fhir/us/core/StructureDefinition/us-core-medication"
          ],
          "tag": [
            {
              "system": "http://changehealthcare.com/interop/hdc/sender_id",
              "code": "93706192ba57436c8e3caf633758ee66"
            },
            {
              "system": "http://changehealthcare.com/interop/hdc/usageindicator",
              "code": "t"
            },
            {
              "system": "http://changehealthcare.com/interop/hdc/record_type",
              "code": "A"
            },
            {
              "system": "http://changehealthcare.com/interop/hdc/date_time_reported",
              "code": "2021-04-26 00:00:00"
            },
            {
              "system": "http://changehealthcare.com/interop/hdc/tdt_epoch",
              "code": "1628582106282"
            },
            {
              "system": "http://changehealthcare.com/interop/hdc/tdt_iteration",
              "code": "1"
            },
            {
              "system": "http://changehealthcare.com/interop/hdc/record_uuid",
              "code": "48d593d2-c884-4b60-af35-3c9582156b35"
            },
            {
              "system": "http://changehealthcare.com/interop/hdc/file_location",
              "code": "s3://enterprise-datalake-ingress-qatemp-us-east-1/interoperability/valid/clinical"
            }
          ]
        },
        "code": {
          "coding": [
            {
              "system": "http://www.nlm.nih.gov/research/ulms/rxnorm",
              "code": "310965"
            }
          ]
        },
        "status": "active",
        "form": {
          "coding": [
            {
              "system": "http://snomed.info/sct",
              "code": "string"
            }
          ]
        }
      },
      "search": {
        "mode": "match"
      }
    },
    {
      "resource": {
        "resourceType": "Medication",
        "id": "0wl5O-GiK3lAULHu.zwE4UrxNTlsGZ6Igz9L3WI37lM",
        "meta": {
          "versionId": "7",
          "lastUpdated": "2021-08-10T15:03:54.559+00:00",
          "profile": [
            "http://hl7.org/fhir/us/core/StructureDefinition/us-core-medication"
          ],
          "tag": [
            {
              "system": "http://changehealthcare.com/interop/hdc/sender_id",
              "code": "93706192ba57436c8e3caf633758ee66"
            },
            {
              "system": "http://changehealthcare.com/interop/hdc/usageindicator",
              "code": "t"
            },
            {
              "system": "http://changehealthcare.com/interop/hdc/record_type",
              "code": "A"
            },
            {
              "system": "http://changehealthcare.com/interop/hdc/date_time_reported",
              "code": "2021-04-26 00:00:00"
            },
            {
              "system": "http://changehealthcare.com/interop/hdc/tdt_epoch",
              "code": "1628582106282"
            },
            {
              "system": "http://changehealthcare.com/interop/hdc/tdt_iteration",
              "code": "1"
            },
            {
              "system": "http://changehealthcare.com/interop/hdc/record_uuid",
              "code": "48d593d2-c884-4b60-af35-3c9582156b35"
            },
            {
              "system": "http://changehealthcare.com/interop/hdc/file_location",
              "code": "s3://enterprise-datalake-ingress-qatemp-us-east-1/interoperability/valid/clinical"
            }
          ]
        },
        "code": {
          "coding": [
            {
              "system": "http://www.nlm.nih.gov/research/ulms/rxnorm",
              "code": "1187314"
            }
          ]
        },
        "status": "active"
      },
      "search": {
        "mode": "match"
      }
    },
    {
      "resource": {
        "resourceType": "Medication",
        "id": "-WOIMq6jgXi2LrY5rheBM2-bvYwZulxZVY0rgLxc7XI",
        "meta": {
          "versionId": "7",
          "lastUpdated": "2021-08-10T15:03:54.585+00:00",
          "profile": [
            "http://hl7.org/fhir/us/core/StructureDefinition/us-core-medication"
          ],
          "tag": [
            {
              "system": "http://changehealthcare.com/interop/hdc/sender_id",
              "code": "93706192ba57436c8e3caf633758ee66"
            },
            {
              "system": "http://changehealthcare.com/interop/hdc/usageindicator",
              "code": "t"
            },
            {
              "system": "http://changehealthcare.com/interop/hdc/record_type",
              "code": "A"
            },
            {
              "system": "http://changehealthcare.com/interop/hdc/date_time_reported",
              "code": "2021-04-26 00:00:00"
            },
            {
              "system": "http://changehealthcare.com/interop/hdc/tdt_epoch",
              "code": "1628582106282"
            },
            {
              "system": "http://changehealthcare.com/interop/hdc/tdt_iteration",
              "code": "1"
            },
            {
              "system": "http://changehealthcare.com/interop/hdc/record_uuid",
              "code": "48d593d2-c884-4b60-af35-3c9582156b35"
            },
            {
              "system": "http://changehealthcare.com/interop/hdc/file_location",
              "code": "s3://enterprise-datalake-ingress-qatemp-us-east-1/interoperability/valid/clinical"
            }
          ]
        },
        "code": {
          "coding": [
            {
              "system": "http://www.nlm.nih.gov/research/ulms/rxnorm",
              "code": "1098601"
            }
          ]
        },
        "status": "active"
      },
      "search": {
        "mode": "match"
      }
    },
    {
      "resource": {
        "resourceType": "Medication",
        "id": "RExg2N7Ew3wRV2L1XABe2XT2inTzFb0wNRZZcXgp3Fg",
        "meta": {
          "versionId": "6",
          "lastUpdated": "2021-08-10T15:03:32.282+00:00",
          "profile": [
            "http://hl7.org/fhir/us/core/StructureDefinition/us-core-medication"
          ],
          "tag": [
            {
              "system": "http://changehealthcare.com/interop/hdc/sender_id",
              "code": "740b8dd63c504e7fbb1559f1d951d63d"
            },
            {
              "system": "http://changehealthcare.com/interop/hdc/usageindicator",
              "code": "t"
            },
            {
              "system": "http://changehealthcare.com/interop/hdc/record_type",
              "code": "A"
            },
            {
              "system": "http://changehealthcare.com/interop/hdc/date_time_reported",
              "code": "2021-04-26 00:00:00"
            },
            {
              "system": "http://changehealthcare.com/interop/hdc/tdt_epoch",
              "code": "1628582106282"
            },
            {
              "system": "http://changehealthcare.com/interop/hdc/tdt_iteration",
              "code": "1"
            },
            {
              "system": "http://changehealthcare.com/interop/hdc/record_uuid",
              "code": "37294e9d-24e5-40fe-bfe0-002c7a51b263"
            },
            {
              "system": "http://changehealthcare.com/interop/hdc/file_location",
              "code": "s3://enterprise-datalake-ingress-qatemp-us-east-1/interoperability/valid/clinical"
            }
          ]
        },
        "code": {
          "coding": [
            {
              "system": "http://www.nlm.nih.gov/research/ulms/rxnorm",
              "code": "310325"
            }
          ]
        },
        "status": "active",
        "form": {
          "coding": [
            {
              "system": "http://snomed.info/sct",
              "code": "string"
            }
          ]
        }
      },
      "search": {
        "mode": "match"
      }
    },
    {
      "resource": {
        "resourceType": "Medication",
        "id": "vx.Wn5rSxeVU7nl6rS3vWlfR7AaVATNqcZtRcvaZKTA",
        "meta": {
          "versionId": "8",
          "lastUpdated": "2021-08-10T15:44:18.795+00:00",
          "profile": [
            "http://hl7.org/fhir/us/core/StructureDefinition/us-core-medication"
          ],
          "tag": [
            {
              "system": "http://changehealthcare.com/interop/hdc/sender_id",
              "code": "740b8dd63c504e7fbb1559f1d951d63d"
            },
            {
              "system": "http://changehealthcare.com/interop/hdc/usageindicator",
              "code": "t"
            },
            {
              "system": "http://changehealthcare.com/interop/hdc/record_type",
              "code": "A"
            },
            {
              "system": "http://changehealthcare.com/interop/hdc/date_time_reported",
              "code": "2021-04-26 00:00:00"
            },
            {
              "system": "http://changehealthcare.com/interop/hdc/tdt_epoch",
              "code": "1628582106282"
            },
            {
              "system": "http://changehealthcare.com/interop/hdc/tdt_iteration",
              "code": "1"
            },
            {
              "system": "http://changehealthcare.com/interop/hdc/record_uuid",
              "code": "37294e9d-24e5-40fe-bfe0-002c7a51b263"
            },
            {
              "system": "http://changehealthcare.com/interop/hdc/file_location",
              "code": "s3://enterprise-datalake-ingress-qatemp-us-east-1/interoperability/valid/clinical"
            }
          ]
        },
        "code": {
          "coding": [
            {
              "system": "http://www.nlm.nih.gov/research/ulms/rxnorm",
              "code": "1098601"
            }
          ]
        },
        "status": "active"
      },
      "search": {
        "mode": "match"
      }
    },
    {
      "resource": {
        "resourceType": "Medication",
        "id": "x3JLO-WPjX8GHdi8GAtKruVrsRkk7g1E9c80mnGdU5I",
        "meta": {
          "versionId": "7",
          "lastUpdated": "2021-08-10T15:03:54.794+00:00",
          "profile": [
            "http://hl7.org/fhir/us/core/StructureDefinition/us-core-medication"
          ],
          "tag": [
            {
              "system": "http://changehealthcare.com/interop/hdc/sender_id",
              "code": "93706192ba57436c8e3caf633758ee66"
            },
            {
              "system": "http://changehealthcare.com/interop/hdc/usageindicator",
              "code": "t"
            },
            {
              "system": "http://changehealthcare.com/interop/hdc/record_type",
              "code": "A"
            },
            {
              "system": "http://changehealthcare.com/interop/hdc/date_time_reported",
              "code": "2021-04-26 00:00:00"
            },
            {
              "system": "http://changehealthcare.com/interop/hdc/tdt_epoch",
              "code": "1628582106282"
            },
            {
              "system": "http://changehealthcare.com/interop/hdc/tdt_iteration",
              "code": "1"
            },
            {
              "system": "http://changehealthcare.com/interop/hdc/record_uuid",
              "code": "48d593d2-c884-4b60-af35-3c9582156b35"
            },
            {
              "system": "http://changehealthcare.com/interop/hdc/file_location",
              "code": "s3://enterprise-datalake-ingress-qatemp-us-east-1/interoperability/valid/clinical"
            }
          ]
        },
        "code": {
          "coding": [
            {
              "system": "http://www.nlm.nih.gov/research/ulms/rxnorm",
              "code": "1098601"
            }
          ]
        },
        "status": "active"
      },
      "search": {
        "mode": "match"
      }
    },
    {
      "resource": {
        "resourceType": "Medication",
        "id": "KjhAplr5fTFeJjomrHlCV7JBk8DmoDpcT5M-FH.1Klk",
        "meta": {
          "versionId": "5",
          "lastUpdated": "2021-08-10T15:03:54.531+00:00",
          "profile": [
            "http://hl7.org/fhir/us/core/StructureDefinition/us-core-medication"
          ],
          "tag": [
            {
              "system": "http://changehealthcare.com/interop/hdc/sender_id",
              "code": "93706192ba57436c8e3caf633758ee66"
            },
            {
              "system": "http://changehealthcare.com/interop/hdc/usageindicator",
              "code": "t"
            },
            {
              "system": "http://changehealthcare.com/interop/hdc/record_type",
              "code": "A"
            },
            {
              "system": "http://changehealthcare.com/interop/hdc/date_time_reported",
              "code": "2021-04-26 00:00:00"
            },
            {
              "system": "http://changehealthcare.com/interop/hdc/tdt_epoch",
              "code": "1628582106282"
            },
            {
              "system": "http://changehealthcare.com/interop/hdc/tdt_iteration",
              "code": "1"
            },
            {
              "system": "http://changehealthcare.com/interop/hdc/record_uuid",
              "code": "48d593d2-c884-4b60-af35-3c9582156b35"
            },
            {
              "system": "http://changehealthcare.com/interop/hdc/file_location",
              "code": "s3://enterprise-datalake-ingress-qatemp-us-east-1/interoperability/valid/clinical"
            }
          ]
        },
        "code": {
          "coding": [
            {
              "system": "http://www.nlm.nih.gov/research/ulms/rxnorm",
              "code": "310325"
            }
          ]
        },
        "status": "active",
        "form": {
          "coding": [
            {
              "system": "http://snomed.info/sct",
              "code": "string"
            }
          ]
        }
      },
      "search": {
        "mode": "match"
      }
    },
    {
      "resource": {
        "resourceType": "Medication",
        "id": "Tc8XVHRZ6K9n8YGxvHq8EqRktlS9GXcvT3p1CEcg5cg",
        "meta": {
          "versionId": "8",
          "lastUpdated": "2021-08-10T15:09:52.480+00:00",
          "profile": [
            "http://hl7.org/fhir/us/core/StructureDefinition/us-core-medication"
          ],
          "tag": [
            {
              "system": "http://changehealthcare.com/interop/hdc/sender_id",
              "code": "740b8dd63c504e7fbb1559f1d951d63d"
            },
            {
              "system": "http://changehealthcare.com/interop/hdc/usageindicator",
              "code": "t"
            },
            {
              "system": "http://changehealthcare.com/interop/hdc/record_type",
              "code": "A"
            },
            {
              "system": "http://changehealthcare.com/interop/hdc/date_time_reported",
              "code": "2021-04-26 00:00:00"
            },
            {
              "system": "http://changehealthcare.com/interop/hdc/tdt_epoch",
              "code": "1628582106282"
            },
            {
              "system": "http://changehealthcare.com/interop/hdc/tdt_iteration",
              "code": "1"
            },
            {
              "system": "http://changehealthcare.com/interop/hdc/record_uuid",
              "code": "1480b453-0d4a-4893-be2a-74e6771c6199"
            },
            {
              "system": "http://changehealthcare.com/interop/hdc/file_location",
              "code": "s3://enterprise-datalake-ingress-qatemp-us-east-1/interoperability/valid/clinical"
            }
          ]
        },
        "code": {
          "coding": [
            {
              "system": "http://www.nlm.nih.gov/research/ulms/rxnorm",
              "code": "1098601"
            }
          ]
        },
        "status": "active"
      },
      "search": {
        "mode": "match"
      }
    },
    {
      "resource": {
        "resourceType": "Medication",
        "id": "kYMPx0GUWbE58Rvz9khYYcEYDi-yrtwsF6GL8wIlanA",
        "meta": {
          "versionId": "9",
          "lastUpdated": "2021-08-10T15:47:45.084+00:00",
          "profile": [
            "http://hl7.org/fhir/us/core/StructureDefinition/us-core-medication"
          ],
          "tag": [
            {
              "system": "http://changehealthcare.com/interop/hdc/sender_id",
              "code": "740b8dd63c504e7fbb1559f1d951d63d"
            },
            {
              "system": "http://changehealthcare.com/interop/hdc/usageindicator",
              "code": "t"
            },
            {
              "system": "http://changehealthcare.com/interop/hdc/record_type",
              "code": "A"
            },
            {
              "system": "http://changehealthcare.com/interop/hdc/date_time_reported",
              "code": "2021-04-26 00:00:00"
            },
            {
              "system": "http://changehealthcare.com/interop/hdc/tdt_epoch",
              "code": "1628582106282"
            },
            {
              "system": "http://changehealthcare.com/interop/hdc/tdt_iteration",
              "code": "1"
            },
            {
              "system": "http://changehealthcare.com/interop/hdc/record_uuid",
              "code": "1480b453-0d4a-4893-be2a-74e6771c6199"
            },
            {
              "system": "http://changehealthcare.com/interop/hdc/file_location",
              "code": "s3://enterprise-datalake-ingress-qatemp-us-east-1/interoperability/valid/clinical"
            }
          ]
        },
        "code": {
          "coding": [
            {
              "system": "http://www.nlm.nih.gov/research/ulms/rxnorm",
              "code": "1187314"
            }
          ]
        },
        "status": "active"
      },
      "search": {
        "mode": "match"
      }
    },
    {
      "resource": {
        "resourceType": "Medication",
        "id": "M2KLhskKKbSecKSCW-MkIFAUqnu7lNMgwuhiq3xEUQ8",
        "meta": {
          "versionId": "7",
          "lastUpdated": "2021-08-10T15:09:55.927+00:00",
          "profile": [
            "http://hl7.org/fhir/us/core/StructureDefinition/us-core-medication"
          ],
          "tag": [
            {
              "system": "http://changehealthcare.com/interop/hdc/sender_id",
              "code": "740b8dd63c504e7fbb1559f1d951d63d"
            },
            {
              "system": "http://changehealthcare.com/interop/hdc/usageindicator",
              "code": "t"
            },
            {
              "system": "http://changehealthcare.com/interop/hdc/record_type",
              "code": "A"
            },
            {
              "system": "http://changehealthcare.com/interop/hdc/date_time_reported",
              "code": "2021-04-26 00:00:00"
            },
            {
              "system": "http://changehealthcare.com/interop/hdc/tdt_epoch",
              "code": "1628582106282"
            },
            {
              "system": "http://changehealthcare.com/interop/hdc/tdt_iteration",
              "code": "1"
            },
            {
              "system": "http://changehealthcare.com/interop/hdc/record_uuid",
              "code": "37294e9d-24e5-40fe-bfe0-002c7a51b263"
            },
            {
              "system": "http://changehealthcare.com/interop/hdc/file_location",
              "code": "s3://enterprise-datalake-ingress-qatemp-us-east-1/interoperability/valid/clinical"
            }
          ]
        },
        "code": {
          "coding": [
            {
              "system": "http://www.nlm.nih.gov/research/ulms/rxnorm",
              "code": "1098601"
            }
          ]
        },
        "status": "active"
      },
      "search": {
        "mode": "match"
      }
    },
    {
      "resource": {
        "resourceType": "Medication",
        "id": "n.NK54uG5MG6UzOvns886jejs0H23ga3owQXkjONfXM",
        "meta": {
          "versionId": "9",
          "lastUpdated": "2021-08-10T15:09:52.510+00:00",
          "profile": [
            "http://hl7.org/fhir/us/core/StructureDefinition/us-core-medication"
          ],
          "tag": [
            {
              "system": "http://changehealthcare.com/interop/hdc/sender_id",
              "code": "740b8dd63c504e7fbb1559f1d951d63d"
            },
            {
              "system": "http://changehealthcare.com/interop/hdc/usageindicator",
              "code": "t"
            },
            {
              "system": "http://changehealthcare.com/interop/hdc/record_type",
              "code": "A"
            },
            {
              "system": "http://changehealthcare.com/interop/hdc/date_time_reported",
              "code": "2021-04-26 00:00:00"
            },
            {
              "system": "http://changehealthcare.com/interop/hdc/tdt_epoch",
              "code": "1628582106282"
            },
            {
              "system": "http://changehealthcare.com/interop/hdc/tdt_iteration",
              "code": "1"
            },
            {
              "system": "http://changehealthcare.com/interop/hdc/record_uuid",
              "code": "1480b453-0d4a-4893-be2a-74e6771c6199"
            },
            {
              "system": "http://changehealthcare.com/interop/hdc/file_location",
              "code": "s3://enterprise-datalake-ingress-qatemp-us-east-1/interoperability/valid/clinical"
            }
          ]
        },
        "code": {
          "coding": [
            {
              "system": "http://www.nlm.nih.gov/research/ulms/rxnorm",
              "code": "1098601"
            }
          ]
        },
        "status": "active"
      },
      "search": {
        "mode": "match"
      }
    },
    {
      "resource": {
        "resourceType": "Medication",
        "id": "mhiUkgs8o59AHA-CccGzvLl1TEPMOrcM.UofND.DzR4",
        "meta": {
          "versionId": "7",
          "lastUpdated": "2021-08-10T15:44:18.821+00:00",
          "profile": [
            "http://hl7.org/fhir/us/core/StructureDefinition/us-core-medication"
          ],
          "tag": [
            {
              "system": "http://changehealthcare.com/interop/hdc/sender_id",
              "code": "740b8dd63c504e7fbb1559f1d951d63d"
            },
            {
              "system": "http://changehealthcare.com/interop/hdc/usageindicator",
              "code": "t"
            },
            {
              "system": "http://changehealthcare.com/interop/hdc/record_type",
              "code": "A"
            },
            {
              "system": "http://changehealthcare.com/interop/hdc/date_time_reported",
              "code": "2021-04-26 00:00:00"
            },
            {
              "system": "http://changehealthcare.com/interop/hdc/tdt_epoch",
              "code": "1628582106282"
            },
            {
              "system": "http://changehealthcare.com/interop/hdc/tdt_iteration",
              "code": "1"
            },
            {
              "system": "http://changehealthcare.com/interop/hdc/record_uuid",
              "code": "37294e9d-24e5-40fe-bfe0-002c7a51b263"
            },
            {
              "system": "http://changehealthcare.com/interop/hdc/file_location",
              "code": "s3://enterprise-datalake-ingress-qatemp-us-east-1/interoperability/valid/clinical"
            }
          ]
        },
        "code": {
          "coding": [
            {
              "system": "http://www.nlm.nih.gov/research/ulms/rxnorm",
              "code": "310965"
            }
          ]
        },
        "status": "active",
        "form": {
          "coding": [
            {
              "system": "http://snomed.info/sct",
              "code": "string"
            }
          ]
        }
      },
      "search": {
        "mode": "match"
      }
    },
    {
      "resource": {
        "resourceType": "Medication",
        "id": "jXl5ACpqbIwjZmxpWeUv7PBUWxfZkD9jGdv5S-8dZpo",
        "meta": {
          "versionId": "7",
          "lastUpdated": "2021-08-10T15:44:18.870+00:00",
          "profile": [
            "http://hl7.org/fhir/us/core/StructureDefinition/us-core-medication"
          ],
          "tag": [
            {
              "system": "http://changehealthcare.com/interop/hdc/sender_id",
              "code": "740b8dd63c504e7fbb1559f1d951d63d"
            },
            {
              "system": "http://changehealthcare.com/interop/hdc/usageindicator",
              "code": "t"
            },
            {
              "system": "http://changehealthcare.com/interop/hdc/record_type",
              "code": "A"
            },
            {
              "system": "http://changehealthcare.com/interop/hdc/date_time_reported",
              "code": "2021-04-26 00:00:00"
            },
            {
              "system": "http://changehealthcare.com/interop/hdc/tdt_epoch",
              "code": "1628582106282"
            },
            {
              "system": "http://changehealthcare.com/interop/hdc/tdt_iteration",
              "code": "1"
            },
            {
              "system": "http://changehealthcare.com/interop/hdc/record_uuid",
              "code": "37294e9d-24e5-40fe-bfe0-002c7a51b263"
            },
            {
              "system": "http://changehealthcare.com/interop/hdc/file_location",
              "code": "s3://enterprise-datalake-ingress-qatemp-us-east-1/interoperability/valid/clinical"
            }
          ]
        },
        "code": {
          "coding": [
            {
              "system": "http://www.nlm.nih.gov/research/ulms/rxnorm",
              "code": "1187314"
            }
          ]
        },
        "status": "active"
      },
      "search": {
        "mode": "match"
      }
    },
    {
      "resource": {
        "resourceType": "Medication",
        "id": "83GT.FnPaNx7E60x8O0Ng1SvmLeAZ8Gk02J5K0qTdhA",
        "meta": {
          "versionId": "8",
          "lastUpdated": "2021-08-12T11:49:45.349+00:00",
          "profile": [
            "http://hl7.org/fhir/us/core/StructureDefinition/us-core-medication"
          ],
          "tag": [
            {
              "system": "http://changehealthcare.com/interop/hdc/sender_id",
              "code": "25a84116b4ba448097ea8d8c4ffaae11"
            },
            {
              "system": "http://changehealthcare.com/interop/hdc/usageindicator",
              "code": "t"
            },
            {
              "system": "http://changehealthcare.com/interop/hdc/record_type",
              "code": "A"
            },
            {
              "system": "http://changehealthcare.com/interop/hdc/date_time_reported",
              "code": "2021-08-12 01:00:00"
            },
            {
              "system": "http://changehealthcare.com/interop/hdc/tdt_epoch",
              "code": "1628749035253"
            },
            {
              "system": "http://changehealthcare.com/interop/hdc/tdt_iteration",
              "code": "1"
            },
            {
              "system": "http://changehealthcare.com/interop/hdc/record_uuid",
              "code": "ef5a92eb-1c48-41b0-8fd3-016e2b07bfb1"
            },
            {
              "system": "http://changehealthcare.com/interop/hdc/file_location",
              "code": "s3://enterprise-datalake-ingress-qatemp-us-east-1/interoperability/valid/clinical"
            }
          ]
        },
        "code": {
          "coding": [
            {
              "system": "http://www.nlm.nih.gov/research/ulms/rxnorm",
              "code": "1098601"
            }
          ]
        },
        "status": "active"
      },
      "search": {
        "mode": "match"
      }
    },
    {
      "resource": {
        "resourceType": "Medication",
        "id": "HKlM8qRH-p1LIqrWEOwJeqf16R0WbnYi07nw9hTn9Gg",
        "meta": {
          "versionId": "9",
          "lastUpdated": "2021-08-16T21:46:56.626+00:00",
          "profile": [
            "http://hl7.org/fhir/us/core/StructureDefinition/us-core-medication"
          ],
          "tag": [
            {
              "system": "http://changehealthcare.com/interop/hdc/sender_id",
              "code": "25a84116b4ba448097ea8d8c4ffaae11"
            },
            {
              "system": "http://changehealthcare.com/interop/hdc/usageindicator",
              "code": "t"
            },
            {
              "system": "http://changehealthcare.com/interop/hdc/record_type",
              "code": "A"
            },
            {
              "system": "http://changehealthcare.com/interop/hdc/date_time_reported",
              "code": "2021-08-12 01:00:00"
            },
            {
              "system": "http://changehealthcare.com/interop/hdc/tdt_epoch",
              "code": "1628749035253"
            },
            {
              "system": "http://changehealthcare.com/interop/hdc/tdt_iteration",
              "code": "1"
            },
            {
              "system": "http://changehealthcare.com/interop/hdc/record_uuid",
              "code": "81716fe9-f140-47d7-8c8c-d2fe05b894c9"
            },
            {
              "system": "http://changehealthcare.com/interop/hdc/file_location",
              "code": "s3://enterprise-datalake-ingress-qatemp-us-east-1/interoperability/valid/clinical"
            }
          ]
        },
        "code": {
          "coding": [
            {
              "system": "http://www.nlm.nih.gov/research/ulms/rxnorm",
              "code": "310325"
            }
          ]
        },
        "status": "active",
        "form": {
          "coding": [
            {
              "system": "http://snomed.info/sct",
              "code": "string"
            }
          ]
        }
      },
      "search": {
        "mode": "match"
      }
    },
    {
      "resource": {
        "resourceType": "Medication",
        "id": "rBaLQPa3f2X70VJ6PO5sX-o9GQ4fTTvS6TpXL6CaCp4",
        "meta": {
          "versionId": "7",
          "lastUpdated": "2021-08-12T11:49:46.976+00:00",
          "profile": [
            "http://hl7.org/fhir/us/core/StructureDefinition/us-core-medication"
          ],
          "tag": [
            {
              "system": "http://changehealthcare.com/interop/hdc/sender_id",
              "code": "25a84116b4ba448097ea8d8c4ffaae11"
            },
            {
              "system": "http://changehealthcare.com/interop/hdc/usageindicator",
              "code": "t"
            },
            {
              "system": "http://changehealthcare.com/interop/hdc/record_type",
              "code": "A"
            },
            {
              "system": "http://changehealthcare.com/interop/hdc/date_time_reported",
              "code": "2021-08-12 01:00:00"
            },
            {
              "system": "http://changehealthcare.com/interop/hdc/tdt_epoch",
              "code": "1628749035253"
            },
            {
              "system": "http://changehealthcare.com/interop/hdc/tdt_iteration",
              "code": "1"
            },
            {
              "system": "http://changehealthcare.com/interop/hdc/record_uuid",
              "code": "41ea6f75-4359-43f0-b357-499fe664c8e3"
            },
            {
              "system": "http://changehealthcare.com/interop/hdc/file_location",
              "code": "s3://enterprise-datalake-ingress-qatemp-us-east-1/interoperability/valid/clinical"
            }
          ]
        },
        "code": {
          "coding": [
            {
              "system": "http://www.nlm.nih.gov/research/ulms/rxnorm",
              "code": "1098601"
            }
          ]
        },
        "status": "active"
      },
      "search": {
        "mode": "match"
      }
    },
    {
      "resource": {
        "resourceType": "Medication",
        "id": "cvtd7qiosHx8AVwSLF.TXMMtEzcRJA9zHTS3GX2J7vs",
        "meta": {
          "versionId": "8",
          "lastUpdated": "2021-08-12T11:49:47.030+00:00",
          "profile": [
            "http://hl7.org/fhir/us/core/StructureDefinition/us-core-medication"
          ],
          "tag": [
            {
              "system": "http://changehealthcare.com/interop/hdc/sender_id",
              "code": "25a84116b4ba448097ea8d8c4ffaae11"
            },
            {
              "system": "http://changehealthcare.com/interop/hdc/usageindicator",
              "code": "t"
            },
            {
              "system": "http://changehealthcare.com/interop/hdc/record_type",
              "code": "A"
            },
            {
              "system": "http://changehealthcare.com/interop/hdc/date_time_reported",
              "code": "2021-08-12 01:00:00"
            },
            {
              "system": "http://changehealthcare.com/interop/hdc/tdt_epoch",
              "code": "1628749035253"
            },
            {
              "system": "http://changehealthcare.com/interop/hdc/tdt_iteration",
              "code": "1"
            },
            {
              "system": "http://changehealthcare.com/interop/hdc/record_uuid",
              "code": "41ea6f75-4359-43f0-b357-499fe664c8e3"
            },
            {
              "system": "http://changehealthcare.com/interop/hdc/file_location",
              "code": "s3://enterprise-datalake-ingress-qatemp-us-east-1/interoperability/valid/clinical"
            }
          ]
        },
        "code": {
          "coding": [
            {
              "system": "http://www.nlm.nih.gov/research/ulms/rxnorm",
              "code": "310325"
            }
          ]
        },
        "status": "active",
        "form": {
          "coding": [
            {
              "system": "http://snomed.info/sct",
              "code": "string"
            }
          ]
        }
      },
      "search": {
        "mode": "match"
      }
    },
    {
      "resource": {
        "resourceType": "Medication",
        "id": "qnErgSZvgIdRqx1p7sb2iXQRkl5EUGaaAsTmMmdSqgo",
        "meta": {
          "versionId": "7",
          "lastUpdated": "2021-08-16T21:46:57.299+00:00",
          "profile": [
            "http://hl7.org/fhir/us/core/StructureDefinition/us-core-medication"
          ],
          "tag": [
            {
              "system": "http://changehealthcare.com/interop/hdc/sender_id",
              "code": "25a84116b4ba448097ea8d8c4ffaae11"
            },
            {
              "system": "http://changehealthcare.com/interop/hdc/usageindicator",
              "code": "t"
            },
            {
              "system": "http://changehealthcare.com/interop/hdc/record_type",
              "code": "A"
            },
            {
              "system": "http://changehealthcare.com/interop/hdc/date_time_reported",
              "code": "2021-08-12 01:00:00"
            },
            {
              "system": "http://changehealthcare.com/interop/hdc/tdt_epoch",
              "code": "1628749035253"
            },
            {
              "system": "http://changehealthcare.com/interop/hdc/tdt_iteration",
              "code": "1"
            },
            {
              "system": "http://changehealthcare.com/interop/hdc/record_uuid",
              "code": "41ea6f75-4359-43f0-b357-499fe664c8e3"
            },
            {
              "system": "http://changehealthcare.com/interop/hdc/file_location",
              "code": "s3://enterprise-datalake-ingress-qatemp-us-east-1/interoperability/valid/clinical"
            }
          ]
        },
        "code": {
          "coding": [
            {
              "system": "http://www.nlm.nih.gov/research/ulms/rxnorm",
              "code": "1187314"
            }
          ]
        },
        "status": "active"
      },
      "search": {
        "mode": "match"
      }
    },
    {
      "resource": {
        "resourceType": "Medication",
        "id": "TfddWlXm0GR6LaYy2rw3oN2OfSJtamiWUB0jCVQeLDQ",
        "meta": {
          "versionId": "7",
          "lastUpdated": "2021-08-16T21:48:36.994+00:00",
          "profile": [
            "http://hl7.org/fhir/us/core/StructureDefinition/us-core-medication"
          ],
          "tag": [
            {
              "system": "http://changehealthcare.com/interop/hdc/sender_id",
              "code": "25a84116b4ba448097ea8d8c4ffaae11"
            },
            {
              "system": "http://changehealthcare.com/interop/hdc/usageindicator",
              "code": "t"
            },
            {
              "system": "http://changehealthcare.com/interop/hdc/record_type",
              "code": "A"
            },
            {
              "system": "http://changehealthcare.com/interop/hdc/date_time_reported",
              "code": "2021-08-12 01:00:00"
            },
            {
              "system": "http://changehealthcare.com/interop/hdc/tdt_epoch",
              "code": "1628749035253"
            },
            {
              "system": "http://changehealthcare.com/interop/hdc/tdt_iteration",
              "code": "1"
            },
            {
              "system": "http://changehealthcare.com/interop/hdc/record_uuid",
              "code": "41ea6f75-4359-43f0-b357-499fe664c8e3"
            },
            {
              "system": "http://changehealthcare.com/interop/hdc/file_location",
              "code": "s3://enterprise-datalake-ingress-qatemp-us-east-1/interoperability/valid/clinical"
            }
          ]
        },
        "code": {
          "coding": [
            {
              "system": "http://www.nlm.nih.gov/research/ulms/rxnorm",
              "code": "1098601"
            }
          ]
        },
        "status": "active"
      },
      "search": {
        "mode": "match"
      }
    },
    {
      "resource": {
        "resourceType": "Medication",
        "id": "8yK77mHXJ5SCp4S9eHI51f10J5gfFnVSMMuH79SaDxE",
        "meta": {
          "versionId": "8",
          "lastUpdated": "2021-08-16T21:48:37.058+00:00",
          "profile": [
            "http://hl7.org/fhir/us/core/StructureDefinition/us-core-medication"
          ],
          "tag": [
            {
              "system": "http://changehealthcare.com/interop/hdc/sender_id",
              "code": "25a84116b4ba448097ea8d8c4ffaae11"
            },
            {
              "system": "http://changehealthcare.com/interop/hdc/usageindicator",
              "code": "t"
            },
            {
              "system": "http://changehealthcare.com/interop/hdc/record_type",
              "code": "A"
            },
            {
              "system": "http://changehealthcare.com/interop/hdc/date_time_reported",
              "code": "2021-08-12 01:00:00"
            },
            {
              "system": "http://changehealthcare.com/interop/hdc/tdt_epoch",
              "code": "1628749035253"
            },
            {
              "system": "http://changehealthcare.com/interop/hdc/tdt_iteration",
              "code": "1"
            },
            {
              "system": "http://changehealthcare.com/interop/hdc/record_uuid",
              "code": "41ea6f75-4359-43f0-b357-499fe664c8e3"
            },
            {
              "system": "http://changehealthcare.com/interop/hdc/file_location",
              "code": "s3://enterprise-datalake-ingress-qatemp-us-east-1/interoperability/valid/clinical"
            }
          ]
        },
        "code": {
          "coding": [
            {
              "system": "http://www.nlm.nih.gov/research/ulms/rxnorm",
              "code": "310965"
            }
          ]
        },
        "status": "active",
        "form": {
          "coding": [
            {
              "system": "http://snomed.info/sct",
              "code": "string"
            }
          ]
        }
      },
      "search": {
        "mode": "match"
      }
    },
    {
      "resource": {
        "resourceType": "Medication",
        "id": "BNLrtVIOJ6cIo5K0vkI..-XgFMp-ASqFRj9HE9l6qIw",
        "meta": {
          "versionId": "8",
          "lastUpdated": "2021-08-16T21:46:56.526+00:00",
          "profile": [
            "http://hl7.org/fhir/us/core/StructureDefinition/us-core-medication"
          ],
          "tag": [
            {
              "system": "http://changehealthcare.com/interop/hdc/sender_id",
              "code": "25a84116b4ba448097ea8d8c4ffaae11"
            },
            {
              "system": "http://changehealthcare.com/interop/hdc/usageindicator",
              "code": "t"
            },
            {
              "system": "http://changehealthcare.com/interop/hdc/record_type",
              "code": "A"
            },
            {
              "system": "http://changehealthcare.com/interop/hdc/date_time_reported",
              "code": "2021-08-12 01:00:00"
            },
            {
              "system": "http://changehealthcare.com/interop/hdc/tdt_epoch",
              "code": "1628749035253"
            },
            {
              "system": "http://changehealthcare.com/interop/hdc/tdt_iteration",
              "code": "1"
            },
            {
              "system": "http://changehealthcare.com/interop/hdc/record_uuid",
              "code": "ef5a92eb-1c48-41b0-8fd3-016e2b07bfb1"
            },
            {
              "system": "http://changehealthcare.com/interop/hdc/file_location",
              "code": "s3://enterprise-datalake-ingress-qatemp-us-east-1/interoperability/valid/clinical"
            }
          ]
        },
        "code": {
          "coding": [
            {
              "system": "http://www.nlm.nih.gov/research/ulms/rxnorm",
              "code": "1187314"
            }
          ]
        },
        "status": "active"
      },
      "search": {
        "mode": "match"
      }
    },
    {
      "resource": {
        "resourceType": "Medication",
        "id": ".RfByLacg2tQcT5RVZTXUgumBSIG-wcTwC.OnOEAtVU",
        "meta": {
          "versionId": "8",
          "lastUpdated": "2021-08-16T21:46:56.573+00:00",
          "profile": [
            "http://hl7.org/fhir/us/core/StructureDefinition/us-core-medication"
          ],
          "tag": [
            {
              "system": "http://changehealthcare.com/interop/hdc/sender_id",
              "code": "25a84116b4ba448097ea8d8c4ffaae11"
            },
            {
              "system": "http://changehealthcare.com/interop/hdc/usageindicator",
              "code": "t"
            },
            {
              "system": "http://changehealthcare.com/interop/hdc/record_type",
              "code": "A"
            },
            {
              "system": "http://changehealthcare.com/interop/hdc/date_time_reported",
              "code": "2021-08-12 01:00:00"
            },
            {
              "system": "http://changehealthcare.com/interop/hdc/tdt_epoch",
              "code": "1628749035253"
            },
            {
              "system": "http://changehealthcare.com/interop/hdc/tdt_iteration",
              "code": "1"
            },
            {
              "system": "http://changehealthcare.com/interop/hdc/record_uuid",
              "code": "81716fe9-f140-47d7-8c8c-d2fe05b894c9"
            },
            {
              "system": "http://changehealthcare.com/interop/hdc/file_location",
              "code": "s3://enterprise-datalake-ingress-qatemp-us-east-1/interoperability/valid/clinical"
            }
          ]
        },
        "code": {
          "coding": [
            {
              "system": "http://www.nlm.nih.gov/research/ulms/rxnorm",
              "code": "1098601"
            }
          ]
        },
        "status": "active"
      },
      "search": {
        "mode": "match"
      }
    },
    {
      "resource": {
        "resourceType": "Medication",
        "id": "LO.TPPUgzxFe4peZ08YEW0ON1B3l1udlTCPvflstL6o",
        "meta": {
          "versionId": "8",
          "lastUpdated": "2021-08-12T11:02:40.970+00:00",
          "profile": [
            "http://hl7.org/fhir/us/core/StructureDefinition/us-core-medication"
          ],
          "tag": [
            {
              "system": "http://changehealthcare.com/interop/hdc/sender_id",
              "code": "25a84116b4ba448097ea8d8c4ffaae11"
            },
            {
              "system": "http://changehealthcare.com/interop/hdc/usageindicator",
              "code": "t"
            },
            {
              "system": "http://changehealthcare.com/interop/hdc/record_type",
              "code": "A"
            },
            {
              "system": "http://changehealthcare.com/interop/hdc/date_time_reported",
              "code": "2021-08-12 01:00:00"
            },
            {
              "system": "http://changehealthcare.com/interop/hdc/tdt_epoch",
              "code": "1628749035253"
            },
            {
              "system": "http://changehealthcare.com/interop/hdc/tdt_iteration",
              "code": "1"
            },
            {
              "system": "http://changehealthcare.com/interop/hdc/record_uuid",
              "code": "ef5a92eb-1c48-41b0-8fd3-016e2b07bfb1"
            },
            {
              "system": "http://changehealthcare.com/interop/hdc/file_location",
              "code": "s3://enterprise-datalake-ingress-qatemp-us-east-1/interoperability/valid/clinical"
            }
          ]
        },
        "code": {
          "coding": [
            {
              "system": "http://www.nlm.nih.gov/research/ulms/rxnorm",
              "code": "310965"
            }
          ]
        },
        "status": "active",
        "form": {
          "coding": [
            {
              "system": "http://snomed.info/sct",
              "code": "string"
            }
          ]
        }
      },
      "search": {
        "mode": "match"
      }
    },
    {
      "resource": {
        "resourceType": "Medication",
        "id": "zcdqqQ.MYZwDxvCtHJkoR0Fqa3iotlWsVTMmeHzvtBk",
        "meta": {
          "versionId": "120",
          "lastUpdated": "2021-08-10T15:02:53.680+00:00",
          "profile": [
            "http://hl7.org/fhir/us/core/StructureDefinition/us-core-medication"
          ],
          "tag": [
            {
              "system": "http://changehealthcare.com/interop/hdc/sender_id",
              "code": "a9e1faf3769842358030c165ed9c2450"
            },
            {
              "system": "http://changehealthcare.com/interop/hdc/usageindicator",
              "code": "t"
            },
            {
              "system": "http://changehealthcare.com/interop/hdc/record_type",
              "code": "A"
            },
            {
              "system": "http://changehealthcare.com/interop/hdc/date_time_reported",
              "code": "2021-07-02 01:40:05.026"
            },
            {
              "system": "http://changehealthcare.com/interop/hdc/tdt_epoch",
              "code": "1628582106282"
            },
            {
              "system": "http://changehealthcare.com/interop/hdc/tdt_iteration",
              "code": "1"
            },
            {
              "system": "http://changehealthcare.com/interop/hdc/record_uuid",
              "code": "99bc9adb-a0d9-4bec-a8f0-2582dfac750c"
            },
            {
              "system": "http://changehealthcare.com/interop/hdc/file_location",
              "code": "s3://enterprise-datalake-ingress-qatemp-us-east-1/interoperability/valid/clinical"
            }
          ]
        },
        "code": {
          "coding": [
            {
              "system": "http://www.nlm.nih.gov/research/ulms/rxnorm"
            }
          ]
        }
      },
      "search": {
        "mode": "match"
      }
    },
    {
      "resource": {
        "resourceType": "Medication",
        "id": "R.bQe4JOq1s4Jv2evqt4FKPsetljE9pOxvxE.fR16SY",
        "meta": {
          "versionId": "156",
          "lastUpdated": "2021-08-16T21:45:14.770+00:00",
          "profile": [
            "http://hl7.org/fhir/us/core/StructureDefinition/us-core-medication"
          ],
          "tag": [
            {
              "system": "http://changehealthcare.com/interop/hdc/sender_id",
              "code": "02d0490bcc914e7fa2b2584d03944cd1"
            },
            {
              "system": "http://changehealthcare.com/interop/hdc/usageindicator",
              "code": "t"
            },
            {
              "system": "http://changehealthcare.com/interop/hdc/record_type",
              "code": "A"
            },
            {
              "system": "http://changehealthcare.com/interop/hdc/date_time_reported",
              "code": "2021-07-01 23:05:19.265"
            },
            {
              "system": "http://changehealthcare.com/interop/hdc/tdt_epoch",
              "code": "1628582106282"
            },
            {
              "system": "http://changehealthcare.com/interop/hdc/tdt_iteration",
              "code": "1"
            },
            {
              "system": "http://changehealthcare.com/interop/hdc/record_uuid",
              "code": "4b8101a2-46ad-473c-9c0d-67765b2c7851"
            },
            {
              "system": "http://changehealthcare.com/interop/hdc/file_location",
              "code": "s3://enterprise-datalake-ingress-qatemp-us-east-1/interoperability/valid/clinical"
            }
          ]
        },
        "code": {
          "coding": [
            {
              "system": "http://www.nlm.nih.gov/research/ulms/rxnorm"
            }
          ]
        }
      },
      "search": {
        "mode": "match"
      }
    },
    {
      "resource": {
        "resourceType": "Medication",
        "id": "ITB8ki03KMX5g5rYw6uCbASNsltO213NyGVkx82yf1Q",
        "meta": {
          "versionId": "22781",
          "lastUpdated": "2021-08-16T21:48:30.955+00:00",
          "profile": [
            "http://hl7.org/fhir/us/core/StructureDefinition/us-core-medication"
          ],
          "tag": [
            {
              "system": "http://changehealthcare.com/interop/hdc/sender_id",
              "code": "25a84116b4ba448097ea8d8c4ffaae11"
            },
            {
              "system": "http://changehealthcare.com/interop/hdc/usageindicator",
              "code": "t"
            },
            {
              "system": "http://changehealthcare.com/interop/hdc/record_type",
              "code": "A"
            },
            {
              "system": "http://changehealthcare.com/interop/hdc/date_time_reported",
              "code": "2021-08-10 12:10:10.209"
            },
            {
              "system": "http://changehealthcare.com/interop/hdc/tdt_epoch",
              "code": "1628617201891"
            },
            {
              "system": "http://changehealthcare.com/interop/hdc/tdt_iteration",
              "code": "1"
            },
            {
              "system": "http://changehealthcare.com/interop/hdc/record_uuid",
              "code": "3357b304-64ab-4218-878d-50adac222e43"
            },
            {
              "system": "http://changehealthcare.com/interop/hdc/file_location",
              "code": "s3://enterprise-datalake-ingress-qatemp-us-east-1/interoperability/valid/clinical"
            }
          ]
        },
        "code": {
          "coding": [
            {
              "system": "http://www.nlm.nih.gov/research/ulms/rxnorm"
            }
          ]
        }
      },
      "search": {
        "mode": "match"
      }
    },
    {
      "resource": {
        "resourceType": "Medication",
        "id": "IEFupu080RIdUtrdfgt6tkFqJPIueYe0fixuYIAH-es",
        "meta": {
          "versionId": "18",
          "lastUpdated": "2021-08-12T10:59:45.721+00:00",
          "profile": [
            "http://hl7.org/fhir/us/core/StructureDefinition/us-core-medication"
          ],
          "tag": [
            {
              "system": "http://changehealthcare.com/interop/hdc/sender_id",
              "code": "0765aaf0-4b1d-462d-8d98-3d71c69f736a"
            },
            {
              "system": "http://changehealthcare.com/interop/hdc/usageindicator",
              "code": "t"
            },
            {
              "system": "http://changehealthcare.com/interop/hdc/record_type",
              "code": "A"
            },
            {
              "system": "http://changehealthcare.com/interop/hdc/date_time_reported",
              "code": "2021-04-02 00:50:06"
            },
            {
              "system": "http://changehealthcare.com/interop/hdc/tdt_epoch",
              "code": "1623842228169"
            },
            {
              "system": "http://changehealthcare.com/interop/hdc/tdt_iteration",
              "code": "1"
            },
            {
              "system": "http://changehealthcare.com/interop/hdc/record_uuid",
              "code": "da79b021-4564-40fc-8a5c-8358c25868ef"
            },
            {
              "system": "http://changehealthcare.com/interop/hdc/file_location",
              "code": "s3://enterprise-datalake-ingress-qatemp-us-east-1/interoperability/valid/clinical"
            }
          ]
        },
        "code": {
          "coding": [
            {
              "system": "http://www.nlm.nih.gov/research/ulms/rxnorm",
              "code": "1098601"
            }
          ]
        },
        "status": "active"
      },
      "search": {
        "mode": "match"
      }
    },
    {
      "resource": {
        "resourceType": "Medication",
        "id": "R6jkQ3v3x2Hc-FMRFG6wH6kf8SrvHu3NG3GZTJ62UbE",
        "meta": {
          "versionId": "4",
          "lastUpdated": "2021-08-12T12:41:20.011+00:00",
          "profile": [
            "http://hl7.org/fhir/us/core/StructureDefinition/us-core-medication"
          ],
          "tag": [
            {
              "system": "http://changehealthcare.com/interop/hdc/sender_id",
              "code": "0765aaf0-4b1d-462d-8d98-3d71c69f736a"
            },
            {
              "system": "http://changehealthcare.com/interop/hdc/usageindicator",
              "code": "t"
            },
            {
              "system": "http://changehealthcare.com/interop/hdc/record_type",
              "code": "A"
            },
            {
              "system": "http://changehealthcare.com/interop/hdc/date_time_reported",
              "code": "2021-04-02 00:50:06"
            },
            {
              "system": "http://changehealthcare.com/interop/hdc/tdt_epoch",
              "code": "1623842228169"
            },
            {
              "system": "http://changehealthcare.com/interop/hdc/tdt_iteration",
              "code": "1"
            },
            {
              "system": "http://changehealthcare.com/interop/hdc/record_uuid",
              "code": "6f9005b6-9066-4885-af20-1debf8b3885f"
            },
            {
              "system": "http://changehealthcare.com/interop/hdc/file_location",
              "code": "s3://enterprise-datalake-ingress-qatemp-us-east-1/interoperability/valid/clinical"
            }
          ]
        },
        "code": {
          "coding": [
            {
              "system": "http://www.nlm.nih.gov/research/ulms/rxnorm",
              "code": "310965"
            }
          ]
        },
        "status": "active",
        "form": {
          "coding": [
            {
              "system": "http://snomed.info/sct",
              "code": "string"
            }
          ]
        }
      },
      "search": {
        "mode": "match"
      }
    },
    {
      "resource": {
        "resourceType": "Medication",
        "id": "lkj0DJmyPC.VHbRfXWBiZanCbKsdctL7ylyCM-Wd3wM",
        "meta": {
          "versionId": "17",
          "lastUpdated": "2021-08-16T21:43:38.375+00:00",
          "profile": [
            "http://hl7.org/fhir/us/core/StructureDefinition/us-core-medication"
          ],
          "tag": [
            {
              "system": "http://changehealthcare.com/interop/hdc/sender_id",
              "code": "0765aaf0-4b1d-462d-8d98-3d71c69f736a"
            },
            {
              "system": "http://changehealthcare.com/interop/hdc/usageindicator",
              "code": "t"
            },
            {
              "system": "http://changehealthcare.com/interop/hdc/record_type",
              "code": "A"
            },
            {
              "system": "http://changehealthcare.com/interop/hdc/date_time_reported",
              "code": "2021-04-02 00:50:06"
            },
            {
              "system": "http://changehealthcare.com/interop/hdc/tdt_epoch",
              "code": "1623842228169"
            },
            {
              "system": "http://changehealthcare.com/interop/hdc/tdt_iteration",
              "code": "1"
            },
            {
              "system": "http://changehealthcare.com/interop/hdc/record_uuid",
              "code": "6f9005b6-9066-4885-af20-1debf8b3885f"
            },
            {
              "system": "http://changehealthcare.com/interop/hdc/file_location",
              "code": "s3://enterprise-datalake-ingress-qatemp-us-east-1/interoperability/valid/clinical"
            }
          ]
        },
        "code": {
          "coding": [
            {
              "system": "http://www.nlm.nih.gov/research/ulms/rxnorm",
              "code": "1098601"
            }
          ]
        },
        "status": "active"
      },
      "search": {
        "mode": "match"
      }
    },
    {
      "resource": {
        "resourceType": "Medication",
        "id": "mdtQIlAnlu5LJWz45Z3gwtqPZOJ.nKCQxd9HrBMguY8",
        "meta": {
          "versionId": "4",
          "lastUpdated": "2021-08-16T21:43:38.570+00:00",
          "profile": [
            "http://hl7.org/fhir/us/core/StructureDefinition/us-core-medication"
          ],
          "tag": [
            {
              "system": "http://changehealthcare.com/interop/hdc/sender_id",
              "code": "0765aaf0-4b1d-462d-8d98-3d71c69f736a"
            },
            {
              "system": "http://changehealthcare.com/interop/hdc/usageindicator",
              "code": "t"
            },
            {
              "system": "http://changehealthcare.com/interop/hdc/record_type",
              "code": "A"
            },
            {
              "system": "http://changehealthcare.com/interop/hdc/date_time_reported",
              "code": "2021-04-02 00:50:06"
            },
            {
              "system": "http://changehealthcare.com/interop/hdc/tdt_epoch",
              "code": "1623842228169"
            },
            {
              "system": "http://changehealthcare.com/interop/hdc/tdt_iteration",
              "code": "1"
            },
            {
              "system": "http://changehealthcare.com/interop/hdc/record_uuid",
              "code": "da79b021-4564-40fc-8a5c-8358c25868ef"
            },
            {
              "system": "http://changehealthcare.com/interop/hdc/file_location",
              "code": "s3://enterprise-datalake-ingress-qatemp-us-east-1/interoperability/valid/clinical"
            }
          ]
        },
        "code": {
          "coding": [
            {
              "system": "http://www.nlm.nih.gov/research/ulms/rxnorm",
              "code": "310325"
            }
          ]
        },
        "status": "active",
        "form": {
          "coding": [
            {
              "system": "http://snomed.info/sct",
              "code": "string"
            }
          ]
        }
      },
      "search": {
        "mode": "match"
      }
    },
    {
      "resource": {
        "resourceType": "Medication",
        "id": "o8BMXUTgnIz4668g6VRfxUi.8RSH.HqgRxkkJEAcKTU",
        "meta": {
          "versionId": "17",
          "lastUpdated": "2021-08-16T21:43:38.418+00:00",
          "profile": [
            "http://hl7.org/fhir/us/core/StructureDefinition/us-core-medication"
          ],
          "tag": [
            {
              "system": "http://changehealthcare.com/interop/hdc/sender_id",
              "code": "0765aaf0-4b1d-462d-8d98-3d71c69f736a"
            },
            {
              "system": "http://changehealthcare.com/interop/hdc/usageindicator",
              "code": "t"
            },
            {
              "system": "http://changehealthcare.com/interop/hdc/record_type",
              "code": "A"
            },
            {
              "system": "http://changehealthcare.com/interop/hdc/date_time_reported",
              "code": "2021-04-02 00:50:06"
            },
            {
              "system": "http://changehealthcare.com/interop/hdc/tdt_epoch",
              "code": "1623842228169"
            },
            {
              "system": "http://changehealthcare.com/interop/hdc/tdt_iteration",
              "code": "1"
            },
            {
              "system": "http://changehealthcare.com/interop/hdc/record_uuid",
              "code": "da79b021-4564-40fc-8a5c-8358c25868ef"
            },
            {
              "system": "http://changehealthcare.com/interop/hdc/file_location",
              "code": "s3://enterprise-datalake-ingress-qatemp-us-east-1/interoperability/valid/clinical"
            }
          ]
        },
        "code": {
          "coding": [
            {
              "system": "http://www.nlm.nih.gov/research/ulms/rxnorm",
              "code": "1187314"
            }
          ]
        },
        "status": "active"
      },
      "search": {
        "mode": "match"
      }
    }
  ]
}
