{
  "resourceType": "Bundle",
  "id": "7bb530ac-5c67-4742-8dd6-038d74878c33",
  "meta": {
    "lastUpdated": "2022-02-03T13:57:49.098+00:00"
  },
  "type": "searchset",
  "link": [
    {
      "relation": "self",
      "url": "/ObservationSmokingStatus"
    },
    {
      "relation": "next",
      "url": "/ObservationSmokingStatus?_getpages=47cd2238-2a15-4446-9577-4fbe69a76a01&_getpagesoffset=2&_count=20&_pretty=true&_bundletype=searchset"
    }
  ],
  "entry": [
    {
      "resource": {
        "resourceType": "Observation",
        "id": "RmWT.EiGjfaov3DcxzWmBSeTPKPvKle1eTHuc7DnPSA",
        "meta": {
          "versionId": "3",
          "lastUpdated": "2021-11-02T20:22:51.101+00:00",
          "profile": [
            "http://hl7.org/fhir/us/core/StructureDefinition/us-core-smokingstatus"
          ],
          "tag": [
            {
              "system": "http://changehealthcare.com/interop/hdc/sender_id",
              "code": "93706192ba57436c8e3caf633758ee66"
            },
            {
              "system": "http://changehealthcare.com/interop/hdc/usageindicator",
              "code": "t"
            },
            {
              "system": "http://changehealthcare.com/interop/hdc/record_type",
              "code": "A"
            },
            {
              "system": "http://changehealthcare.com/interop/hdc/date_time_reported",
              "code": "2021-10-07 03:01:20"
            },
            {
              "system": "http://changehealthcare.com/interop/hdc/tdt_epoch",
              "code": "1635876957245"
            },
            {
              "system": "http://changehealthcare.com/interop/hdc/tdt_iteration",
              "code": "1"
            },
            {
              "system": "http://changehealthcare.com/interop/hdc/record_uuid",
              "code": "9e992b1a-455d-471f-a2af-9181e194877b"
            },
            {
              "system": "http://changehealthcare.com/interop/hdc/file_location",
              "code": "s3://enterprise-datalake-ingress-preprod-us-east-1/interoperability/valid/clinical"
            }
          ]
        },
        "identifier": [
          {
            "value": "c16ab4e1-11b7-461c-95c0-c86f6c705d16"
          }
        ],
        "status": "final",
        "code": {
          "coding": [
            {
              "system": "http://loinc.org",
              "code": "72166-2",
              "display": "Tobacco smoking status"
            }
          ]
        },
        "subject": {
          "reference": "Patient/9e992b1a-455d-471f-a2af-9181e194877b"
        },
        "issued": "2021-03-31T19:15:34.000Z",
        "valueCodeableConcept": {
          "coding": [
            {
              "code": "449868002",
              "display": "Smokes tobacco daily"
            }
          ]
        }
      },
      "search": {
        "mode": "match"
      }
    },
    {
      "resource": {
        "resourceType": "Observation",
        "id": "rDFc5XOTwQFFD-LieCTBgQBX8AXxjcynm7OjIBfv2g0",
        "meta": {
          "versionId": "4",
          "lastUpdated": "2021-11-02T20:22:51.064+00:00",
          "profile": [
            "http://hl7.org/fhir/us/core/StructureDefinition/us-core-smokingstatus"
          ],
          "tag": [
            {
              "system": "http://changehealthcare.com/interop/hdc/sender_id",
              "code": "93706192ba57436c8e3caf633758ee66"
            },
            {
              "system": "http://changehealthcare.com/interop/hdc/usageindicator",
              "code": "t"
            },
            {
              "system": "http://changehealthcare.com/interop/hdc/record_type",
              "code": "A"
            },
            {
              "system": "http://changehealthcare.com/interop/hdc/date_time_reported",
              "code": "2021-10-07 03:01:20"
            },
            {
              "system": "http://changehealthcare.com/interop/hdc/tdt_epoch",
              "code": "1635876957245"
            },
            {
              "system": "http://changehealthcare.com/interop/hdc/tdt_iteration",
              "code": "1"
            },
            {
              "system": "http://changehealthcare.com/interop/hdc/record_uuid",
              "code": "9e992b1a-455d-471f-a2af-9181e194877b"
            },
            {
              "system": "http://changehealthcare.com/interop/hdc/file_location",
              "code": "s3://enterprise-datalake-ingress-preprod-us-east-1/interoperability/valid/clinical"
            }
          ]
        },
        "identifier": [
          {
            "value": "f551cfcf-53af-482d-b04c-15897334ccb4"
          }
        ],
        "status": "final",
        "code": {
          "coding": [
            {
              "system": "http://loinc.org",
              "code": "72166-2",
              "display": "Tobacco smoking status"
            }
          ]
        },
        "subject": {
          "reference": "Patient/9e992b1a-455d-471f-a2af-9181e194877b"
        },
        "issued": "2021-03-31T19:25:34.000Z",
        "valueCodeableConcept": {
          "coding": [
            {
              "system": "http://snomed.info/sct",
              "code": "449868002",
              "display": "Smokes tobacco daily (finding)"
            }
          ]
        }
      },
      "search": {
        "mode": "match"
      }
    },
    {
      "resource": {
        "resourceType": "Observation",
        "id": "r7QPkFfFwGQKb.9EW3FO9TD0o7n95Zjou-yNPn6fwUo",
        "meta": {
          "versionId": "1",
          "lastUpdated": "2021-09-29T00:40:41.560+00:00",
          "profile": [
            "http://hl7.org/fhir/us/core/StructureDefinition/us-core-smokingstatus"
          ],
          "tag": [
            {
              "system": "http://changehealthcare.com/interop/hdc/sender_id",
              "code": "93706192ba57436c8e3caf633758ee66"
            },
            {
              "system": "http://changehealthcare.com/interop/hdc/usageindicator",
              "code": "t"
            },
            {
              "system": "http://changehealthcare.com/interop/hdc/record_type",
              "code": "A"
            },
            {
              "system": "http://changehealthcare.com/interop/hdc/date_time_reported",
              "code": "2020-09-26 21:16:12"
            },
            {
              "system": "http://changehealthcare.com/interop/hdc/tdt_epoch",
              "code": "1632865458891"
            },
            {
              "system": "http://changehealthcare.com/interop/hdc/tdt_iteration",
              "code": "1"
            },
            {
              "system": "http://changehealthcare.com/interop/hdc/record_uuid",
              "code": "12091318-4987-4c5c-86f4-a1f4c69e1613"
            },
            {
              "system": "http://changehealthcare.com/interop/hdc/file_location",
              "code": "s3://enterprise-datalake-ingress-preprod-us-east-1/interoperability_historical/valid/clinical"
            }
          ]
        },
        "identifier": [
          {
            "value": "21aa2272-fcf9-4793-b8eb-e7f87cb1ffec"
          }
        ],
        "status": "final",
        "code": {
          "coding": [
            {
              "system": "http://loinc.org",
              "code": "72166-2",
              "display": "Tobacco smoking status"
            }
          ]
        },
        "subject": {
          "reference": "Patient/12091318-4987-4c5c-86f4-a1f4c69e1613"
        },
        "issued": "2021-03-31T19:25:34.000Z",
        "valueCodeableConcept": {
          "coding": [
            {
              "system": "http://snomed.info/sct",
              "code": "449868002",
              "display": "Smokes tobacco daily (finding)"
            }
          ]
        }
      },
      "search": {
        "mode": "match"
      }
    },
    {
      "resource": {
        "resourceType": "Observation",
        "id": "VfOXNO.n55tZGvlif04xKx-gjeDnC2hIuqyjItIewNk",
        "meta": {
          "versionId": "1",
          "lastUpdated": "2021-09-29T00:40:41.591+00:00",
          "profile": [
            "http://hl7.org/fhir/us/core/StructureDefinition/us-core-smokingstatus"
          ],
          "tag": [
            {
              "system": "http://changehealthcare.com/interop/hdc/sender_id",
              "code": "93706192ba57436c8e3caf633758ee66"
            },
            {
              "system": "http://changehealthcare.com/interop/hdc/usageindicator",
              "code": "t"
            },
            {
              "system": "http://changehealthcare.com/interop/hdc/record_type",
              "code": "A"
            },
            {
              "system": "http://changehealthcare.com/interop/hdc/date_time_reported",
              "code": "2020-09-26 21:16:12"
            },
            {
              "system": "http://changehealthcare.com/interop/hdc/tdt_epoch",
              "code": "1632865458891"
            },
            {
              "system": "http://changehealthcare.com/interop/hdc/tdt_iteration",
              "code": "1"
            },
            {
              "system": "http://changehealthcare.com/interop/hdc/record_uuid",
              "code": "12091318-4987-4c5c-86f4-a1f4c69e1613"
            },
            {
              "system": "http://changehealthcare.com/interop/hdc/file_location",
              "code": "s3://enterprise-datalake-ingress-preprod-us-east-1/interoperability_historical/valid/clinical"
            }
          ]
        },
        "identifier": [
          {
            "value": "0f5fcc1c-7393-47d1-8ea2-f7e7e65ae5a6"
          }
        ],
        "status": "entered-in-error",
        "code": {
          "coding": [
            {
              "system": "http://loinc.org",
              "code": "72166-2",
              "display": "Tobacco smoking status"
            }
          ]
        },
        "subject": {
          "reference": "Patient/12091318-4987-4c5c-86f4-a1f4c69e1613"
        },
        "issued": "2021-03-31T19:15:34.000Z",
        "valueCodeableConcept": {
          "coding": [
            {
              "code": "428041000124106"
            }
          ]
        }
      },
      "search": {
        "mode": "match"
      }
    },
    {
      "resource": {
        "resourceType": "Observation",
        "id": "4HzWdYAx9Hjj3Ps7x-cryzIzU1w2yzC.wRHjNvdCQ1Y",
        "meta": {
          "versionId": "1",
          "lastUpdated": "2021-10-01T12:31:16.555+00:00",
          "profile": [
            "http://hl7.org/fhir/us/core/StructureDefinition/us-core-smokingstatus"
          ],
          "tag": [
            {
              "system": "http://changehealthcare.com/interop/hdc/sender_id",
              "code": "93706192ba57436c8e3caf633758ee66"
            },
            {
              "system": "http://changehealthcare.com/interop/hdc/usageindicator",
              "code": "t"
            },
            {
              "system": "http://changehealthcare.com/interop/hdc/record_type",
              "code": "A"
            },
            {
              "system": "http://changehealthcare.com/interop/hdc/date_time_reported",
              "code": "2021-09-22 23:16:12"
            },
            {
              "system": "http://changehealthcare.com/interop/hdc/tdt_epoch",
              "code": "1633082564673"
            },
            {
              "system": "http://changehealthcare.com/interop/hdc/tdt_iteration",
              "code": "1"
            },
            {
              "system": "http://changehealthcare.com/interop/hdc/record_uuid",
              "code": "e59494ea-375f-4b84-974e-d1ba70fae0fc"
            },
            {
              "system": "http://changehealthcare.com/interop/hdc/file_location",
              "code": "s3://enterprise-datalake-ingress-preprod-us-east-1/interoperability/valid/clinical"
            }
          ]
        },
        "identifier": [
          {
            "value": "9f5fcc1c-7393-47d1-8ea2-f7e7e65ae5a6"
          }
        ],
        "status": "entered-in-error",
        "code": {
          "coding": [
            {
              "system": "http://loinc.org",
              "code": "72166-2",
              "display": "Tobacco smoking status"
            }
          ]
        },
        "subject": {
          "reference": "Patient/e59494ea-375f-4b84-974e-d1ba70fae0fc"
        },
        "issued": "2021-03-31T19:15:34.000Z",
        "valueCodeableConcept": {
          "coding": [
            {
              "code": "428041000124106"
            }
          ]
        }
      },
      "search": {
        "mode": "match"
      }
    },
    {
      "resource": {
        "resourceType": "Observation",
        "id": "z06Sxmo.2RlyJ0WB-4.rmhzCz2J5XmOH867utsiXc2c",
        "meta": {
          "versionId": "1",
          "lastUpdated": "2021-10-01T12:31:16.770+00:00",
          "profile": [
            "http://hl7.org/fhir/us/core/StructureDefinition/us-core-smokingstatus"
          ],
          "tag": [
            {
              "system": "http://changehealthcare.com/interop/hdc/sender_id",
              "code": "93706192ba57436c8e3caf633758ee66"
            },
            {
              "system": "http://changehealthcare.com/interop/hdc/usageindicator",
              "code": "t"
            },
            {
              "system": "http://changehealthcare.com/interop/hdc/record_type",
              "code": "A"
            },
            {
              "system": "http://changehealthcare.com/interop/hdc/date_time_reported",
              "code": "2021-09-22 23:16:12"
            },
            {
              "system": "http://changehealthcare.com/interop/hdc/tdt_epoch",
              "code": "1633082564673"
            },
            {
              "system": "http://changehealthcare.com/interop/hdc/tdt_iteration",
              "code": "1"
            },
            {
              "system": "http://changehealthcare.com/interop/hdc/record_uuid",
              "code": "e59494ea-375f-4b84-974e-d1ba70fae0fc"
            },
            {
              "system": "http://changehealthcare.com/interop/hdc/file_location",
              "code": "s3://enterprise-datalake-ingress-preprod-us-east-1/interoperability/valid/clinical"
            }
          ]
        },
        "identifier": [
          {
            "value": "11aa2272-fcf9-4793-b8eb-e7f87cb1ffec"
          }
        ],
        "status": "final",
        "code": {
          "coding": [
            {
              "system": "http://loinc.org",
              "code": "72166-2",
              "display": "Tobacco smoking status"
            }
          ]
        },
        "subject": {
          "reference": "Patient/e59494ea-375f-4b84-974e-d1ba70fae0fc"
        },
        "issued": "2021-03-31T19:25:34.000Z",
        "valueCodeableConcept": {
          "coding": [
            {
              "system": "http://snomed.info/sct",
              "code": "449868002",
              "display": "Smokes tobacco daily (finding)"
            }
          ]
        }
      },
      "search": {
        "mode": "match"
      }
    }
  ]
}
