{
  "resourceType": "Bundle",
  "id": "4c729af5-18c5-4fbe-8704-000e8fae0330",
  "meta": {
    "lastUpdated": "2022-01-20T16:04:59.920+00:00"
  },
  "type": "searchset",
  "link": [
    {
      "relation": "self",
      "url": "/Procedure?_getpages=4c729af5-18c5-4fbe-8704-000e8fae0330&_getpagesoffset=2&_count=35&_pretty=true&_bundletype=searchset"
    },
    {
      "relation": "previous",
      "url": "/Procedure?_getpages=4c729af5-18c5-4fbe-8704-000e8fae0330&_getpagesoffset=1&_count=35&_pretty=true&_bundletype=searchset"
    },
    {
      "relation": "next",
      "url": "/Procedure?_getpages=fcd6c6f1-81c8-4c70-820a-edccf3a267d2&_getpagesoffset=3&_count=35&_pretty=true&_include=Procedure%3Asubject&_include=Procedure%3Amedication&_include=Encounter%3Arequester&_bundletype=searchset"
    }
  ],
  "entry": [
    {
      "resource": {
        "resourceType": "Procedure",
        "id": "qOEv3g1sed193jceXTKVnMjBYWBXOMkGONPyAzO-a0Q",
        "meta": {
          "versionId": "1",
          "lastUpdated": "2021-12-30T22:40:40.260+00:00",
          "profile": [
            "http://hl7.org/fhir/us/core/StructureDefinition/us-core-procedure"
          ],
          "tag": [
            {
              "system": "http://changehealthcare.com/interop/hdc/sender_id",
              "code": "25a84116b4ba448097ea8d8c4ffaae11"
            },
            {
              "system": "http://changehealthcare.com/interop/hdc/usageindicator",
              "code": "t"
            },
            {
              "system": "http://changehealthcare.com/interop/hdc/record_type",
              "code": "A"
            },
            {
              "system": "http://changehealthcare.com/interop/hdc/date_time_reported",
              "code": "2021-12-29 00:50:06"
            },
            {
              "system": "http://changehealthcare.com/interop/hdc/tdt_epoch",
              "code": "1640901682193"
            },
            {
              "system": "http://changehealthcare.com/interop/hdc/tdt_iteration",
              "code": "1"
            },
            {
              "system": "http://changehealthcare.com/interop/hdc/record_uuid",
              "code": "0a191652-1f9f-49c6-b83b-fc4a64e86714"
            },
            {
              "system": "http://changehealthcare.com/interop/hdc/file_location",
              "code": "s3://enterprise-datalake-ingress-qatemp-us-east-1/interoperability/valid/clinical"
            }
          ]
        },
        "identifier": [
          {
            "value": "MP_CLINICALS_GAIA_PROC_001"
          }
        ],
        "status": "completed",
        "code": {
          "coding": [
            {
              "system": "http://snomed.info/sct",
              "code": "23426006",
              "display": "Measurement of respiratory function (procedure)"
            }
          ]
        },
        "subject": {
          "reference": "Patient/0a191652-1f9f-49c6-b83b-fc4a64e86714"
        },
        "performedDateTime": "2017-10-28T13:47:39Z"
      },
      "search": {
        "mode": "match"
      }
    },
    {
      "resource": {
        "resourceType": "Procedure",
        "id": "NIHUrQ96YmPJOuOkg-JYiI5ZSPG4zNig5CCpYowxvXA",
        "meta": {
          "versionId": "1",
          "lastUpdated": "2021-12-30T22:40:40.333+00:00",
          "profile": [
            "http://hl7.org/fhir/us/core/StructureDefinition/us-core-procedure"
          ],
          "tag": [
            {
              "system": "http://changehealthcare.com/interop/hdc/sender_id",
              "code": "25a84116b4ba448097ea8d8c4ffaae11"
            },
            {
              "system": "http://changehealthcare.com/interop/hdc/usageindicator",
              "code": "t"
            },
            {
              "system": "http://changehealthcare.com/interop/hdc/record_type",
              "code": "A"
            },
            {
              "system": "http://changehealthcare.com/interop/hdc/date_time_reported",
              "code": "2021-12-29 00:50:06"
            },
            {
              "system": "http://changehealthcare.com/interop/hdc/tdt_epoch",
              "code": "1640901682193"
            },
            {
              "system": "http://changehealthcare.com/interop/hdc/tdt_iteration",
              "code": "1"
            },
            {
              "system": "http://changehealthcare.com/interop/hdc/record_uuid",
              "code": "0a191652-1f9f-49c6-b83b-fc4a64e86714"
            },
            {
              "system": "http://changehealthcare.com/interop/hdc/file_location",
              "code": "s3://enterprise-datalake-ingress-qatemp-us-east-1/interoperability/valid/clinical"
            }
          ]
        },
        "identifier": [
          {
            "value": "MP_CLINICALS_GAIA_PROC_002"
          }
        ],
        "status": "completed",
        "code": {
          "coding": [
            {
              "system": "http://snomed.info/sct",
              "code": "60027007",
              "display": "Radiography of wrist (procedure)"
            }
          ]
        },
        "subject": {
          "reference": "Patient/0a191652-1f9f-49c6-b83b-fc4a64e86714"
        },
        "performedDateTime": "2017-11-01T13:54:39Z"
      },
      "search": {
        "mode": "match"
      }
    },
    {
      "resource": {
        "resourceType": "Procedure",
        "id": "PtW4TPluUxOE9mKr2nzqlxAM09ld1ilS6Emzcbun01s",
        "meta": {
          "versionId": "1",
          "lastUpdated": "2021-09-17T11:50:28.793+00:00",
          "profile": [
            "http://hl7.org/fhir/us/core/StructureDefinition/us-core-procedure"
          ],
          "tag": [
            {
              "system": "http://changehealthcare.com/interop/hdc/sender_id",
              "code": "93706192ba57436c8e3caf633758ee66"
            },
            {
              "system": "http://changehealthcare.com/interop/hdc/usageindicator",
              "code": "t"
            },
            {
              "system": "http://changehealthcare.com/interop/hdc/record_type",
              "code": "A"
            },
            {
              "system": "http://changehealthcare.com/interop/hdc/date_time_reported",
              "code": "2021-08-26 00:01:10"
            },
            {
              "system": "http://changehealthcare.com/interop/hdc/tdt_epoch",
              "code": "1630369762286"
            },
            {
              "system": "http://changehealthcare.com/interop/hdc/tdt_iteration",
              "code": "1"
            },
            {
              "system": "http://changehealthcare.com/interop/hdc/record_uuid",
              "code": "bc64bb29-151a-467d-90ed-bbbff048782c"
            },
            {
              "system": "http://changehealthcare.com/interop/hdc/file_location",
              "code": "s3://enterprise-datalake-ingress-preprod-us-east-1/interoperability/valid/clinical"
            }
          ]
        },
        "identifier": [
          {
            "value": "9e5f5b61-508f-45bc-9a6d-0ac1eae97844"
          }
        ],
        "status": "completed",
        "code": {
          "coding": [
            {
              "system": "http://snomed.info/sct",
              "code": "430193006",
              "display": "Medication reconciliation (procedure)"
            }
          ]
        },
        "subject": {
          "reference": "Patient/bc64bb29-151a-467d-90ed-bbbff048782c"
        },
        "performedDateTime": "2018-01-15T13:43:39Z"
      },
      "search": {
        "mode": "match"
      }
    },
    {
      "resource": {
        "resourceType": "Procedure",
        "id": "ZLpWN8X5BVXmuMvkqNxTM-ZMqTjlpllelS0lnyUVtuY",
        "meta": {
          "versionId": "1",
          "lastUpdated": "2021-09-17T11:50:28.852+00:00",
          "profile": [
            "http://hl7.org/fhir/us/core/StructureDefinition/us-core-procedure"
          ],
          "tag": [
            {
              "system": "http://changehealthcare.com/interop/hdc/sender_id",
              "code": "93706192ba57436c8e3caf633758ee66"
            },
            {
              "system": "http://changehealthcare.com/interop/hdc/usageindicator",
              "code": "t"
            },
            {
              "system": "http://changehealthcare.com/interop/hdc/record_type",
              "code": "A"
            },
            {
              "system": "http://changehealthcare.com/interop/hdc/date_time_reported",
              "code": "2021-08-26 00:01:10"
            },
            {
              "system": "http://changehealthcare.com/interop/hdc/tdt_epoch",
              "code": "1630369762286"
            },
            {
              "system": "http://changehealthcare.com/interop/hdc/tdt_iteration",
              "code": "1"
            },
            {
              "system": "http://changehealthcare.com/interop/hdc/record_uuid",
              "code": "bc64bb29-151a-467d-90ed-bbbff048782c"
            },
            {
              "system": "http://changehealthcare.com/interop/hdc/file_location",
              "code": "s3://enterprise-datalake-ingress-preprod-us-east-1/interoperability/valid/clinical"
            }
          ]
        },
        "identifier": [
          {
            "value": "87e360a9-f0b0-45ca-a6b2-c9272c5d7de8"
          }
        ],
        "status": "completed",
        "code": {
          "coding": [
            {
              "system": "http://snomed.info/sct",
              "code": "430193006",
              "display": "Medication reconciliation (procedure)"
            }
          ]
        },
        "subject": {
          "reference": "Patient/bc64bb29-151a-467d-90ed-bbbff048782c"
        },
        "performedDateTime": "2020-01-27T13:43:39Z"
      },
      "search": {
        "mode": "match"
      }
    },
    {
      "resource": {
        "resourceType": "Procedure",
        "id": "71B8cvH7AshTYzZoHvZC3VrBJ-j8yuAtJtSxLxJ3AFg",
        "meta": {
          "versionId": "1",
          "lastUpdated": "2021-09-17T11:50:29.245+00:00",
          "profile": [
            "http://hl7.org/fhir/us/core/StructureDefinition/us-core-procedure"
          ],
          "tag": [
            {
              "system": "http://changehealthcare.com/interop/hdc/sender_id",
              "code": "93706192ba57436c8e3caf633758ee66"
            },
            {
              "system": "http://changehealthcare.com/interop/hdc/usageindicator",
              "code": "t"
            },
            {
              "system": "http://changehealthcare.com/interop/hdc/record_type",
              "code": "A"
            },
            {
              "system": "http://changehealthcare.com/interop/hdc/date_time_reported",
              "code": "2021-08-26 00:01:10"
            },
            {
              "system": "http://changehealthcare.com/interop/hdc/tdt_epoch",
              "code": "1630369762286"
            },
            {
              "system": "http://changehealthcare.com/interop/hdc/tdt_iteration",
              "code": "1"
            },
            {
              "system": "http://changehealthcare.com/interop/hdc/record_uuid",
              "code": "bc64bb29-151a-467d-90ed-bbbff048782c"
            },
            {
              "system": "http://changehealthcare.com/interop/hdc/file_location",
              "code": "s3://enterprise-datalake-ingress-preprod-us-east-1/interoperability/valid/clinical"
            }
          ]
        },
        "identifier": [
          {
            "value": "8038c427-75c8-4f30-9ea6-fc2b677ae13c"
          }
        ],
        "status": "completed",
        "code": {
          "coding": [
            {
              "system": "http://snomed.info/sct",
              "code": "312681000",
              "display": "Bone density scan (procedure)"
            }
          ]
        },
        "subject": {
          "reference": "Patient/bc64bb29-151a-467d-90ed-bbbff048782c"
        },
        "performedDateTime": "2017-11-01T14:26:39Z"
      },
      "search": {
        "mode": "match"
      }
    },
    {
      "resource": {
        "resourceType": "Procedure",
        "id": "Csgm.lp-frGSdHhB8YUEvK9BKEmjYesIy30PJ0DGkQE",
        "meta": {
          "versionId": "1",
          "lastUpdated": "2021-09-17T11:50:29.324+00:00",
          "profile": [
            "http://hl7.org/fhir/us/core/StructureDefinition/us-core-procedure"
          ],
          "tag": [
            {
              "system": "http://changehealthcare.com/interop/hdc/sender_id",
              "code": "93706192ba57436c8e3caf633758ee66"
            },
            {
              "system": "http://changehealthcare.com/interop/hdc/usageindicator",
              "code": "t"
            },
            {
              "system": "http://changehealthcare.com/interop/hdc/record_type",
              "code": "A"
            },
            {
              "system": "http://changehealthcare.com/interop/hdc/date_time_reported",
              "code": "2021-08-26 00:01:10"
            },
            {
              "system": "http://changehealthcare.com/interop/hdc/tdt_epoch",
              "code": "1630369762286"
            },
            {
              "system": "http://changehealthcare.com/interop/hdc/tdt_iteration",
              "code": "1"
            },
            {
              "system": "http://changehealthcare.com/interop/hdc/record_uuid",
              "code": "bc64bb29-151a-467d-90ed-bbbff048782c"
            },
            {
              "system": "http://changehealthcare.com/interop/hdc/file_location",
              "code": "s3://enterprise-datalake-ingress-preprod-us-east-1/interoperability/valid/clinical"
            }
          ]
        },
        "identifier": [
          {
            "value": "98a402ad-c345-48cd-b018-6d526593e826"
          }
        ],
        "status": "completed",
        "code": {
          "coding": [
            {
              "system": "http://snomed.info/sct",
              "code": "23426006",
              "display": "Measurement of respiratory function (procedure)"
            }
          ]
        },
        "subject": {
          "reference": "Patient/bc64bb29-151a-467d-90ed-bbbff048782c"
        },
        "performedDateTime": "2017-10-28T13:47:39Z"
      },
      "search": {
        "mode": "match"
      }
    },
    {
      "resource": {
        "resourceType": "Procedure",
        "id": "ab4nkLPL2Wk-z-RHY470e9dS2QdZQ7v8.w8s-DKxp9M",
        "meta": {
          "versionId": "1",
          "lastUpdated": "2021-09-17T11:50:29.420+00:00",
          "profile": [
            "http://hl7.org/fhir/us/core/StructureDefinition/us-core-procedure"
          ],
          "tag": [
            {
              "system": "http://changehealthcare.com/interop/hdc/sender_id",
              "code": "93706192ba57436c8e3caf633758ee66"
            },
            {
              "system": "http://changehealthcare.com/interop/hdc/usageindicator",
              "code": "t"
            },
            {
              "system": "http://changehealthcare.com/interop/hdc/record_type",
              "code": "A"
            },
            {
              "system": "http://changehealthcare.com/interop/hdc/date_time_reported",
              "code": "2021-08-26 00:01:10"
            },
            {
              "system": "http://changehealthcare.com/interop/hdc/tdt_epoch",
              "code": "1630369762286"
            },
            {
              "system": "http://changehealthcare.com/interop/hdc/tdt_iteration",
              "code": "1"
            },
            {
              "system": "http://changehealthcare.com/interop/hdc/record_uuid",
              "code": "bc64bb29-151a-467d-90ed-bbbff048782c"
            },
            {
              "system": "http://changehealthcare.com/interop/hdc/file_location",
              "code": "s3://enterprise-datalake-ingress-preprod-us-east-1/interoperability/valid/clinical"
            }
          ]
        },
        "identifier": [
          {
            "value": "01cf9da1-8231-4136-969b-87c24ffa7ba1"
          }
        ],
        "status": "completed",
        "code": {
          "coding": [
            {
              "system": "http://snomed.info/sct",
              "code": "274474001",
              "display": "Bone immobilization (procedure)"
            }
          ]
        },
        "subject": {
          "reference": "Patient/bc64bb29-151a-467d-90ed-bbbff048782c"
        },
        "performedDateTime": "2017-11-01T13:54:39Z"
      },
      "search": {
        "mode": "match"
      }
    },
    {
      "resource": {
        "resourceType": "Procedure",
        "id": "LCkonr2JlLCwoz63fOzDOSvmcUbQC11swwZv5cfSsRI",
        "meta": {
          "versionId": "1",
          "lastUpdated": "2021-09-17T11:50:29.635+00:00",
          "profile": [
            "http://hl7.org/fhir/us/core/StructureDefinition/us-core-procedure"
          ],
          "tag": [
            {
              "system": "http://changehealthcare.com/interop/hdc/sender_id",
              "code": "93706192ba57436c8e3caf633758ee66"
            },
            {
              "system": "http://changehealthcare.com/interop/hdc/usageindicator",
              "code": "t"
            },
            {
              "system": "http://changehealthcare.com/interop/hdc/record_type",
              "code": "A"
            },
            {
              "system": "http://changehealthcare.com/interop/hdc/date_time_reported",
              "code": "2021-08-26 00:01:10"
            },
            {
              "system": "http://changehealthcare.com/interop/hdc/tdt_epoch",
              "code": "1630369762286"
            },
            {
              "system": "http://changehealthcare.com/interop/hdc/tdt_iteration",
              "code": "1"
            },
            {
              "system": "http://changehealthcare.com/interop/hdc/record_uuid",
              "code": "31900355-26ad-4b7a-8705-90fbaccf8fc3"
            },
            {
              "system": "http://changehealthcare.com/interop/hdc/file_location",
              "code": "s3://enterprise-datalake-ingress-preprod-us-east-1/interoperability/valid/clinical"
            }
          ]
        },
        "identifier": [
          {
            "value": "4e2a36a1-1d47-4ad4-bfaf-84f6561fb712"
          }
        ],
        "status": "completed",
        "code": {
          "coding": [
            {
              "system": "http://snomed.info/sct",
              "code": "312681000",
              "display": "Bone density scan (procedure)"
            }
          ]
        },
        "subject": {
          "reference": "Patient/31900355-26ad-4b7a-8705-90fbaccf8fc3"
        },
        "performedDateTime": "2017-11-01T14:26:39Z"
      },
      "search": {
        "mode": "match"
      }
    },
    {
      "resource": {
        "resourceType": "Procedure",
        "id": "VsMadE4fcWSAxeMYsG153YB3ptZhFB-.ZihwbguF3yY",
        "meta": {
          "versionId": "2",
          "lastUpdated": "2021-09-17T11:50:36.948+00:00",
          "profile": [
            "http://hl7.org/fhir/us/core/StructureDefinition/us-core-procedure"
          ],
          "tag": [
            {
              "system": "http://changehealthcare.com/interop/hdc/sender_id",
              "code": "93706192ba57436c8e3caf633758ee66"
            },
            {
              "system": "http://changehealthcare.com/interop/hdc/usageindicator",
              "code": "t"
            },
            {
              "system": "http://changehealthcare.com/interop/hdc/record_type",
              "code": "A"
            },
            {
              "system": "http://changehealthcare.com/interop/hdc/date_time_reported",
              "code": "2021-08-26 00:01:10"
            },
            {
              "system": "http://changehealthcare.com/interop/hdc/tdt_epoch",
              "code": "1630369762286"
            },
            {
              "system": "http://changehealthcare.com/interop/hdc/tdt_iteration",
              "code": "1"
            },
            {
              "system": "http://changehealthcare.com/interop/hdc/record_uuid",
              "code": "31900355-26ad-4b7a-8705-90fbaccf8fc3"
            },
            {
              "system": "http://changehealthcare.com/interop/hdc/file_location",
              "code": "s3://enterprise-datalake-ingress-preprod-us-east-1/interoperability/valid/clinical"
            }
          ]
        },
        "identifier": [
          {
            "value": "32af894f-613a-4da2-850d-3cd982ae453f"
          }
        ],
        "status": "completed",
        "code": {
          "coding": [
            {
              "system": "http://snomed.info/sct",
              "display": "Medication reconciliation (procedure)"
            }
          ]
        },
        "subject": {
          "reference": "Patient/31900355-26ad-4b7a-8705-90fbaccf8fc3"
        },
        "performedDateTime": "2020-01-27T13:43:39Z"
      },
      "search": {
        "mode": "match"
      }
    },
    {
      "resource": {
        "resourceType": "Procedure",
        "id": "U-UUgw7WC4wsRWgpf51TrBJRjttxveuKo6Nzp0pAWyI",
        "meta": {
          "versionId": "1",
          "lastUpdated": "2021-09-17T11:50:30.385+00:00",
          "profile": [
            "http://hl7.org/fhir/us/core/StructureDefinition/us-core-procedure"
          ],
          "tag": [
            {
              "system": "http://changehealthcare.com/interop/hdc/sender_id",
              "code": "25a84116b4ba448097ea8d8c4ffaae11"
            },
            {
              "system": "http://changehealthcare.com/interop/hdc/usageindicator",
              "code": "t"
            },
            {
              "system": "http://changehealthcare.com/interop/hdc/record_type",
              "code": "A"
            },
            {
              "system": "http://changehealthcare.com/interop/hdc/date_time_reported",
              "code": "2021-07-20 00:00:00"
            },
            {
              "system": "http://changehealthcare.com/interop/hdc/tdt_epoch",
              "code": "1627345661167"
            },
            {
              "system": "http://changehealthcare.com/interop/hdc/tdt_iteration",
              "code": "1"
            },
            {
              "system": "http://changehealthcare.com/interop/hdc/record_uuid",
              "code": "c7932bfb-6a65-4027-a9aa-2dc18d3171bc"
            },
            {
              "system": "http://changehealthcare.com/interop/hdc/file_location",
              "code": "s3://enterprise-datalake-ingress-preprod-us-east-1/interoperability/valid/clinical"
            }
          ]
        },
        "identifier": [
          {
            "value": "XXX1000000001102101020000002"
          }
        ],
        "status": "completed",
        "code": {
          "coding": [
            {
              "system": "http://www.ama-assn.org/go/cpt",
              "code": "36415",
              "display": "Insertion of needle into vein for collection of blood sample"
            }
          ]
        },
        "subject": {
          "reference": "Patient/c7932bfb-6a65-4027-a9aa-2dc18d3171bc"
        },
        "performedDateTime": "2021-04-03T00:00:00"
      },
      "search": {
        "mode": "match"
      }
    },


    {
      "resource": {
        "resourceType": "Procedure",
        "id": "Gqmo2ugJJPwxiHUwVMBcEmOvr2jSH2evFW66j0aYR64",
        "meta": {
          "versionId": "1",
          "lastUpdated": "2021-12-30T22:40:40.385+00:00",
          "profile": [
            "http://hl7.org/fhir/us/core/StructureDefinition/us-core-procedure"
          ],
          "tag": [
            {
              "system": "http://changehealthcare.com/interop/hdc/sender_id",
              "code": "25a84116b4ba448097ea8d8c4ffaae11"
            },
            {
              "system": "http://changehealthcare.com/interop/hdc/usageindicator",
              "code": "t"
            },
            {
              "system": "http://changehealthcare.com/interop/hdc/record_type",
              "code": "A"
            },
            {
              "system": "http://changehealthcare.com/interop/hdc/date_time_reported",
              "code": "2021-12-29 00:50:06"
            },
            {
              "system": "http://changehealthcare.com/interop/hdc/tdt_epoch",
              "code": "1640901682193"
            },
            {
              "system": "http://changehealthcare.com/interop/hdc/tdt_iteration",
              "code": "1"
            },
            {
              "system": "http://changehealthcare.com/interop/hdc/record_uuid",
              "code": "0a191652-1f9f-49c6-b83b-fc4a64e86714"
            },
            {
              "system": "http://changehealthcare.com/interop/hdc/file_location",
              "code": "s3://enterprise-datalake-ingress-qatemp-us-east-1/interoperability/valid/clinical"
            }
          ]
        },
        "identifier": [
          {
            "value": "MP_CLINICALS_GAIA_PROC_003"
          }
        ],
        "status": "completed",
        "code": {
          "coding": [
            {
              "system": "http://snomed.info/sct",
              "code": "274474001",
              "display": "Bone immobilization (procedure)"
            }
          ]
        },
        "subject": {
          "reference": "Patient/0a191652-1f9f-49c6-b83b-fc4a64e86714"
        },
        "performedDateTime": "2017-11-01T13:54:39Z"
      },
      "search": {
        "mode": "match"
      }
    },
    {
      "resource": {
        "resourceType": "Procedure",
        "id": "kdgoZuyLSWHDjQu0WlZfQcrzlRiHKCxE21L5bK-1Org",
        "meta": {
          "versionId": "1",
          "lastUpdated": "2021-09-17T11:50:31.588+00:00",
          "profile": [
            "http://hl7.org/fhir/us/core/StructureDefinition/us-core-procedure"
          ],
          "tag": [
            {
              "system": "http://changehealthcare.com/interop/hdc/sender_id",
              "code": "740b8dd63c504e7fbb1559f1d951d63d"
            },
            {
              "system": "http://changehealthcare.com/interop/hdc/usageindicator",
              "code": "t"
            },
            {
              "system": "http://changehealthcare.com/interop/hdc/record_type",
              "code": "A"
            },
            {
              "system": "http://changehealthcare.com/interop/hdc/date_time_reported",
              "code": "2021-04-26 00:00:00"
            },
            {
              "system": "http://changehealthcare.com/interop/hdc/tdt_epoch",
              "code": "1627345661167"
            },
            {
              "system": "http://changehealthcare.com/interop/hdc/tdt_iteration",
              "code": "1"
            },
            {
              "system": "http://changehealthcare.com/interop/hdc/record_uuid",
              "code": "13b5e91a-79f0-4266-ae9b-1155e207f039"
            },
            {
              "system": "http://changehealthcare.com/interop/hdc/file_location",
              "code": "s3://enterprise-datalake-ingress-preprod-us-east-1/interoperability/valid/clinical"
            }
          ]
        },
        "identifier": [
          {
            "value": "01cf9da1-8231-4136-969b-87c24ffa7ba1"
          }
        ],
        "status": "completed",
        "code": {
          "coding": [
            {
              "system": "http://snomed.info/sct",
              "code": "274474001",
              "display": "Bone immobilization (procedure)"
            }
          ]
        },
        "subject": {
          "reference": "Patient/13b5e91a-79f0-4266-ae9b-1155e207f039"
        },
        "performedDateTime": "2017-11-01T13:54:39Z"
      },
      "search": {
        "mode": "match"
      }
    },
    {
      "resource": {
        "resourceType": "Procedure",
        "id": "NFYmCQrupb0xizrGMuM8jIFz6VIHEHr74hKTGdPrwMo",
        "meta": {
          "versionId": "1",
          "lastUpdated": "2021-09-17T11:50:32.158+00:00",
          "profile": [
            "http://hl7.org/fhir/us/core/StructureDefinition/us-core-procedure"
          ],
          "tag": [
            {
              "system": "http://changehealthcare.com/interop/hdc/sender_id",
              "code": "93706192ba57436c8e3caf633758ee66"
            },
            {
              "system": "http://changehealthcare.com/interop/hdc/usageindicator",
              "code": "t"
            },
            {
              "system": "http://changehealthcare.com/interop/hdc/record_type",
              "code": "A"
            },
            {
              "system": "http://changehealthcare.com/interop/hdc/date_time_reported",
              "code": "2021-08-26 00:01:10"
            },
            {
              "system": "http://changehealthcare.com/interop/hdc/tdt_epoch",
              "code": "1630369762286"
            },
            {
              "system": "http://changehealthcare.com/interop/hdc/tdt_iteration",
              "code": "1"
            },
            {
              "system": "http://changehealthcare.com/interop/hdc/record_uuid",
              "code": "31900355-26ad-4b7a-8705-90fbaccf8fc3"
            },
            {
              "system": "http://changehealthcare.com/interop/hdc/file_location",
              "code": "s3://enterprise-datalake-ingress-preprod-us-east-1/interoperability/valid/clinical"
            }
          ]
        },
        "identifier": [
          {
            "value": "e6a69507-575a-498c-98ba-e96fcad266bf"
          }
        ],
        "status": "completed",
        "code": {
          "coding": [
            {
              "system": "http://snomed.info/sct",
              "code": "274474001",
              "display": "Bone immobilization (procedure)"
            }
          ]
        },
        "subject": {
          "reference": "Patient/31900355-26ad-4b7a-8705-90fbaccf8fc3"
        },
        "performedDateTime": "2017-11-01T13:54:39Z"
      },
      "search": {
        "mode": "match"
      }
    },
    {
      "resource": {
        "resourceType": "Procedure",
        "id": "iZWG40nIgRFvYsKcKfLEUvCLv.h5548xiktq7nPO4-c",
        "meta": {
          "versionId": "1",
          "lastUpdated": "2021-09-17T11:50:32.275+00:00",
          "profile": [
            "http://hl7.org/fhir/us/core/StructureDefinition/us-core-procedure"
          ],
          "tag": [
            {
              "system": "http://changehealthcare.com/interop/hdc/sender_id",
              "code": "740b8dd63c504e7fbb1559f1d951d63d"
            },
            {
              "system": "http://changehealthcare.com/interop/hdc/usageindicator",
              "code": "t"
            },
            {
              "system": "http://changehealthcare.com/interop/hdc/record_type",
              "code": "A"
            },
            {
              "system": "http://changehealthcare.com/interop/hdc/date_time_reported",
              "code": "2021-04-26 00:00:00"
            },
            {
              "system": "http://changehealthcare.com/interop/hdc/tdt_epoch",
              "code": "1627345661167"
            },
            {
              "system": "http://changehealthcare.com/interop/hdc/tdt_iteration",
              "code": "1"
            },
            {
              "system": "http://changehealthcare.com/interop/hdc/record_uuid",
              "code": "13b5e91a-79f0-4266-ae9b-1155e207f039"
            },
            {
              "system": "http://changehealthcare.com/interop/hdc/file_location",
              "code": "s3://enterprise-datalake-ingress-preprod-us-east-1/interoperability/valid/clinical"
            }
          ]
        },
        "identifier": [
          {
            "value": "56c45473-c7b2-4046-8e5d-f260ecaa8bf0"
          }
        ],
        "status": "completed",
        "code": {
          "coding": [
            {
              "system": "http://snomed.info/sct",
              "code": "430193006",
              "display": "Medication reconciliation (procedure)"
            }
          ]
        },
        "subject": {
          "reference": "Patient/13b5e91a-79f0-4266-ae9b-1155e207f039"
        },
        "performedDateTime": "2019-01-21T13:43:39Z"
      },
      "search": {
        "mode": "match"
      }
    },
    {
      "resource": {
        "resourceType": "Procedure",
        "id": "3ptI2PFo2RrWmIjzDgNUA1TkrndqigqJoqNUY89Npss",
        "meta": {
          "versionId": "1",
          "lastUpdated": "2021-09-17T11:50:32.361+00:00",
          "profile": [
            "http://hl7.org/fhir/us/core/StructureDefinition/us-core-procedure"
          ],
          "tag": [
            {
              "system": "http://changehealthcare.com/interop/hdc/sender_id",
              "code": "93706192ba57436c8e3caf633758ee66"
            },
            {
              "system": "http://changehealthcare.com/interop/hdc/usageindicator",
              "code": "t"
            },
            {
              "system": "http://changehealthcare.com/interop/hdc/record_type",
              "code": "A"
            },
            {
              "system": "http://changehealthcare.com/interop/hdc/date_time_reported",
              "code": "2021-08-26 00:01:10"
            },
            {
              "system": "http://changehealthcare.com/interop/hdc/tdt_epoch",
              "code": "1630369762286"
            },
            {
              "system": "http://changehealthcare.com/interop/hdc/tdt_iteration",
              "code": "1"
            },
            {
              "system": "http://changehealthcare.com/interop/hdc/record_uuid",
              "code": "bc64bb29-151a-467d-90ed-bbbff048782c"
            },
            {
              "system": "http://changehealthcare.com/interop/hdc/file_location",
              "code": "s3://enterprise-datalake-ingress-preprod-us-east-1/interoperability/valid/clinical"
            }
          ]
        },
        "identifier": [
          {
            "value": "56c45473-c7b2-4046-8e5d-f260ecaa8bf0"
          }
        ],
        "status": "completed",
        "code": {
          "coding": [
            {
              "system": "http://snomed.info/sct",
              "code": "430193006",
              "display": "Medication reconciliation (procedure)"
            }
          ]
        },
        "subject": {
          "reference": "Patient/bc64bb29-151a-467d-90ed-bbbff048782c"
        },
        "performedDateTime": "2019-01-21T13:43:39Z"
      },
      "search": {
        "mode": "match"
      }
    },
    {
      "resource": {
        "resourceType": "Procedure",
        "id": "mCY3hzlGp6BptiAes89ZqY89gKwdflq9dJbn1r8Om4o",
        "meta": {
          "versionId": "1",
          "lastUpdated": "2021-09-17T11:50:32.378+00:00",
          "profile": [
            "http://hl7.org/fhir/us/core/StructureDefinition/us-core-procedure"
          ],
          "tag": [
            {
              "system": "http://changehealthcare.com/interop/hdc/sender_id",
              "code": "740b8dd63c504e7fbb1559f1d951d63d"
            },
            {
              "system": "http://changehealthcare.com/interop/hdc/usageindicator",
              "code": "t"
            },
            {
              "system": "http://changehealthcare.com/interop/hdc/record_type",
              "code": "A"
            },
            {
              "system": "http://changehealthcare.com/interop/hdc/date_time_reported",
              "code": "2021-04-26 00:00:00"
            },
            {
              "system": "http://changehealthcare.com/interop/hdc/tdt_epoch",
              "code": "1627345661167"
            },
            {
              "system": "http://changehealthcare.com/interop/hdc/tdt_iteration",
              "code": "1"
            },
            {
              "system": "http://changehealthcare.com/interop/hdc/record_uuid",
              "code": "244474e6-0ab7-4d0b-b0e3-db18fc888915"
            },
            {
              "system": "http://changehealthcare.com/interop/hdc/file_location",
              "code": "s3://enterprise-datalake-ingress-preprod-us-east-1/interoperability/valid/clinical"
            }
          ]
        },
        "identifier": [
          {
            "value": "4e2a36a1-1d47-4ad4-bfaf-84f6561fb712"
          }
        ],
        "status": "completed",
        "code": {
          "coding": [
            {
              "system": "http://snomed.info/sct",
              "code": "312681000",
              "display": "Bone density scan (procedure)"
            }
          ]
        },
        "subject": {
          "reference": "Patient/244474e6-0ab7-4d0b-b0e3-db18fc888915"
        },
        "performedDateTime": "2017-11-01T14:26:39Z"
      },
      "search": {
        "mode": "match"
      }
    },
    {
      "resource": {
        "resourceType": "Procedure",
        "id": "7fDu-h.mGOLclzVmJxmfKzanj5gZBzB4j-ZKKv8IvOw",
        "meta": {
          "versionId": "1",
          "lastUpdated": "2021-09-17T11:50:32.468+00:00",
          "profile": [
            "http://hl7.org/fhir/us/core/StructureDefinition/us-core-procedure"
          ],
          "tag": [
            {
              "system": "http://changehealthcare.com/interop/hdc/sender_id",
              "code": "93706192ba57436c8e3caf633758ee66"
            },
            {
              "system": "http://changehealthcare.com/interop/hdc/usageindicator",
              "code": "t"
            },
            {
              "system": "http://changehealthcare.com/interop/hdc/record_type",
              "code": "A"
            },
            {
              "system": "http://changehealthcare.com/interop/hdc/date_time_reported",
              "code": "2021-08-26 00:01:10"
            },
            {
              "system": "http://changehealthcare.com/interop/hdc/tdt_epoch",
              "code": "1630369762286"
            },
            {
              "system": "http://changehealthcare.com/interop/hdc/tdt_iteration",
              "code": "1"
            },
            {
              "system": "http://changehealthcare.com/interop/hdc/record_uuid",
              "code": "31900355-26ad-4b7a-8705-90fbaccf8fc3"
            },
            {
              "system": "http://changehealthcare.com/interop/hdc/file_location",
              "code": "s3://enterprise-datalake-ingress-preprod-us-east-1/interoperability/valid/clinical"
            }
          ]
        },
        "identifier": [
          {
            "value": "3cdd134f-1e59-43b9-9cc4-30f6ba298624"
          }
        ],
        "status": "completed",
        "code": {
          "coding": [
            {
              "system": "http://snomed.info/sct",
              "code": "60027007",
              "display": "Radiography of wrist (procedure)"
            }
          ]
        },
        "subject": {
          "reference": "Patient/31900355-26ad-4b7a-8705-90fbaccf8fc3"
        },
        "performedDateTime": "2017-11-01T13:54:39Z"
      },
      "search": {
        "mode": "match"
      }
    },
    {
      "resource": {
        "resourceType": "Procedure",
        "id": "n7pxljFp4WfSfavoOsGXQRsuHg4MGwf4hkA82veA46E",
        "meta": {
          "versionId": "2",
          "lastUpdated": "2021-09-17T11:50:37.027+00:00",
          "profile": [
            "http://hl7.org/fhir/us/core/StructureDefinition/us-core-procedure"
          ],
          "tag": [
            {
              "system": "http://changehealthcare.com/interop/hdc/sender_id",
              "code": "93706192ba57436c8e3caf633758ee66"
            },
            {
              "system": "http://changehealthcare.com/interop/hdc/usageindicator",
              "code": "t"
            },
            {
              "system": "http://changehealthcare.com/interop/hdc/record_type",
              "code": "A"
            },
            {
              "system": "http://changehealthcare.com/interop/hdc/date_time_reported",
              "code": "2021-08-26 00:01:10"
            },
            {
              "system": "http://changehealthcare.com/interop/hdc/tdt_epoch",
              "code": "1630369762286"
            },
            {
              "system": "http://changehealthcare.com/interop/hdc/tdt_iteration",
              "code": "1"
            },
            {
              "system": "http://changehealthcare.com/interop/hdc/record_uuid",
              "code": "bc64bb29-151a-467d-90ed-bbbff048782c"
            },
            {
              "system": "http://changehealthcare.com/interop/hdc/file_location",
              "code": "s3://enterprise-datalake-ingress-preprod-us-east-1/interoperability/valid/clinical"
            }
          ]
        },
        "identifier": [
          {
            "value": "93f812f1-225a-46a3-a145-4bc8c89f41f1"
          }
        ],
        "status": "completed",
        "code": {
          "coding": [
            {
              "system": "http://snomed.info/sct",
              "code": "60027007",
              "display": "Radiography of wrist (procedure)"
            }
          ]
        },
        "subject": {
          "reference": "Patient/bc64bb29-151a-467d-90ed-bbbff048782c"
        },
        "performedDateTime": "2017-11-01T13:54:39Z"
      },
      "search": {
        "mode": "match"
      }
    },
    {
      "resource": {
        "resourceType": "Procedure",
        "id": "ZH5OS4.9u1c893H3b1tTVo69p1JvVALoawWCM1TeDP0",
        "meta": {
          "versionId": "1",
          "lastUpdated": "2021-09-17T11:50:33.231+00:00",
          "profile": [
            "http://hl7.org/fhir/us/core/StructureDefinition/us-core-procedure"
          ],
          "tag": [
            {
              "system": "http://changehealthcare.com/interop/hdc/sender_id",
              "code": "25a84116b4ba448097ea8d8c4ffaae11"
            },
            {
              "system": "http://changehealthcare.com/interop/hdc/usageindicator",
              "code": "t"
            },
            {
              "system": "http://changehealthcare.com/interop/hdc/record_type",
              "code": "A"
            },
            {
              "system": "http://changehealthcare.com/interop/hdc/date_time_reported",
              "code": "2021-07-20 00:00:00"
            },
            {
              "system": "http://changehealthcare.com/interop/hdc/tdt_epoch",
              "code": "1627345661167"
            },
            {
              "system": "http://changehealthcare.com/interop/hdc/tdt_iteration",
              "code": "1"
            },
            {
              "system": "http://changehealthcare.com/interop/hdc/record_uuid",
              "code": "c7932bfb-6a65-4027-a9aa-2dc18d3171bc"
            },
            {
              "system": "http://changehealthcare.com/interop/hdc/file_location",
              "code": "s3://enterprise-datalake-ingress-preprod-us-east-1/interoperability/valid/clinical"
            }
          ]
        },
        "identifier": [
          {
            "value": "XXX1000000001102001010000001"
          }
        ],
        "status": "completed",
        "code": {
          "coding": [
            {
              "system": "http://www.ama-assn.org/go/cpt",
              "code": "99214",
              "display": "Established patient outpatient visit, total time 30-39 minutes"
            }
          ]
        },
        "subject": {
          "reference": "Patient/c7932bfb-6a65-4027-a9aa-2dc18d3171bc"
        },
        "performedDateTime": "2021-04-02T00:00:00"
      },
      "search": {
        "mode": "match"
      }
    },
    {
      "resource": {
        "resourceType": "Procedure",
        "id": "vmw-NX61H7WNH1DTAOjWwXjLn714dMaeeZnH8EZAzKc",
        "meta": {
          "versionId": "1",
          "lastUpdated": "2021-09-17T11:50:33.400+00:00",
          "profile": [
            "http://hl7.org/fhir/us/core/StructureDefinition/us-core-procedure"
          ],
          "tag": [
            {
              "system": "http://changehealthcare.com/interop/hdc/sender_id",
              "code": "25a84116b4ba448097ea8d8c4ffaae11"
            },
            {
              "system": "http://changehealthcare.com/interop/hdc/usageindicator",
              "code": "t"
            },
            {
              "system": "http://changehealthcare.com/interop/hdc/record_type",
              "code": "A"
            },
            {
              "system": "http://changehealthcare.com/interop/hdc/date_time_reported",
              "code": "2021-07-20 00:00:00"
            },
            {
              "system": "http://changehealthcare.com/interop/hdc/tdt_epoch",
              "code": "1627345661167"
            },
            {
              "system": "http://changehealthcare.com/interop/hdc/tdt_iteration",
              "code": "1"
            },
            {
              "system": "http://changehealthcare.com/interop/hdc/record_uuid",
              "code": "8bf73899-aefa-45e5-89d7-97e0145bfe35"
            },
            {
              "system": "http://changehealthcare.com/interop/hdc/file_location",
              "code": "s3://enterprise-datalake-ingress-preprod-us-east-1/interoperability/valid/clinical"
            }
          ]
        },
        "identifier": [
          {
            "value": "XXX1000000001202101020000002"
          }
        ],
        "status": "completed",
        "code": {
          "coding": [
            {
              "system": "http://www.ama-assn.org/go/cpt",
              "code": "36415",
              "display": "Insertion of needle into vein for collection of blood sample"
            }
          ]
        },
        "subject": {
          "reference": "Patient/8bf73899-aefa-45e5-89d7-97e0145bfe35"
        },
        "performedDateTime": "2021-01-02T00:00:00"
      },
      "search": {
        "mode": "match"
      }
    },
    {
      "resource": {
        "resourceType": "Procedure",
        "id": "bW5VFO1lvgtvNPvxdFa3sPxYU86dwou86ysAHf23LkI",
        "meta": {
          "versionId": "1",
          "lastUpdated": "2021-09-17T11:50:33.450+00:00",
          "profile": [
            "http://hl7.org/fhir/us/core/StructureDefinition/us-core-procedure"
          ],
          "tag": [
            {
              "system": "http://changehealthcare.com/interop/hdc/sender_id",
              "code": "740b8dd63c504e7fbb1559f1d951d63d"
            },
            {
              "system": "http://changehealthcare.com/interop/hdc/usageindicator",
              "code": "t"
            },
            {
              "system": "http://changehealthcare.com/interop/hdc/record_type",
              "code": "A"
            },
            {
              "system": "http://changehealthcare.com/interop/hdc/date_time_reported",
              "code": "2021-04-26 00:00:00"
            },
            {
              "system": "http://changehealthcare.com/interop/hdc/tdt_epoch",
              "code": "1627345661167"
            },
            {
              "system": "http://changehealthcare.com/interop/hdc/tdt_iteration",
              "code": "1"
            },
            {
              "system": "http://changehealthcare.com/interop/hdc/record_uuid",
              "code": "244474e6-0ab7-4d0b-b0e3-db18fc888915"
            },
            {
              "system": "http://changehealthcare.com/interop/hdc/file_location",
              "code": "s3://enterprise-datalake-ingress-preprod-us-east-1/interoperability/valid/clinical"
            }
          ]
        },
        "identifier": [
          {
            "value": "7fac5d53-7638-4480-b859-b598c5055987"
          }
        ],
        "status": "completed",
        "code": {
          "coding": [
            {
              "system": "http://snomed.info/sct",
              "code": "23426006",
              "display": "Measurement of respiratory function (procedure)"
            }
          ]
        },
        "subject": {
          "reference": "Patient/244474e6-0ab7-4d0b-b0e3-db18fc888915"
        },
        "performedDateTime": "2017-10-28T13:47:39Z"
      },
      "search": {
        "mode": "match"
      }
    },
    {
      "resource": {
        "resourceType": "Procedure",
        "id": "eyqLGo96ZI-3x6jtpsNcgWCpDDxf07LHh2kGwl67vB0",
        "meta": {
          "versionId": "2",
          "lastUpdated": "2021-09-17T11:50:33.870+00:00",
          "profile": [
            "http://hl7.org/fhir/us/core/StructureDefinition/us-core-procedure"
          ],
          "tag": [
            {
              "system": "http://changehealthcare.com/interop/hdc/sender_id",
              "code": "93706192ba57436c8e3caf633758ee66"
            },
            {
              "system": "http://changehealthcare.com/interop/hdc/usageindicator",
              "code": "t"
            },
            {
              "system": "http://changehealthcare.com/interop/hdc/record_type",
              "code": "A"
            },
            {
              "system": "http://changehealthcare.com/interop/hdc/date_time_reported",
              "code": "2021-08-26 00:01:10"
            },
            {
              "system": "http://changehealthcare.com/interop/hdc/tdt_epoch",
              "code": "1630369762286"
            },
            {
              "system": "http://changehealthcare.com/interop/hdc/tdt_iteration",
              "code": "1"
            },
            {
              "system": "http://changehealthcare.com/interop/hdc/record_uuid",
              "code": "31900355-26ad-4b7a-8705-90fbaccf8fc3"
            },
            {
              "system": "http://changehealthcare.com/interop/hdc/file_location",
              "code": "s3://enterprise-datalake-ingress-preprod-us-east-1/interoperability/valid/clinical"
            }
          ]
        },
        "identifier": [
          {
            "value": "d95bac51-ee6e-4efc-9042-8f4ff285bd4f"
          }
        ],
        "status": "completed",
        "code": {
          "coding": [
            {
              "system": "http://snomed.info/sct",
              "code": "430193006",
              "display": "Medication reconciliation (procedure)"
            }
          ]
        },
        "subject": {
          "reference": "Patient/31900355-26ad-4b7a-8705-90fbaccf8fc3"
        },
        "performedDateTime": "2019-01-21T13:43:39Z"
      },
      "search": {
        "mode": "match"
      }
    },
    {
      "resource": {
        "resourceType": "Procedure",
        "id": "HcaBdE7Vh.cPlK77AXG9ryUx0zGFKoPgt3sQQkEln4Y",
        "meta": {
          "versionId": "1",
          "lastUpdated": "2021-09-17T11:50:33.746+00:00",
          "profile": [
            "http://hl7.org/fhir/us/core/StructureDefinition/us-core-procedure"
          ],
          "tag": [
            {
              "system": "http://changehealthcare.com/interop/hdc/sender_id",
              "code": "93706192ba57436c8e3caf633758ee66"
            },
            {
              "system": "http://changehealthcare.com/interop/hdc/usageindicator",
              "code": "t"
            },
            {
              "system": "http://changehealthcare.com/interop/hdc/record_type",
              "code": "A"
            },
            {
              "system": "http://changehealthcare.com/interop/hdc/date_time_reported",
              "code": "2021-08-26 00:01:10"
            },
            {
              "system": "http://changehealthcare.com/interop/hdc/tdt_epoch",
              "code": "1630369762286"
            },
            {
              "system": "http://changehealthcare.com/interop/hdc/tdt_iteration",
              "code": "1"
            },
            {
              "system": "http://changehealthcare.com/interop/hdc/record_uuid",
              "code": "31900355-26ad-4b7a-8705-90fbaccf8fc3"
            },
            {
              "system": "http://changehealthcare.com/interop/hdc/file_location",
              "code": "s3://enterprise-datalake-ingress-preprod-us-east-1/interoperability/valid/clinical"
            }
          ]
        },
        "identifier": [
          {
            "value": "7fac5d53-7638-4480-b859-b598c5055987"
          }
        ],
        "status": "completed",
        "code": {
          "coding": [
            {
              "system": "http://snomed.info/sct",
              "code": "23426006",
              "display": "Measurement of respiratory function (procedure)"
            }
          ]
        },
        "subject": {
          "reference": "Patient/31900355-26ad-4b7a-8705-90fbaccf8fc3"
        },
        "performedDateTime": "2017-10-28T13:47:39Z"
      },
      "search": {
        "mode": "match"
      }
    },
    {
      "resource": {
        "resourceType": "Procedure",
        "id": "0sWOXndYcjQWouOrwjywID.fZH7xosUIUtvUrIlObcE",
        "meta": {
          "versionId": "1",
          "lastUpdated": "2021-09-17T11:50:33.974+00:00",
          "profile": [
            "http://hl7.org/fhir/us/core/StructureDefinition/us-core-procedure"
          ],
          "tag": [
            {
              "system": "http://changehealthcare.com/interop/hdc/sender_id",
              "code": "25a84116b4ba448097ea8d8c4ffaae11"
            },
            {
              "system": "http://changehealthcare.com/interop/hdc/usageindicator",
              "code": "t"
            },
            {
              "system": "http://changehealthcare.com/interop/hdc/record_type",
              "code": "A"
            },
            {
              "system": "http://changehealthcare.com/interop/hdc/date_time_reported",
              "code": "2021-07-20 00:00:00"
            },
            {
              "system": "http://changehealthcare.com/interop/hdc/tdt_epoch",
              "code": "1627345661167"
            },
            {
              "system": "http://changehealthcare.com/interop/hdc/tdt_iteration",
              "code": "1"
            },
            {
              "system": "http://changehealthcare.com/interop/hdc/record_uuid",
              "code": "8bf73899-aefa-45e5-89d7-97e0145bfe35"
            },
            {
              "system": "http://changehealthcare.com/interop/hdc/file_location",
              "code": "s3://enterprise-datalake-ingress-preprod-us-east-1/interoperability/valid/clinical"
            }
          ]
        },
        "identifier": [
          {
            "value": "XXX1000000001202001010000001"
          }
        ],
        "status": "completed",
        "code": {
          "coding": [
            {
              "system": "http://www.ama-assn.org/go/cpt",
              "code": "99214",
              "display": "Established patient outpatient visit, total time 30-39 minutes"
            }
          ]
        },
        "subject": {
          "reference": "Patient/8bf73899-aefa-45e5-89d7-97e0145bfe35"
        },
        "performedDateTime": "2020-01-01T00:00:00"
      },
      "search": {
        "mode": "match"
      }
    },
    {
      "resource": {
        "resourceType": "Procedure",
        "id": "7XjbKqCmNFLotkyIf-shcjAu9oyLoGgWcLUqEwvJ2CA",
        "meta": {
          "versionId": "1",
          "lastUpdated": "2021-09-17T11:50:35.090+00:00",
          "profile": [
            "http://hl7.org/fhir/us/core/StructureDefinition/us-core-procedure"
          ],
          "tag": [
            {
              "system": "http://changehealthcare.com/interop/hdc/sender_id",
              "code": "740b8dd63c504e7fbb1559f1d951d63d"
            },
            {
              "system": "http://changehealthcare.com/interop/hdc/usageindicator",
              "code": "t"
            },
            {
              "system": "http://changehealthcare.com/interop/hdc/record_type",
              "code": "A"
            },
            {
              "system": "http://changehealthcare.com/interop/hdc/date_time_reported",
              "code": "2021-04-26 00:00:00"
            },
            {
              "system": "http://changehealthcare.com/interop/hdc/tdt_epoch",
              "code": "1627345661167"
            },
            {
              "system": "http://changehealthcare.com/interop/hdc/tdt_iteration",
              "code": "1"
            },
            {
              "system": "http://changehealthcare.com/interop/hdc/record_uuid",
              "code": "13b5e91a-79f0-4266-ae9b-1155e207f039"
            },
            {
              "system": "http://changehealthcare.com/interop/hdc/file_location",
              "code": "s3://enterprise-datalake-ingress-preprod-us-east-1/interoperability/valid/clinical"
            }
          ]
        },
        "identifier": [
          {
            "value": "98a402ad-c345-48cd-b018-6d526593e826"
          }
        ],
        "status": "completed",
        "code": {
          "coding": [
            {
              "system": "http://snomed.info/sct",
              "code": "23426006",
              "display": "Measurement of respiratory function (procedure)"
            }
          ]
        },
        "subject": {
          "reference": "Patient/13b5e91a-79f0-4266-ae9b-1155e207f039"
        },
        "performedDateTime": "2017-10-28T13:47:39Z"
      },
      "search": {
        "mode": "match"
      }
    },
    {
      "resource": {
        "resourceType": "Procedure",
        "id": "6SDeUMKW7-Nkqb9xDnE0-W8BXpTLDy-TrjnukLficGA",
        "meta": {
          "versionId": "1",
          "lastUpdated": "2021-09-17T11:50:35.174+00:00",
          "profile": [
            "http://hl7.org/fhir/us/core/StructureDefinition/us-core-procedure"
          ],
          "tag": [
            {
              "system": "http://changehealthcare.com/interop/hdc/sender_id",
              "code": "740b8dd63c504e7fbb1559f1d951d63d"
            },
            {
              "system": "http://changehealthcare.com/interop/hdc/usageindicator",
              "code": "t"
            },
            {
              "system": "http://changehealthcare.com/interop/hdc/record_type",
              "code": "A"
            },
            {
              "system": "http://changehealthcare.com/interop/hdc/date_time_reported",
              "code": "2021-04-26 00:00:00"
            },
            {
              "system": "http://changehealthcare.com/interop/hdc/tdt_epoch",
              "code": "1627345661167"
            },
            {
              "system": "http://changehealthcare.com/interop/hdc/tdt_iteration",
              "code": "1"
            },
            {
              "system": "http://changehealthcare.com/interop/hdc/record_uuid",
              "code": "244474e6-0ab7-4d0b-b0e3-db18fc888915"
            },
            {
              "system": "http://changehealthcare.com/interop/hdc/file_location",
              "code": "s3://enterprise-datalake-ingress-preprod-us-east-1/interoperability/valid/clinical"
            }
          ]
        },
        "identifier": [
          {
            "value": "d95bac51-ee6e-4efc-9042-8f4ff285bd4f"
          }
        ],
        "status": "completed",
        "code": {
          "coding": [
            {
              "system": "http://snomed.info/sct",
              "code": "430193006",
              "display": "Medication reconciliation (procedure)"
            }
          ]
        },
        "subject": {
          "reference": "Patient/244474e6-0ab7-4d0b-b0e3-db18fc888915"
        },
        "performedDateTime": "2019-01-21T13:43:39Z"
      },
      "search": {
        "mode": "match"
      }
    },
    {
      "resource": {
        "resourceType": "Procedure",
        "id": "8INCiMEkIBtOI2ywMasNpEKkhNcVTisdQ4NkEzaWqoo",
        "meta": {
          "versionId": "1",
          "lastUpdated": "2021-09-17T11:50:35.273+00:00",
          "profile": [
            "http://hl7.org/fhir/us/core/StructureDefinition/us-core-procedure"
          ],
          "tag": [
            {
              "system": "http://changehealthcare.com/interop/hdc/sender_id",
              "code": "740b8dd63c504e7fbb1559f1d951d63d"
            },
            {
              "system": "http://changehealthcare.com/interop/hdc/usageindicator",
              "code": "t"
            },
            {
              "system": "http://changehealthcare.com/interop/hdc/record_type",
              "code": "A"
            },
            {
              "system": "http://changehealthcare.com/interop/hdc/date_time_reported",
              "code": "2021-04-26 00:00:00"
            },
            {
              "system": "http://changehealthcare.com/interop/hdc/tdt_epoch",
              "code": "1627345661167"
            },
            {
              "system": "http://changehealthcare.com/interop/hdc/tdt_iteration",
              "code": "1"
            },
            {
              "system": "http://changehealthcare.com/interop/hdc/record_uuid",
              "code": "244474e6-0ab7-4d0b-b0e3-db18fc888915"
            },
            {
              "system": "http://changehealthcare.com/interop/hdc/file_location",
              "code": "s3://enterprise-datalake-ingress-preprod-us-east-1/interoperability/valid/clinical"
            }
          ]
        },
        "identifier": [
          {
            "value": "99dbd117-e409-4b72-a0de-b7cc56d4cb21"
          }
        ],
        "status": "completed",
        "code": {
          "coding": [
            {
              "system": "http://snomed.info/sct",
              "code": "430193006",
              "display": "Medication reconciliation (procedure)"
            }
          ]
        },
        "subject": {
          "reference": "Patient/244474e6-0ab7-4d0b-b0e3-db18fc888915"
        },
        "performedDateTime": "2018-01-15T13:43:39Z"
      },
      "search": {
        "mode": "match"
      }
    },
    {
      "resource": {
        "resourceType": "Procedure",
        "id": "BgdG35OrDJH26QF3MOhFYhgYlFSqvwgfhCbLhh9BKRY",
        "meta": {
          "versionId": "1",
          "lastUpdated": "2021-09-17T11:50:35.368+00:00",
          "profile": [
            "http://hl7.org/fhir/us/core/StructureDefinition/us-core-procedure"
          ],
          "tag": [
            {
              "system": "http://changehealthcare.com/interop/hdc/sender_id",
              "code": "740b8dd63c504e7fbb1559f1d951d63d"
            },
            {
              "system": "http://changehealthcare.com/interop/hdc/usageindicator",
              "code": "t"
            },
            {
              "system": "http://changehealthcare.com/interop/hdc/record_type",
              "code": "A"
            },
            {
              "system": "http://changehealthcare.com/interop/hdc/date_time_reported",
              "code": "2021-04-26 00:00:00"
            },
            {
              "system": "http://changehealthcare.com/interop/hdc/tdt_epoch",
              "code": "1627345661167"
            },
            {
              "system": "http://changehealthcare.com/interop/hdc/tdt_iteration",
              "code": "1"
            },
            {
              "system": "http://changehealthcare.com/interop/hdc/record_uuid",
              "code": "244474e6-0ab7-4d0b-b0e3-db18fc888915"
            },
            {
              "system": "http://changehealthcare.com/interop/hdc/file_location",
              "code": "s3://enterprise-datalake-ingress-preprod-us-east-1/interoperability/valid/clinical"
            }
          ]
        },
        "identifier": [
          {
            "value": "e6a69507-575a-498c-98ba-e96fcad266bf"
          }
        ],
        "status": "completed",
        "code": {
          "coding": [
            {
              "system": "http://snomed.info/sct",
              "code": "274474001",
              "display": "Bone immobilization (procedure)"
            }
          ]
        },
        "subject": {
          "reference": "Patient/244474e6-0ab7-4d0b-b0e3-db18fc888915"
        },
        "performedDateTime": "2017-11-01T13:54:39Z"
      },
      "search": {
        "mode": "match"
      }
    },
    {
      "resource": {
        "resourceType": "Procedure",
        "id": "B0yj5vQgljuHCmI6nq77pu3ypuLhPS2tslUPUqlHmjE",
        "meta": {
          "versionId": "1",
          "lastUpdated": "2021-09-17T11:50:35.544+00:00",
          "profile": [
            "http://hl7.org/fhir/us/core/StructureDefinition/us-core-procedure"
          ],
          "tag": [
            {
              "system": "http://changehealthcare.com/interop/hdc/sender_id",
              "code": "740b8dd63c504e7fbb1559f1d951d63d"
            },
            {
              "system": "http://changehealthcare.com/interop/hdc/usageindicator",
              "code": "t"
            },
            {
              "system": "http://changehealthcare.com/interop/hdc/record_type",
              "code": "A"
            },
            {
              "system": "http://changehealthcare.com/interop/hdc/date_time_reported",
              "code": "2021-04-26 00:00:00"
            },
            {
              "system": "http://changehealthcare.com/interop/hdc/tdt_epoch",
              "code": "1627345661167"
            },
            {
              "system": "http://changehealthcare.com/interop/hdc/tdt_iteration",
              "code": "1"
            },
            {
              "system": "http://changehealthcare.com/interop/hdc/record_uuid",
              "code": "13b5e91a-79f0-4266-ae9b-1155e207f039"
            },
            {
              "system": "http://changehealthcare.com/interop/hdc/file_location",
              "code": "s3://enterprise-datalake-ingress-preprod-us-east-1/interoperability/valid/clinical"
            }
          ]
        },
        "identifier": [
          {
            "value": "87e360a9-f0b0-45ca-a6b2-c9272c5d7de8"
          }
        ],
        "status": "completed",
        "code": {
          "coding": [
            {
              "system": "http://snomed.info/sct",
              "code": "430193006",
              "display": "Medication reconciliation (procedure)"
            }
          ]
        },
        "subject": {
          "reference": "Patient/13b5e91a-79f0-4266-ae9b-1155e207f039"
        },
        "performedDateTime": "2020-01-27T13:43:39Z"
      },
      "search": {
        "mode": "match"
      }
    },
    {
      "resource": {
        "resourceType": "Procedure",
        "id": "qQdT-BZ1vb8vdWCdNv1phdLjAOimpNibPG1WN5HDFuI",
        "meta": {
          "versionId": "1",
          "lastUpdated": "2021-09-17T11:50:35.557+00:00",
          "profile": [
            "http://hl7.org/fhir/us/core/StructureDefinition/us-core-procedure"
          ],
          "tag": [
            {
              "system": "http://changehealthcare.com/interop/hdc/sender_id",
              "code": "740b8dd63c504e7fbb1559f1d951d63d"
            },
            {
              "system": "http://changehealthcare.com/interop/hdc/usageindicator",
              "code": "t"
            },
            {
              "system": "http://changehealthcare.com/interop/hdc/record_type",
              "code": "A"
            },
            {
              "system": "http://changehealthcare.com/interop/hdc/date_time_reported",
              "code": "2021-04-26 00:00:00"
            },
            {
              "system": "http://changehealthcare.com/interop/hdc/tdt_epoch",
              "code": "1627345661167"
            },
            {
              "system": "http://changehealthcare.com/interop/hdc/tdt_iteration",
              "code": "1"
            },
            {
              "system": "http://changehealthcare.com/interop/hdc/record_uuid",
              "code": "13b5e91a-79f0-4266-ae9b-1155e207f039"
            },
            {
              "system": "http://changehealthcare.com/interop/hdc/file_location",
              "code": "s3://enterprise-datalake-ingress-preprod-us-east-1/interoperability/valid/clinical"
            }
          ]
        },
        "identifier": [
          {
            "value": "9e5f5b61-508f-45bc-9a6d-0ac1eae97844"
          }
        ],
        "status": "completed",
        "code": {
          "coding": [
            {
              "system": "http://snomed.info/sct",
              "code": "430193006",
              "display": "Medication reconciliation (procedure)"
            }
          ]
        },
        "subject": {
          "reference": "Patient/13b5e91a-79f0-4266-ae9b-1155e207f039"
        },
        "performedDateTime": "2018-01-15T13:43:39Z"
      },
      "search": {
        "mode": "match"
      }
    },
    {
      "resource": {
        "resourceType": "Procedure",
        "id": "1guc33VIUlaGRGf77VdqSf7mTVqkbuMCRz8KJuwH0hE",
        "meta": {
          "versionId": "3",
          "lastUpdated": "2021-09-28T22:01:38.443+00:00",
          "profile": [
            "http://hl7.org/fhir/us/core/StructureDefinition/us-core-procedure"
          ],
          "tag": [
            {
              "system": "http://changehealthcare.com/interop/hdc/sender_id",
              "code": "93706192ba57436c8e3caf633758ee66"
            },
            {
              "system": "http://changehealthcare.com/interop/hdc/usageindicator",
              "code": "t"
            },
            {
              "system": "http://changehealthcare.com/interop/hdc/record_type",
              "code": "A"
            },
            {
              "system": "http://changehealthcare.com/interop/hdc/date_time_reported",
              "code": "2021-09-28 00:01:20"
            },
            {
              "system": "http://changehealthcare.com/interop/hdc/tdt_epoch",
              "code": "1632853794470"
            },
            {
              "system": "http://changehealthcare.com/interop/hdc/tdt_iteration",
              "code": "1"
            },
            {
              "system": "http://changehealthcare.com/interop/hdc/record_uuid",
              "code": "735c724b-055d-489a-99a1-01a88e4030c2"
            },
            {
              "system": "http://changehealthcare.com/interop/hdc/file_location",
              "code": "s3://enterprise-datalake-ingress-preprod-us-east-1/interoperability/valid/clinical"
            }
          ]
        },
        "identifier": [
          {
            "value": "3ae6d5d3-a76b-4d19-aab5-d490545a6c2a"
          }
        ],
        "status": "completed",
        "code": {
          "coding": [
            {
              "system": "http://snomed.info/sct",
              "code": "430193006",
              "display": "Medication reconciliation (procedure)"
            }
          ]
        },
        "subject": {
          "reference": "Patient/735c724b-055d-489a-99a1-01a88e4030c2"
        },
        "performedDateTime": "2020-01-27T13:43:39Z"
      },
      "search": {
        "mode": "match"
      }
    },
    {
      "resource": {
        "resourceType": "Procedure",
        "id": "4XF2MmXkuhOgL4GAmXPIg9a9n5bFo5VxDVpQA3xKDak",
        "meta": {
          "versionId": "3",
          "lastUpdated": "2021-09-28T22:01:38.168+00:00",
          "profile": [
            "http://hl7.org/fhir/us/core/StructureDefinition/us-core-procedure"
          ],
          "tag": [
            {
              "system": "http://changehealthcare.com/interop/hdc/sender_id",
              "code": "93706192ba57436c8e3caf633758ee66"
            },
            {
              "system": "http://changehealthcare.com/interop/hdc/usageindicator",
              "code": "t"
            },
            {
              "system": "http://changehealthcare.com/interop/hdc/record_type",
              "code": "A"
            },
            {
              "system": "http://changehealthcare.com/interop/hdc/date_time_reported",
              "code": "2021-09-28 00:01:20"
            },
            {
              "system": "http://changehealthcare.com/interop/hdc/tdt_epoch",
              "code": "1632853794470"
            },
            {
              "system": "http://changehealthcare.com/interop/hdc/tdt_iteration",
              "code": "1"
            },
            {
              "system": "http://changehealthcare.com/interop/hdc/record_uuid",
              "code": "735c724b-055d-489a-99a1-01a88e4030c2"
            },
            {
              "system": "http://changehealthcare.com/interop/hdc/file_location",
              "code": "s3://enterprise-datalake-ingress-preprod-us-east-1/interoperability/valid/clinical"
            }
          ]
        },
        "identifier": [
          {
            "value": "3bd49050-032f-4913-9071-3ad9ab4b486e"
          }
        ],
        "status": "completed",
        "code": {
          "coding": [
            {
              "system": "http://www.ama-assn.org/go/cpt",
              "code": "0165U",
              "display": "Test for detection of antigens associated with peanut allergy in blood specimen, reported as probability of peanut allergy"
            }
          ]
        },
        "subject": {
          "reference": "Patient/735c724b-055d-489a-99a1-01a88e4030c2"
        },
        "performedDateTime": "2017-10-28T13:47:39Z"
      },
      "search": {
        "mode": "match"
      }
    },
    {
      "resource": {
        "resourceType": "Procedure",
        "id": "gQTspZHgxfV4fUmlCad4NSXfUlnFGhy2ciKmQfjgmm0",
        "meta": {
          "versionId": "3",
          "lastUpdated": "2021-09-28T22:01:38.079+00:00",
          "profile": [
            "http://hl7.org/fhir/us/core/StructureDefinition/us-core-procedure"
          ],
          "tag": [
            {
              "system": "http://changehealthcare.com/interop/hdc/sender_id",
              "code": "93706192ba57436c8e3caf633758ee66"
            },
            {
              "system": "http://changehealthcare.com/interop/hdc/usageindicator",
              "code": "t"
            },
            {
              "system": "http://changehealthcare.com/interop/hdc/record_type",
              "code": "A"
            },
            {
              "system": "http://changehealthcare.com/interop/hdc/date_time_reported",
              "code": "2021-09-28 00:01:20"
            },
            {
              "system": "http://changehealthcare.com/interop/hdc/tdt_epoch",
              "code": "1632853794470"
            },
            {
              "system": "http://changehealthcare.com/interop/hdc/tdt_iteration",
              "code": "1"
            },
            {
              "system": "http://changehealthcare.com/interop/hdc/record_uuid",
              "code": "735c724b-055d-489a-99a1-01a88e4030c2"
            },
            {
              "system": "http://changehealthcare.com/interop/hdc/file_location",
              "code": "s3://enterprise-datalake-ingress-preprod-us-east-1/interoperability/valid/clinical"
            }
          ]
        },
        "identifier": [
          {
            "value": "84ba67fb-08d1-4ffe-a463-d8dc11ed223d"
          }
        ],
        "status": "completed",
        "code": {
          "coding": [
            {
              "system": "http://snomed.info/sct",
              "code": "430193006",
              "display": "Medication reconciliation (procedure)"
            }
          ]
        },
        "subject": {
          "reference": "Patient/735c724b-055d-489a-99a1-01a88e4030c2"
        },
        "performedDateTime": "2018-01-15T13:43:39Z"
      },
      "search": {
        "mode": "match"
      }
    },
    {
      "resource": {
        "resourceType": "Procedure",
        "id": "RhpT.yIMsxUEkPqAU1cT3iVcsw6mpnlgVqlGt9h0gdk",
        "meta": {
          "versionId": "1",
          "lastUpdated": "2021-09-17T11:50:36.878+00:00",
          "profile": [
            "http://hl7.org/fhir/us/core/StructureDefinition/us-core-procedure"
          ],
          "tag": [
            {
              "system": "http://changehealthcare.com/interop/hdc/sender_id",
              "code": "740b8dd63c504e7fbb1559f1d951d63d"
            },
            {
              "system": "http://changehealthcare.com/interop/hdc/usageindicator",
              "code": "t"
            },
            {
              "system": "http://changehealthcare.com/interop/hdc/record_type",
              "code": "A"
            },
            {
              "system": "http://changehealthcare.com/interop/hdc/date_time_reported",
              "code": "2021-04-26 00:00:00"
            },
            {
              "system": "http://changehealthcare.com/interop/hdc/tdt_epoch",
              "code": "1627345661167"
            },
            {
              "system": "http://changehealthcare.com/interop/hdc/tdt_iteration",
              "code": "1"
            },
            {
              "system": "http://changehealthcare.com/interop/hdc/record_uuid",
              "code": "13b5e91a-79f0-4266-ae9b-1155e207f039"
            },
            {
              "system": "http://changehealthcare.com/interop/hdc/file_location",
              "code": "s3://enterprise-datalake-ingress-preprod-us-east-1/interoperability/valid/clinical"
            }
          ]
        },
        "identifier": [
          {
            "value": "8038c427-75c8-4f30-9ea6-fc2b677ae13c"
          }
        ],
        "status": "completed",
        "code": {
          "coding": [
            {
              "system": "http://snomed.info/sct",
              "code": "312681000",
              "display": "Bone density scan (procedure)"
            }
          ]
        },
        "subject": {
          "reference": "Patient/13b5e91a-79f0-4266-ae9b-1155e207f039"
        },
        "performedDateTime": "2017-11-01T14:26:39Z"
      },
      "search": {
        "mode": "match"
      }
    },
    {
      "resource": {
        "resourceType": "Procedure",
        "id": "uRxa1g0BwUxG43QeUC1-d..whefUvnNIQmBcnQqB.8Q",
        "meta": {
          "versionId": "1",
          "lastUpdated": "2021-09-17T11:50:38.296+00:00",
          "profile": [
            "http://hl7.org/fhir/us/core/StructureDefinition/us-core-procedure"
          ],
          "tag": [
            {
              "system": "http://changehealthcare.com/interop/hdc/sender_id",
              "code": "740b8dd63c504e7fbb1559f1d951d63d"
            },
            {
              "system": "http://changehealthcare.com/interop/hdc/usageindicator",
              "code": "t"
            },
            {
              "system": "http://changehealthcare.com/interop/hdc/record_type",
              "code": "A"
            },
            {
              "system": "http://changehealthcare.com/interop/hdc/date_time_reported",
              "code": "2021-04-26 00:00:00"
            },
            {
              "system": "http://changehealthcare.com/interop/hdc/tdt_epoch",
              "code": "1627345661167"
            },
            {
              "system": "http://changehealthcare.com/interop/hdc/tdt_iteration",
              "code": "1"
            },
            {
              "system": "http://changehealthcare.com/interop/hdc/record_uuid",
              "code": "244474e6-0ab7-4d0b-b0e3-db18fc888915"
            },
            {
              "system": "http://changehealthcare.com/interop/hdc/file_location",
              "code": "s3://enterprise-datalake-ingress-preprod-us-east-1/interoperability/valid/clinical"
            }
          ]
        },
        "identifier": [
          {
            "value": "3cdd134f-1e59-43b9-9cc4-30f6ba298624"
          }
        ],
        "status": "completed",
        "code": {
          "coding": [
            {
              "system": "http://snomed.info/sct",
              "code": "60027007",
              "display": "Radiography of wrist (procedure)"
            }
          ]
        },
        "subject": {
          "reference": "Patient/244474e6-0ab7-4d0b-b0e3-db18fc888915"
        },
        "performedDateTime": "2017-11-01T13:54:39Z"
      },
      "search": {
        "mode": "match"
      }
    },
    {
      "resource": {
        "resourceType": "Procedure",
        "id": "GODrszX.9gFskAvrV7YoCg-LeZf7kS1F423t0Rv8UpY",
        "meta": {
          "versionId": "4",
          "lastUpdated": "2021-09-28T22:01:37.881+00:00",
          "profile": [
            "http://hl7.org/fhir/us/core/StructureDefinition/us-core-procedure"
          ],
          "tag": [
            {
              "system": "http://changehealthcare.com/interop/hdc/sender_id",
              "code": "93706192ba57436c8e3caf633758ee66"
            },
            {
              "system": "http://changehealthcare.com/interop/hdc/usageindicator",
              "code": "t"
            },
            {
              "system": "http://changehealthcare.com/interop/hdc/record_type",
              "code": "A"
            },
            {
              "system": "http://changehealthcare.com/interop/hdc/date_time_reported",
              "code": "2021-09-28 00:01:20"
            },
            {
              "system": "http://changehealthcare.com/interop/hdc/tdt_epoch",
              "code": "1632853794470"
            },
            {
              "system": "http://changehealthcare.com/interop/hdc/tdt_iteration",
              "code": "1"
            },
            {
              "system": "http://changehealthcare.com/interop/hdc/record_uuid",
              "code": "735c724b-055d-489a-99a1-01a88e4030c2"
            },
            {
              "system": "http://changehealthcare.com/interop/hdc/file_location",
              "code": "s3://enterprise-datalake-ingress-preprod-us-east-1/interoperability/valid/clinical"
            }
          ]
        },
        "identifier": [
          {
            "value": "03c345de-46bb-4fa7-a919-fe7a0e42e007"
          }
        ],
        "status": "completed",
        "code": {
          "coding": [
            {
              "system": "http://snomed.info/sct",
              "code": "430193006",
              "display": "Medication reconciliation (procedure)"
            }
          ]
        },
        "subject": {
          "reference": "Patient/735c724b-055d-489a-99a1-01a88e4030c2"
        },
        "performedDateTime": "2019-01-21T13:43:39Z"
      },
      "search": {
        "mode": "match"
      }
    }
  ]
}
