{
  "resourceType": "Bundle",
  "id": "167e74c7-652a-48a0-ab17-e023fc33a13e",
  "meta": {
    "lastUpdated": "2022-01-16T21:23:05.374+00:00"
  },
  "type": "searchset",
  "link": [
    {
      "relation": "self",
      "url": "/Procedure?_include=Procedure%3Asubject&_include=Procedure%3Aencounter"
    },
    {
      "relation": "next",
      "url": "/Procedure?_getpages=167e74c7-652a-48a0-ab17-e023fc33a13e&_getpagesoffset=2&_count=35&_pretty=true&_include=Procedure%3Asubject&_include=Procedure%3Aencounter&_bundletype=searchset"
    }
  ],
  "entry": [
    {
      "resource": {
        "resourceType": "Procedure",
        "id": "71B8cvH7AshTYzZoHvZC3VrBJ-j8yuAtJtSxLxJ3AFg",
        "meta": {
          "versionId": "1",
          "lastUpdated": "2021-09-17T11:50:29.245+00:00",
          "profile": [
            "http://hl7.org/fhir/us/core/StructureDefinition/us-core-procedure"
          ],
          "tag": [
            {
              "system": "http://changehealthcare.com/interop/hdc/sender_id",
              "code": "93706192ba57436c8e3caf633758ee66"
            },
            {
              "system": "http://changehealthcare.com/interop/hdc/usageindicator",
              "code": "t"
            },
            {
              "system": "http://changehealthcare.com/interop/hdc/record_type",
              "code": "A"
            },
            {
              "system": "http://changehealthcare.com/interop/hdc/date_time_reported",
              "code": "2021-08-26 00:01:10"
            },
            {
              "system": "http://changehealthcare.com/interop/hdc/tdt_epoch",
              "code": "1630369762286"
            },
            {
              "system": "http://changehealthcare.com/interop/hdc/tdt_iteration",
              "code": "1"
            },
            {
              "system": "http://changehealthcare.com/interop/hdc/record_uuid",
              "code": "bc64bb29-151a-467d-90ed-bbbff048782c"
            },
            {
              "system": "http://changehealthcare.com/interop/hdc/file_location",
              "code": "s3://enterprise-datalake-ingress-preprod-us-east-1/interoperability/valid/clinical"
            }
          ]
        },
        "identifier": [
          {
            "value": "8038c427-75c8-4f30-9ea6-fc2b677ae13c"
          }
        ],
        "status": "completed",
        "code": {
          "coding": [
            {
              "system": "http://snomed.info/sct",
              "code": "312681000",
              "display": "Bone density scan"
            }
          ]
        },
        "subject": {
          "reference": "Patient/bc64bb29-151a-467d-90ed-bbbff048782c"
        },
        "performedDateTime": "2022-02-01T14:26:39Z"
      },
      "search": {
        "mode": "match"
      }
    },
    {
      "resource": {
        "resourceType": "Procedure",
        "id": "Csgm.lp-frGSdHhB8YUEvK9BKEmjYesIy30PJ0DGkQE",
        "meta": {
          "versionId": "1",
          "lastUpdated": "2021-09-17T11:50:29.324+00:00",
          "profile": [
            "http://hl7.org/fhir/us/core/StructureDefinition/us-core-procedure"
          ],
          "tag": [
            {
              "system": "http://changehealthcare.com/interop/hdc/sender_id",
              "code": "93706192ba57436c8e3caf633758ee66"
            },
            {
              "system": "http://changehealthcare.com/interop/hdc/usageindicator",
              "code": "t"
            },
            {
              "system": "http://changehealthcare.com/interop/hdc/record_type",
              "code": "A"
            },
            {
              "system": "http://changehealthcare.com/interop/hdc/date_time_reported",
              "code": "2021-08-26 00:01:10"
            },
            {
              "system": "http://changehealthcare.com/interop/hdc/tdt_epoch",
              "code": "1630369762286"
            },
            {
              "system": "http://changehealthcare.com/interop/hdc/tdt_iteration",
              "code": "1"
            },
            {
              "system": "http://changehealthcare.com/interop/hdc/record_uuid",
              "code": "bc64bb29-151a-467d-90ed-bbbff048782c"
            },
            {
              "system": "http://changehealthcare.com/interop/hdc/file_location",
              "code": "s3://enterprise-datalake-ingress-preprod-us-east-1/interoperability/valid/clinical"
            }
          ]
        },
        "identifier": [
          {
            "value": "98a402ad-c345-48cd-b018-6d526593e826"
          }
        ],
        "status": "completed",
        "code": {
          "coding": [
            {
              "system": "http://snomed.info/sct",
              "code": "23426006",
              "display": "Measurement of respiratory function "
            }
          ]
        },
        "subject": {
          "reference": "Patient/bc64bb29-151a-467d-90ed-bbbff048782c"
        },
        "performedDateTime": "2022-01-28T13:47:39Z"
      },
      "search": {
        "mode": "match"
      }
    },
    {
      "resource": {
        "resourceType": "Procedure",
        "id": "ab4nkLPL2Wk-z-RHY470e9dS2QdZQ7v8.w8s-DKxp9M",
        "meta": {
          "versionId": "1",
          "lastUpdated": "2021-09-17T11:50:29.420+00:00",
          "profile": [
            "http://hl7.org/fhir/us/core/StructureDefinition/us-core-procedure"
          ],
          "tag": [
            {
              "system": "http://changehealthcare.com/interop/hdc/sender_id",
              "code": "93706192ba57436c8e3caf633758ee66"
            },
            {
              "system": "http://changehealthcare.com/interop/hdc/usageindicator",
              "code": "t"
            },
            {
              "system": "http://changehealthcare.com/interop/hdc/record_type",
              "code": "A"
            },
            {
              "system": "http://changehealthcare.com/interop/hdc/date_time_reported",
              "code": "2021-08-26 00:01:10"
            },
            {
              "system": "http://changehealthcare.com/interop/hdc/tdt_epoch",
              "code": "1630369762286"
            },
            {
              "system": "http://changehealthcare.com/interop/hdc/tdt_iteration",
              "code": "1"
            },
            {
              "system": "http://changehealthcare.com/interop/hdc/record_uuid",
              "code": "bc64bb29-151a-467d-90ed-bbbff048782c"
            },
            {
              "system": "http://changehealthcare.com/interop/hdc/file_location",
              "code": "s3://enterprise-datalake-ingress-preprod-us-east-1/interoperability/valid/clinical"
            }
          ]
        },
        "identifier": [
          {
            "value": "01cf9da1-8231-4136-969b-87c24ffa7ba1"
          }
        ],
        "status": "completed",
        "code": {
          "coding": [
            {
              "system": "http://snomed.info/sct",
              "code": "274474001",
              "display": "Bone immobilization "
            }
          ]
        },
        "subject": {
          "reference": "Patient/bc64bb29-151a-467d-90ed-bbbff048782c"
        },
        "performedPeriod": {
          "start": "2021-03-12T13:14:12.324-05:00",
          "end": "2021-03-12T14:22:21.328-05:00"
        }
      },
      "search": {
        "mode": "match"
      }
    },
    {
      "resource": {
        "resourceType": "Procedure",
        "id": "LCkonr2JlLCwoz63fOzDOSvmcUbQC11swwZv5cfSsRI",
        "meta": {
          "versionId": "1",
          "lastUpdated": "2021-09-17T11:50:29.635+00:00",
          "profile": [
            "http://hl7.org/fhir/us/core/StructureDefinition/us-core-procedure"
          ],
          "tag": [
            {
              "system": "http://changehealthcare.com/interop/hdc/sender_id",
              "code": "93706192ba57436c8e3caf633758ee66"
            },
            {
              "system": "http://changehealthcare.com/interop/hdc/usageindicator",
              "code": "t"
            },
            {
              "system": "http://changehealthcare.com/interop/hdc/record_type",
              "code": "A"
            },
            {
              "system": "http://changehealthcare.com/interop/hdc/date_time_reported",
              "code": "2021-08-26 00:01:10"
            },
            {
              "system": "http://changehealthcare.com/interop/hdc/tdt_epoch",
              "code": "1630369762286"
            },
            {
              "system": "http://changehealthcare.com/interop/hdc/tdt_iteration",
              "code": "1"
            },
            {
              "system": "http://changehealthcare.com/interop/hdc/record_uuid",
              "code": "31900355-26ad-4b7a-8705-90fbaccf8fc3"
            },
            {
              "system": "http://changehealthcare.com/interop/hdc/file_location",
              "code": "s3://enterprise-datalake-ingress-preprod-us-east-1/interoperability/valid/clinical"
            }
          ]
        },
        "identifier": [
          {
            "value": "4e2a36a1-1d47-4ad4-bfaf-84f6561fb712"
          }
        ],
        "status": "completed",
        "code": {
          "coding": [
            {
              "system": "http://snomed.info/sct",
              "code": "312681000",
              "display": "Bone density scan "
            }
          ]
        },
        "subject": {
          "reference": "Patient/31900355-26ad-4b7a-8705-90fbaccf8fc3"
        },
        "performedDateTime": "2017-11-01T14:26:39Z"
      },
      "search": {
        "mode": "match"
      }
    },
    {
      "resource": {
        "resourceType": "Procedure",
        "id": "VsMadE4fcWSAxeMYsG153YB3ptZhFB-.ZihwbguF3yY",
        "meta": {
          "versionId": "2",
          "lastUpdated": "2021-09-17T11:50:36.948+00:00",
          "profile": [
            "http://hl7.org/fhir/us/core/StructureDefinition/us-core-procedure"
          ],
          "tag": [
            {
              "system": "http://changehealthcare.com/interop/hdc/sender_id",
              "code": "93706192ba57436c8e3caf633758ee66"
            },
            {
              "system": "http://changehealthcare.com/interop/hdc/usageindicator",
              "code": "t"
            },
            {
              "system": "http://changehealthcare.com/interop/hdc/record_type",
              "code": "A"
            },
            {
              "system": "http://changehealthcare.com/interop/hdc/date_time_reported",
              "code": "2021-08-26 00:01:10"
            },
            {
              "system": "http://changehealthcare.com/interop/hdc/tdt_epoch",
              "code": "1630369762286"
            },
            {
              "system": "http://changehealthcare.com/interop/hdc/tdt_iteration",
              "code": "1"
            },
            {
              "system": "http://changehealthcare.com/interop/hdc/record_uuid",
              "code": "31900355-26ad-4b7a-8705-90fbaccf8fc3"
            },
            {
              "system": "http://changehealthcare.com/interop/hdc/file_location",
              "code": "s3://enterprise-datalake-ingress-preprod-us-east-1/interoperability/valid/clinical"
            }
          ]
        },
        "identifier": [
          {
            "value": "32af894f-613a-4da2-850d-3cd982ae453f"
          }
        ],
        "status": "completed",
        "code": {
          "coding": [
            {
              "system": "http://snomed.info/sct",
              "display": "Medication reconciliation "
            }
          ]
        },
        "subject": {
          "reference": "Patient/31900355-26ad-4b7a-8705-90fbaccf8fc3"
        },
        "performedDateTime": "2020-01-27T13:43:39Z"
      },
      "search": {
        "mode": "match"
      }
    },

    {
      "resource": {
        "resourceType": "Procedure",
        "id": "mCY3hzlGp6BptiAes89ZqY89gKwdflq9dJbn1r8Om4o",
        "meta": {
          "versionId": "1",
          "lastUpdated": "2021-09-17T11:50:32.378+00:00",
          "profile": [
            "http://hl7.org/fhir/us/core/StructureDefinition/us-core-procedure"
          ],
          "tag": [
            {
              "system": "http://changehealthcare.com/interop/hdc/sender_id",
              "code": "740b8dd63c504e7fbb1559f1d951d63d"
            },
            {
              "system": "http://changehealthcare.com/interop/hdc/usageindicator",
              "code": "t"
            },
            {
              "system": "http://changehealthcare.com/interop/hdc/record_type",
              "code": "A"
            },
            {
              "system": "http://changehealthcare.com/interop/hdc/date_time_reported",
              "code": "2021-04-26 00:00:00"
            },
            {
              "system": "http://changehealthcare.com/interop/hdc/tdt_epoch",
              "code": "1627345661167"
            },
            {
              "system": "http://changehealthcare.com/interop/hdc/tdt_iteration",
              "code": "1"
            },
            {
              "system": "http://changehealthcare.com/interop/hdc/record_uuid",
              "code": "244474e6-0ab7-4d0b-b0e3-db18fc888915"
            },
            {
              "system": "http://changehealthcare.com/interop/hdc/file_location",
              "code": "s3://enterprise-datalake-ingress-preprod-us-east-1/interoperability/valid/clinical"
            }
          ]
        },
        "identifier": [
          {
            "value": "4e2a36a1-1d47-4ad4-bfaf-84f6561fb712"
          }
        ],
        "status": "completed",
        "code": {
          "coding": [
            {
              "system": "http://snomed.info/sct",
              "code": "312681000",
              "display": "Bone density scan "
            }
          ]
        },
        "subject": {
          "reference": "Patient/244474e6-0ab7-4d0b-b0e3-db18fc888915"
        },
        "performedDateTime": "2017-11-01T14:26:39Z"
      },
      "search": {
        "mode": "match"
      }
    },
    {
      "resource": {
        "resourceType": "Procedure",
        "id": "7fDu-h.mGOLclzVmJxmfKzanj5gZBzB4j-ZKKv8IvOw",
        "meta": {
          "versionId": "1",
          "lastUpdated": "2021-09-17T11:50:32.468+00:00",
          "profile": [
            "http://hl7.org/fhir/us/core/StructureDefinition/us-core-procedure"
          ],
          "tag": [
            {
              "system": "http://changehealthcare.com/interop/hdc/sender_id",
              "code": "93706192ba57436c8e3caf633758ee66"
            },
            {
              "system": "http://changehealthcare.com/interop/hdc/usageindicator",
              "code": "t"
            },
            {
              "system": "http://changehealthcare.com/interop/hdc/record_type",
              "code": "A"
            },
            {
              "system": "http://changehealthcare.com/interop/hdc/date_time_reported",
              "code": "2021-08-26 00:01:10"
            },
            {
              "system": "http://changehealthcare.com/interop/hdc/tdt_epoch",
              "code": "1630369762286"
            },
            {
              "system": "http://changehealthcare.com/interop/hdc/tdt_iteration",
              "code": "1"
            },
            {
              "system": "http://changehealthcare.com/interop/hdc/record_uuid",
              "code": "31900355-26ad-4b7a-8705-90fbaccf8fc3"
            },
            {
              "system": "http://changehealthcare.com/interop/hdc/file_location",
              "code": "s3://enterprise-datalake-ingress-preprod-us-east-1/interoperability/valid/clinical"
            }
          ]
        },
        "identifier": [
          {
            "value": "3cdd134f-1e59-43b9-9cc4-30f6ba298624"
          }
        ],
        "status": "completed",
        "code": {
          "coding": [
            {
              "system": "http://snomed.info/sct",
              "code": "60027007",
              "display": "Radiography of wrist "
            }
          ]
        },
        "subject": {
          "reference": "Patient/31900355-26ad-4b7a-8705-90fbaccf8fc3"
        },
        "performedDateTime": "2017-11-01T13:54:39Z"
      },
      "search": {
        "mode": "match"
      }
    },
    {
      "resource": {
        "resourceType": "Procedure",
        "id": "n7pxljFp4WfSfavoOsGXQRsuHg4MGwf4hkA82veA46E",
        "meta": {
          "versionId": "2",
          "lastUpdated": "2021-09-17T11:50:37.027+00:00",
          "profile": [
            "http://hl7.org/fhir/us/core/StructureDefinition/us-core-procedure"
          ],
          "tag": [
            {
              "system": "http://changehealthcare.com/interop/hdc/sender_id",
              "code": "93706192ba57436c8e3caf633758ee66"
            },
            {
              "system": "http://changehealthcare.com/interop/hdc/usageindicator",
              "code": "t"
            },
            {
              "system": "http://changehealthcare.com/interop/hdc/record_type",
              "code": "A"
            },
            {
              "system": "http://changehealthcare.com/interop/hdc/date_time_reported",
              "code": "2021-08-26 00:01:10"
            },
            {
              "system": "http://changehealthcare.com/interop/hdc/tdt_epoch",
              "code": "1630369762286"
            },
            {
              "system": "http://changehealthcare.com/interop/hdc/tdt_iteration",
              "code": "1"
            },
            {
              "system": "http://changehealthcare.com/interop/hdc/record_uuid",
              "code": "bc64bb29-151a-467d-90ed-bbbff048782c"
            },
            {
              "system": "http://changehealthcare.com/interop/hdc/file_location",
              "code": "s3://enterprise-datalake-ingress-preprod-us-east-1/interoperability/valid/clinical"
            }
          ]
        },
        "identifier": [
          {
            "value": "93f812f1-225a-46a3-a145-4bc8c89f41f1"
          }
        ],
        "status": "completed",
        "code": {
          "coding": [
            {
              "system": "http://snomed.info/sct",
              "code": "60027007",
              "display": "Radiography of wrist "
            }
          ]
        },
        "subject": {
          "reference": "Patient/bc64bb29-151a-467d-90ed-bbbff048782c"
        },
        "performedDateTime": "2017-11-01T13:54:39Z"
      },
      "search": {
        "mode": "match"
      }
    },
    {
      "resource": {
        "resourceType": "Procedure",
        "id": "ZH5OS4.9u1c893H3b1tTVo69p1JvVALoawWCM1TeDP0",
        "meta": {
          "versionId": "1",
          "lastUpdated": "2021-09-17T11:50:33.231+00:00",
          "profile": [
            "http://hl7.org/fhir/us/core/StructureDefinition/us-core-procedure"
          ],
          "tag": [
            {
              "system": "http://changehealthcare.com/interop/hdc/sender_id",
              "code": "25a84116b4ba448097ea8d8c4ffaae11"
            },
            {
              "system": "http://changehealthcare.com/interop/hdc/usageindicator",
              "code": "t"
            },
            {
              "system": "http://changehealthcare.com/interop/hdc/record_type",
              "code": "A"
            },
            {
              "system": "http://changehealthcare.com/interop/hdc/date_time_reported",
              "code": "2021-07-20 00:00:00"
            },
            {
              "system": "http://changehealthcare.com/interop/hdc/tdt_epoch",
              "code": "1627345661167"
            },
            {
              "system": "http://changehealthcare.com/interop/hdc/tdt_iteration",
              "code": "1"
            },
            {
              "system": "http://changehealthcare.com/interop/hdc/record_uuid",
              "code": "c7932bfb-6a65-4027-a9aa-2dc18d3171bc"
            },
            {
              "system": "http://changehealthcare.com/interop/hdc/file_location",
              "code": "s3://enterprise-datalake-ingress-preprod-us-east-1/interoperability/valid/clinical"
            }
          ]
        },
        "identifier": [
          {
            "value": "XXX1000000001102001010000001"
          }
        ],
        "status": "completed",
        "code": {
          "coding": [
            {
              "system": "http://www.ama-assn.org/go/cpt",
              "code": "99214",
              "display": "Established patient outpatient visit, total time 30-39 minutes"
            }
          ]
        },
        "subject": {
          "reference": "Patient/c7932bfb-6a65-4027-a9aa-2dc18d3171bc"
        },
        "performedDateTime": "2017-04-02T00:00:00"
      },
      "search": {
        "mode": "match"
      }
    },
    {
      "resource": {
        "resourceType": "Procedure",
        "id": "vmw-NX61H7WNH1DTAOjWwXjLn714dMaeeZnH8EZAzKc",
        "meta": {
          "versionId": "1",
          "lastUpdated": "2018-09-17T11:50:33.400+00:00",
          "profile": [
            "http://hl7.org/fhir/us/core/StructureDefinition/us-core-procedure"
          ],
          "tag": [
            {
              "system": "http://changehealthcare.com/interop/hdc/sender_id",
              "code": "25a84116b4ba448097ea8d8c4ffaae11"
            },
            {
              "system": "http://changehealthcare.com/interop/hdc/usageindicator",
              "code": "t"
            },
            {
              "system": "http://changehealthcare.com/interop/hdc/record_type",
              "code": "A"
            },
            {
              "system": "http://changehealthcare.com/interop/hdc/date_time_reported",
              "code": "2021-07-20 00:00:00"
            },
            {
              "system": "http://changehealthcare.com/interop/hdc/tdt_epoch",
              "code": "1627345661167"
            },
            {
              "system": "http://changehealthcare.com/interop/hdc/tdt_iteration",
              "code": "1"
            },
            {
              "system": "http://changehealthcare.com/interop/hdc/record_uuid",
              "code": "8bf73899-aefa-45e5-89d7-97e0145bfe35"
            },
            {
              "system": "http://changehealthcare.com/interop/hdc/file_location",
              "code": "s3://enterprise-datalake-ingress-preprod-us-east-1/interoperability/valid/clinical"
            }
          ]
        },
        "identifier": [
          {
            "value": "XXX1000000001202101020000002"
          }
        ],
        "status": "completed",
        "code": {
          "coding": [
            {
              "system": "http://www.ama-assn.org/go/cpt",
              "code": "36415",
              "display": "Insertion of needle into vein for collection of blood sample"
            }
          ]
        },
        "subject": {
          "reference": "Patient/8bf73899-aefa-45e5-89d7-97e0145bfe35"
        },
        "performedDateTime": "2021-01-02T00:00:00"
      },
      "search": {
        "mode": "match"
      }
    },
    {
      "resource": {
        "resourceType": "Procedure",
        "id": "bW5VFO1lvgtvNPvxdFa3sPxYU86dwou86ysAHf23LkI",
        "meta": {
          "versionId": "1",
          "lastUpdated": "2021-09-17T11:50:33.450+00:00",
          "profile": [
            "http://hl7.org/fhir/us/core/StructureDefinition/us-core-procedure"
          ],
          "tag": [
            {
              "system": "http://changehealthcare.com/interop/hdc/sender_id",
              "code": "740b8dd63c504e7fbb1559f1d951d63d"
            },
            {
              "system": "http://changehealthcare.com/interop/hdc/usageindicator",
              "code": "t"
            },
            {
              "system": "http://changehealthcare.com/interop/hdc/record_type",
              "code": "A"
            },
            {
              "system": "http://changehealthcare.com/interop/hdc/date_time_reported",
              "code": "2021-04-26 00:00:00"
            },
            {
              "system": "http://changehealthcare.com/interop/hdc/tdt_epoch",
              "code": "1627345661167"
            },
            {
              "system": "http://changehealthcare.com/interop/hdc/tdt_iteration",
              "code": "1"
            },
            {
              "system": "http://changehealthcare.com/interop/hdc/record_uuid",
              "code": "244474e6-0ab7-4d0b-b0e3-db18fc888915"
            },
            {
              "system": "http://changehealthcare.com/interop/hdc/file_location",
              "code": "s3://enterprise-datalake-ingress-preprod-us-east-1/interoperability/valid/clinical"
            }
          ]
        },
        "identifier": [
          {
            "value": "7fac5d53-7638-4480-b859-b598c5055987"
          }
        ],
        "status": "completed",
        "code": {
          "coding": [
            {
              "system": "http://snomed.info/sct",
              "code": "23426006",
              "display": "Measurement of respiratory function "
            }
          ]
        },
        "subject": {
          "reference": "Patient/244474e6-0ab7-4d0b-b0e3-db18fc888915"
        },
        "performedDateTime": "2017-10-28T13:47:39Z"
      },
      "search": {
        "mode": "match"
      }
    }
  ]
}
