{
  "resourceType": "Bundle",
  "id": "4c729af5-18c5-4fbe-8704-000e8fae0330",
  "meta": {
    "lastUpdated": "2022-01-20T16:04:59.920+00:00"
  },
  "type": "searchset",
  "link": [
    {
      "relation": "self",
      "url": "/Procedure?_getpages=4c729af5-18c5-4fbe-8704-000e8fae0330&_getpagesoffset=3&_count=35&_pretty=true&_bundletype=searchset"
    },
    {
      "relation": "previous",
      "url": "/Procedure?_getpages=4c729af5-18c5-4fbe-8704-000e8fae0330&_getpagesoffset=2&_count=35&_pretty=true&_bundletype=searchset"
    }
  ],
  "entry": [
    {
      "resource": {
        "resourceType": "Procedure",
        "id": "qOEv3g1sed193jceXTKVnMjBYWBXOMkGONPyAzO-a0Q",
        "meta": {
          "versionId": "1",
          "lastUpdated": "2021-12-30T22:40:40.260+00:00",
          "profile": [
            "http://hl7.org/fhir/us/core/StructureDefinition/us-core-procedure"
          ],
          "tag": [
            {
              "system": "http://changehealthcare.com/interop/hdc/sender_id",
              "code": "25a84116b4ba448097ea8d8c4ffaae11"
            },
            {
              "system": "http://changehealthcare.com/interop/hdc/usageindicator",
              "code": "t"
            },
            {
              "system": "http://changehealthcare.com/interop/hdc/record_type",
              "code": "A"
            },
            {
              "system": "http://changehealthcare.com/interop/hdc/date_time_reported",
              "code": "2021-12-29 00:50:06"
            },
            {
              "system": "http://changehealthcare.com/interop/hdc/tdt_epoch",
              "code": "1640901682193"
            },
            {
              "system": "http://changehealthcare.com/interop/hdc/tdt_iteration",
              "code": "1"
            },
            {
              "system": "http://changehealthcare.com/interop/hdc/record_uuid",
              "code": "0a191652-1f9f-49c6-b83b-fc4a64e86714"
            },
            {
              "system": "http://changehealthcare.com/interop/hdc/file_location",
              "code": "s3://enterprise-datalake-ingress-qatemp-us-east-1/interoperability/valid/clinical"
            }
          ]
        },
        "identifier": [
          {
            "value": "MP_CLINICALS_GAIA_PROC_001"
          }
        ],
        "status": "completed",
        "code": {
          "coding": [
            {
              "system": "http://snomed.info/sct",
              "code": "23426006",
              "display": "Measurement of respiratory function (procedure)"
            }
          ]
        },
        "subject": {
          "reference": "Patient/0a191652-1f9f-49c6-b83b-fc4a64e86714"
        },
        "performedDateTime": "2017-10-28T13:47:39Z"
      },
      "search": {
        "mode": "match"
      }
    },
    {
      "resource": {
        "resourceType": "Procedure",
        "id": "NIHUrQ96YmPJOuOkg-JYiI5ZSPG4zNig5CCpYowxvXA",
        "meta": {
          "versionId": "1",
          "lastUpdated": "2021-12-30T22:40:40.333+00:00",
          "profile": [
            "http://hl7.org/fhir/us/core/StructureDefinition/us-core-procedure"
          ],
          "tag": [
            {
              "system": "http://changehealthcare.com/interop/hdc/sender_id",
              "code": "25a84116b4ba448097ea8d8c4ffaae11"
            },
            {
              "system": "http://changehealthcare.com/interop/hdc/usageindicator",
              "code": "t"
            },
            {
              "system": "http://changehealthcare.com/interop/hdc/record_type",
              "code": "A"
            },
            {
              "system": "http://changehealthcare.com/interop/hdc/date_time_reported",
              "code": "2021-12-29 00:50:06"
            },
            {
              "system": "http://changehealthcare.com/interop/hdc/tdt_epoch",
              "code": "1640901682193"
            },
            {
              "system": "http://changehealthcare.com/interop/hdc/tdt_iteration",
              "code": "1"
            },
            {
              "system": "http://changehealthcare.com/interop/hdc/record_uuid",
              "code": "0a191652-1f9f-49c6-b83b-fc4a64e86714"
            },
            {
              "system": "http://changehealthcare.com/interop/hdc/file_location",
              "code": "s3://enterprise-datalake-ingress-qatemp-us-east-1/interoperability/valid/clinical"
            }
          ]
        },
        "identifier": [
          {
            "value": "MP_CLINICALS_GAIA_PROC_002"
          }
        ],
        "status": "completed",
        "code": {
          "coding": [
            {
              "system": "http://snomed.info/sct",
              "code": "60027007",
              "display": "Radiography of wrist (procedure)"
            }
          ]
        },
        "subject": {
          "reference": "Patient/0a191652-1f9f-49c6-b83b-fc4a64e86714"
        },
        "performedDateTime": "2017-11-01T13:54:39Z"
      },
      "search": {
        "mode": "match"
      }
    },
    {
      "resource": {
        "resourceType": "Procedure",
        "id": "Gqmo2ugJJPwxiHUwVMBcEmOvr2jSH2evFW66j0aYR64",
        "meta": {
          "versionId": "1",
          "lastUpdated": "2021-12-30T22:40:40.385+00:00",
          "profile": [
            "http://hl7.org/fhir/us/core/StructureDefinition/us-core-procedure"
          ],
          "tag": [
            {
              "system": "http://changehealthcare.com/interop/hdc/sender_id",
              "code": "25a84116b4ba448097ea8d8c4ffaae11"
            },
            {
              "system": "http://changehealthcare.com/interop/hdc/usageindicator",
              "code": "t"
            },
            {
              "system": "http://changehealthcare.com/interop/hdc/record_type",
              "code": "A"
            },
            {
              "system": "http://changehealthcare.com/interop/hdc/date_time_reported",
              "code": "2021-12-29 00:50:06"
            },
            {
              "system": "http://changehealthcare.com/interop/hdc/tdt_epoch",
              "code": "1640901682193"
            },
            {
              "system": "http://changehealthcare.com/interop/hdc/tdt_iteration",
              "code": "1"
            },
            {
              "system": "http://changehealthcare.com/interop/hdc/record_uuid",
              "code": "0a191652-1f9f-49c6-b83b-fc4a64e86714"
            },
            {
              "system": "http://changehealthcare.com/interop/hdc/file_location",
              "code": "s3://enterprise-datalake-ingress-qatemp-us-east-1/interoperability/valid/clinical"
            }
          ]
        },
        "identifier": [
          {
            "value": "MP_CLINICALS_GAIA_PROC_003"
          }
        ],
        "status": "completed",
        "code": {
          "coding": [
            {
              "system": "http://snomed.info/sct",
              "code": "274474001",
              "display": "Bone immobilization (procedure)"
            }
          ]
        },
        "subject": {
          "reference": "Patient/0a191652-1f9f-49c6-b83b-fc4a64e86714"
        },
        "performedDateTime": "2017-11-01T13:54:39Z"
      },
      "search": {
        "mode": "match"
      }
    }
  ]
}
