{
  "data": [
    {
      "id": "6275135",
      "type": "providerAddresses",
      "addressType": "Billing",
      "address1": "6700 BAUM DR",
      "address2": "SUITE ONE",
      "city": "KNOXVILLE",
      "state": "TN",
      "zipcode": "37919",
      "latitude": 35.937389,
      "longitude": -84.042236
    },
    {
      "id": "4712378",
      "type": "providerAddresses",
      "addressType": "service_location",
      "address1": "5045 OLD HICKORY BLVD",
      "address2": "SUITE 201",
      "city": "HERMITAGE",
      "state": "TN",
      "zipcode": "37076",
      "latitude": 36.192719,
      "longitude": -86.618027
    }
  ]
}
