{
  "hasRatingSummary": false,
  "specialties": [
    {
      "name": "Family Medicine",
      "count": 13
    },
    {
      "name": "Internal Medicine",
      "count": 8
    },
    {
      "name": "Dermatology",
      "count": 6
    },
    {
      "name": "Neurology",
      "count": 4
    },
    {
      "name": "Endodontist",
      "count": 3
    },
    {
      "name": "Pediatrics",
      "count": 3
    },
    {
      "name": "Orthopedic Surgery",
      "count": 3
    },
    {
      "name": "Rheumatology",
      "count": 2
    },
    {
      "name": "ENT - Otolaryngology",
      "count": 2
    },
    {
      "name": "Hematology",
      "count": 2
    },
    {
      "name": "Cardiovascular Medicine",
      "count": 2
    },
    {
      "name": "Sports Medicine",
      "count": 1
    },
    {
      "name": "Nephrology",
      "count": 1
    },
    {
      "name": "Feet/lower extremity",
      "count": 1
    },
    {
      "name": "Urology",
      "count": 1
    },
    {
      "name": "Pediatric Endocrinology",
      "count": 1
    },
    {
      "name": "Ophthalmology",
      "count": 1
    },
    {
      "name": "Pediatric Neurology",
      "count": 1
    },
    {
      "name": "Oncology",
      "count": 1
    },
    {
      "name": "Gynecology",
      "count": 1
    }
  ],
  "data": [
    {
      "id": "L-39173990-3157404-",
      "type": "medExpectedCosts",
      "expectedCost": 93.05,
      "specialtyName": "Internal Medicine",
      "preferred": false,
      "designationRank": null,
      "provider": {
        "id": "7027448",
        "type": "providers",
        "providerType": "OtherFacility",
        "name": "CENTER FOR MEDICINE, ENDOCRINOLOGY AND DIABETES, LLC",
        "npi": "1639289515",
        "website": null,
        "locationAgnostic": false,
        "serviceLocation": {
          "id": "3157404",
          "type": "providerAddresses",
          "externalId": null,
          "address1": "5667 PEACHTREE DUNWOODY RD NE",
          "address2": "SUITE 150",
          "city": "ATLANTA",
          "state": "GA",
          "zipcode": "30342",
          "distance": 86.8,
          "latitude": 33.9095,
          "longitude": -84.350899
        },
        "phoneNumber": "4042560775",
        "qualityRating": {
          "score": null,
          "maxScore": 100
        },
        "qualitySummary": {
          "ratingSummary": null,
          "reviewSummary": null
        },
        "designationPrimarySortingGroup": null,
        "designationLabels": [],
        "designationLogos": []
      },
      "secondaryProvider": null,
      "distinctions": null
    },
    {
      "id": "L-38845216-7396174-",
      "type": "medExpectedCosts",
      "expectedCost": 93.05,
      "specialtyName": "Internal Medicine",
      "preferred": false,
      "designationRank": null,
      "provider": {
        "id": "7124010",
        "type": "providers",
        "providerType": "Physician",
        "name": "GWINNETT INTERNAL MEDICINE ASSOCIATES LLC",
        "npi": "1396803755",
        "website": null,
        "locationAgnostic": false,
        "serviceLocation": {
          "id": "7396174",
          "type": "providerAddresses",
          "externalId": null,
          "address1": "601 OLD NORCROSS RD",
          "address2": "STE A",
          "city": "LAWRENCEVILLE",
          "state": "GA",
          "zipcode": "30046",
          "distance": 94.1,
          "latitude": 33.959073,
          "longitude": -84.008691
        },
        "phoneNumber": "7709632474",
        "qualityRating": {
          "score": null,
          "maxScore": 100
        },
        "qualitySummary": {
          "ratingSummary": null,
          "reviewSummary": null
        },
        "designationPrimarySortingGroup": null,
        "designationLabels": [],
        "designationLogos": []
      },
      "secondaryProvider": null,
      "distinctions": null
    },
    {
      "id": "L-47254601-7995706-",
      "type": "medExpectedCosts",
      "expectedCost": 95.24,
      "specialtyName": "Internal Medicine",
      "preferred": false,
      "designationRank": null,
      "provider": {
        "id": "8258062",
        "type": "providers",
        "providerType": "Physician",
        "name": "TENNESSEE VALLEY INTERNAL MEDICINE, PC",
        "npi": "1174892780",
        "website": null,
        "locationAgnostic": false,
        "serviceLocation": {
          "id": "7995706",
          "type": "providerAddresses",
          "externalId": null,
          "address1": "3809 SULLIVAN ST",
          "address2": "SUITE 7",
          "city": "MADISON",
          "state": "AL",
          "zipcode": "35758",
          "distance": 95.2,
          "latitude": 34.7108,
          "longitude": -86.7425
        },
        "phoneNumber": "2564281096",
        "qualityRating": {
          "score": null,
          "maxScore": 100
        },
        "qualitySummary": {
          "ratingSummary": null,
          "reviewSummary": null
        },
        "designationPrimarySortingGroup": null,
        "designationLabels": [],
        "designationLogos": []
      },
      "secondaryProvider": null,
      "distinctions": null
    },
    {
      "id": "L-41884385-4062043-",
      "type": "medExpectedCosts",
      "expectedCost": 102.35,
      "specialtyName": "Internal Medicine",
      "preferred": false,
      "designationRank": null,
      "provider": {
        "id": "7242855",
        "type": "providers",
        "providerType": "OtherFacility",
        "name": "SUBURBAN MEDICAL CENTER",
        "npi": "1154443414",
        "website": null,
        "locationAgnostic": false,
        "serviceLocation": {
          "id": "4062043",
          "type": "providerAddresses",
          "externalId": null,
          "address1": "5075 PEACHTREE PKWY",
          "address2": "SUITE 106",
          "city": "NORCROSS",
          "state": "GA",
          "zipcode": "30092",
          "distance": 86.6,
          "latitude": 33.984955,
          "longitude": -84.212799
        },
        "phoneNumber": "7705821300",
        "qualityRating": {
          "score": null,
          "maxScore": 100
        },
        "qualitySummary": {
          "ratingSummary": null,
          "reviewSummary": null
        },
        "designationPrimarySortingGroup": null,
        "designationLabels": [],
        "designationLogos": []
      },
      "secondaryProvider": null,
      "distinctions": null
    },
    {
      "id": "L-38845002-3419685-",
      "type": "medExpectedCosts",
      "expectedCost": 158.58,
      "specialtyName": "Internal Medicine",
      "preferred": false,
      "designationRank": null,
      "provider": {
        "id": "7085532",
        "type": "providers",
        "providerType": "Physician",
        "name": "HARSCH AND OSBORNE, MD, PC",
        "npi": "1972686186",
        "website": null,
        "locationAgnostic": false,
        "serviceLocation": {
          "id": "3419685",
          "type": "providerAddresses",
          "externalId": null,
          "address1": "105 CARNEGIE PL",
          "address2": "STE 103",
          "city": "FAYETTEVILLE",
          "state": "GA",
          "zipcode": "30214",
          "distance": 111.8,
          "latitude": 33.467941,
          "longitude": -84.480629
        },
        "phoneNumber": "7707167999",
        "qualityRating": {
          "score": null,
          "maxScore": 100
        },
        "qualitySummary": {
          "ratingSummary": null,
          "reviewSummary": null
        },
        "designationPrimarySortingGroup": null,
        "designationLabels": [],
        "designationLogos": []
      },
      "secondaryProvider": null,
      "distinctions": null
    },
    {
      "id": "L-49772966-7356017-",
      "type": "medExpectedCosts",
      "expectedCost": 161.56,
      "specialtyName": "Internal Medicine",
      "preferred": false,
      "designationRank": null,
      "provider": {
        "id": "7927040",
        "type": "providers",
        "providerType": "Physician",
        "name": "WELLSTAR KENNESAW MEDICAL CENTER",
        "npi": "1376849919",
        "website": null,
        "locationAgnostic": false,
        "serviceLocation": {
          "id": "7356017",
          "type": "providerAddresses",
          "externalId": null,
          "address1": "3805 CHEROKEE ST NW",
          "address2": "",
          "city": "KENNESAW",
          "state": "GA",
          "zipcode": "30144",
          "distance": 71.9,
          "latitude": 34.046539,
          "longitude": -84.601051
        },
        "phoneNumber": "7704265666",
        "qualityRating": {
          "score": null,
          "maxScore": 100
        },
        "qualitySummary": {
          "ratingSummary": null,
          "reviewSummary": null
        },
        "designationPrimarySortingGroup": null,
        "designationLabels": [],
        "designationLogos": []
      },
      "secondaryProvider": null,
      "distinctions": null
    },
    {
      "id": "L-48729911-8313439-",
      "type": "medExpectedCosts",
      "expectedCost": 164.14,
      "specialtyName": "Internal Medicine",
      "preferred": false,
      "designationRank": null,
      "provider": {
        "id": "6900681",
        "type": "providers",
        "providerType": "Physician",
        "name": "PIEDMONT MEDICAL CARE CORPORATION",
        "npi": "1912956046",
        "website": null,
        "locationAgnostic": false,
        "serviceLocation": {
          "id": "8313439",
          "type": "providerAddresses",
          "externalId": null,
          "address1": "2727 PACES FERRY RD SE",
          "address2": "SUITE 1-1100",
          "city": "ATLANTA",
          "state": "GA",
          "zipcode": "30339",
          "distance": 86.2,
          "latitude": 33.866817,
          "longitude": -84.4748
        },
        "phoneNumber": "7708012500",
        "qualityRating": {
          "score": null,
          "maxScore": 100
        },
        "qualitySummary": {
          "ratingSummary": null,
          "reviewSummary": null
        },
        "designationPrimarySortingGroup": null,
        "designationLabels": [],
        "designationLogos": []
      },
      "secondaryProvider": null,
      "distinctions": null
    },
    {
      "id": "L-49772529-6643568-",
      "type": "medExpectedCosts",
      "expectedCost": 164.14,
      "specialtyName": "Internal Medicine",
      "preferred": false,
      "designationRank": null,
      "provider": {
        "id": "7027401",
        "type": "providers",
        "providerType": "Physician",
        "name": "T DOUGLAS GURLEY MD LLC",
        "npi": "1245340835",
        "website": null,
        "locationAgnostic": false,
        "serviceLocation": {
          "id": "6643568",
          "type": "providerAddresses",
          "externalId": null,
          "address1": "659 AUBURN AVE NE",
          "address2": "SUITE 156",
          "city": "ATLANTA",
          "state": "GA",
          "zipcode": "30312",
          "distance": 90.8,
          "latitude": 33.829742,
          "longitude": -84.381531
        },
        "phoneNumber": "4048880228",
        "qualityRating": {
          "score": null,
          "maxScore": 100
        },
        "qualitySummary": {
          "ratingSummary": null,
          "reviewSummary": null
        },
        "designationPrimarySortingGroup": null,
        "designationLabels": [],
        "designationLogos": []
      },
      "secondaryProvider": null,
      "distinctions": null
    }
  ],
  "offset": 0,
  "highestReviewNumber": 0,
  "localAverage": {
    "minValue": 93.05,
    "maxValue": 164.14
  },
  "limit": 10,
  "links": {
    "first": "/provider_service_groups/71/costs?origin=35.00323%2C-85.101045&specialty=Internal%20Medicine&distance=150&offset=0",
    "last": "/provider_service_groups/71/costs?origin=35.00323%2C-85.101045&specialty=Internal%20Medicine&distance=150&offset=0",
    "prev": null,
    "next": null
  },
  "highestRatingNumber": 0,
  "nationalAverage": {
    "minValue": 104,
    "maxValue": 159
  },
  "totalCount": 8,
  "hasReviewSummary": false
}
