{
  "hasRatingSummary": false,
  "specialties": [
    {
      "name": "Family Medicine",
      "count": 13
    },
    {
      "name": "Internal Medicine",
      "count": 8
    },
    {
      "name": "Dermatology",
      "count": 6
    },
    {
      "name": "Neurology",
      "count": 4
    },
    {
      "name": "Endodontist",
      "count": 3
    },
    {
      "name": "Pediatrics",
      "count": 3
    },
    {
      "name": "Orthopedic Surgery",
      "count": 3
    },
    {
      "name": "Rheumatology",
      "count": 2
    },
    {
      "name": "ENT - Otolaryngology",
      "count": 2
    },
    {
      "name": "Hematology",
      "count": 2
    },
    {
      "name": "Cardiovascular Medicine",
      "count": 2
    },
    {
      "name": "Sports Medicine",
      "count": 1
    },
    {
      "name": "Nephrology",
      "count": 1
    },
    {
      "name": "Feet/lower extremity",
      "count": 1
    },
    {
      "name": "Urology",
      "count": 1
    },
    {
      "name": "Pediatric Endocrinology",
      "count": 1
    },
    {
      "name": "Ophthalmology",
      "count": 1
    },
    {
      "name": "Pediatric Neurology",
      "count": 1
    },
    {
      "name": "Oncology",
      "count": 1
    },
    {
      "name": "Gynecology",
      "count": 1
    }
  ],
  "data": [
    {
      "id": "L-47254317-3627949-",
      "type": "medExpectedCosts",
      "expectedCost": 76.09,
      "specialtyName": "Neurology",
      "preferred": false,
      "designationRank": null,
      "provider": {
        "id": "7132893",
        "type": "providers",
        "providerType": "Physician",
        "name": "NEWTON NEUROLOGY ASSOCIATES, P.C.",
        "npi": "1942362991",
        "website": null,
        "locationAgnostic": false,
        "serviceLocation": {
          "id": "3627949",
          "type": "providerAddresses",
          "externalId": null,
          "address1": "833 SAINT VINCENTS DR",
          "address2": "SUITE 501",
          "city": "BIRMINGHAM",
          "state": "AL",
          "zipcode": "35205",
          "distance": 137.8,
          "latitude": 33.569397,
          "longitude": -86.782585
        },
        "phoneNumber": "2059180507",
        "qualityRating": {
          "score": null,
          "maxScore": 100
        },
        "qualitySummary": {
          "ratingSummary": null,
          "reviewSummary": null
        },
        "designationPrimarySortingGroup": null,
        "designationLabels": [],
        "designationLogos": []
      },
      "secondaryProvider": null,
      "distinctions": null
    },
    {
      "id": "L-47933049-6542471-",
      "type": "medExpectedCosts",
      "expectedCost": 93.05,
      "specialtyName": "Neurology",
      "preferred": false,
      "designationRank": null,
      "provider": {
        "id": "4931476",
        "type": "providers",
        "providerType": "Physician",
        "name": "BADAR H SYED MD",
        "npi": "1629038179",
        "website": null,
        "locationAgnostic": false,
        "serviceLocation": {
          "id": "6542471",
          "type": "providerAddresses",
          "externalId": null,
          "address1": "2121 FOUNTAIN DR",
          "address2": "SUITE G",
          "city": "SNELLVILLE",
          "state": "GA",
          "zipcode": "30078",
          "distance": 100.3,
          "latitude": 33.863453,
          "longitude": -84.008064
        },
        "phoneNumber": "7709723002",
        "qualityRating": {
          "score": 61,
          "maxScore": 100
        },
        "qualitySummary": {
          "ratingSummary": null,
          "reviewSummary": {
            "id": 132885,
            "type": "providerReviewSummary",
            "score": 4,
            "count": "37",
            "displayType": "Stars"
          }
        },
        "designationPrimarySortingGroup": null,
        "designationLabels": [],
        "designationLogos": []
      },
      "secondaryProvider": null,
      "distinctions": null
    },
    {
      "id": "L-50010375-3278311-",
      "type": "medExpectedCosts",
      "expectedCost": 111.66,
      "specialtyName": "Neurology",
      "preferred": false,
      "designationRank": null,
      "provider": {
        "id": "7057570",
        "type": "providers",
        "providerType": "Hospital",
        "name": "SHEPHERD CENTER INC",
        "npi": "1043311715",
        "website": null,
        "locationAgnostic": false,
        "serviceLocation": {
          "id": "3278311",
          "type": "providerAddresses",
          "externalId": null,
          "address1": "2020 PEACHTREE RD NW",
          "address2": "",
          "city": "ATLANTA",
          "state": "GA",
          "zipcode": "30309",
          "distance": 91.7,
          "latitude": 33.810455,
          "longitude": -84.394096
        },
        "phoneNumber": "4043671383",
        "qualityRating": {
          "score": null,
          "maxScore": 100
        },
        "qualitySummary": {
          "ratingSummary": null,
          "reviewSummary": null
        },
        "designationPrimarySortingGroup": null,
        "designationLabels": [],
        "designationLogos": []
      },
      "secondaryProvider": null,
      "distinctions": null
    },
    {
      "id": "L-46812327-2618204-",
      "type": "medExpectedCosts",
      "expectedCost": 150.0,
      "specialtyName": "Neurology",
      "preferred": false,
      "designationRank": null,
      "provider": {
        "id": "6902230",
        "type": "providers",
        "providerType": "Physician",
        "name": "NORTHEAST GEORGIA PHYSICIANS GROUP, INC.",
        "npi": "1891745212",
        "website": null,
        "locationAgnostic": false,
        "serviceLocation": {
          "id": "2618204",
          "type": "providerAddresses",
          "externalId": null,
          "address1": "601 S ENOTA DR NE",
          "address2": "SUITE Q",
          "city": "GAINESVILLE",
          "state": "GA",
          "zipcode": "30501",
          "distance": 87.2,
          "latitude": 34.311695,
          "longitude": -83.815712
        },
        "phoneNumber": "7702198420",
        "qualityRating": {
          "score": null,
          "maxScore": 100
        },
        "qualitySummary": {
          "ratingSummary": null,
          "reviewSummary": null
        },
        "designationPrimarySortingGroup": null,
        "designationLabels": [],
        "designationLogos": []
      },
      "secondaryProvider": null,
      "distinctions": null
    }
  ],
  "offset": 0,
  "highestReviewNumber": 4,
  "localAverage": {
    "minValue": 76.09,
    "maxValue": 150.0
  },
  "limit": 10,
  "links": {
    "first": "/provider_service_groups/71/costs?origin=35.00323%2C-85.101045&specialty=Neurology&distance=150&offset=0",
    "last": "/provider_service_groups/71/costs?origin=35.00323%2C-85.101045&specialty=Neurology&distance=150&offset=0",
    "prev": null,
    "next": null
  },
  "highestRatingNumber": 0,
  "nationalAverage": {
    "minValue": 104,
    "maxValue": 159
  },
  "totalCount": 4,
  "hasReviewSummary": true
}
