{
  "hasRatingSummary": true,
  "specialties": [],
  "data": [
    {
      "id": "L-49540999-2783853-",
      "type": "medExpectedCosts",
      "expectedCost": 583.97,
      "specialtyName": null,
      "preferred": false,
      "designationRank": null,
      "provider": {
        "id": "6941729",
        "type": "providers",
        "providerType": "Hospital",
        "name": "NORTHSIDE HOSPITAL",
        "npi": "1457396079",
        "website": null,
        "locationAgnostic": false,
        "serviceLocation": {
          "id": "2783853",
          "type": "providerAddresses",
          "externalId": null,
          "address1": "1100 JOHNSON FERRY RD NE",
          "address2": "",
          "city": "ATLANTA",
          "state": "GA",
          "zipcode": "30342",
          "distance": 87.0,
          "latitude": 33.906601,
          "longitude": -84.349678
        },
        "phoneNumber": "4048518000",
        "qualityRating": {
          "score": 72,
          "maxScore": 100
        },
        "qualitySummary": {
          "ratingSummary": {
            "id": 13823,
            "type": "providerRatingSummary",
            "score": 4,
            "displayType": "Circles"
          },
          "reviewSummary": {
            "id": 599875,
            "type": "providerReviewSummary",
            "score": 4,
            "count": "6039",
            "displayType": "Stars"
          }
        },
        "designationPrimarySortingGroup": null,
        "designationLabels": [],
        "designationLogos": []
      },
      "secondaryProvider": null,
      "otherMedExpectedCosts": [],
      "distinctions": null
    }
  ],
  "offset": 0,
  "highestReviewNumber": 4,
  "localAverage": {
    "minValue": null,
    "maxValue": null
  },
  "limit": 10,
  "links": {
    "first": "/provider_service_groups/530/costs?origin=35.00323%2C-85.101045&distance=150&reviewFilter=3&ratingFilter=3&offset=0",
    "last": "/provider_service_groups/530/costs?origin=35.00323%2C-85.101045&distance=150&reviewFilter=3&ratingFilter=3&offset=0",
    "prev": null,
    "next": null
  },
  "highestRatingNumber": 4,
  "nationalAverage": {
    "minValue": 143,
    "maxValue": 423
  },
  "totalCount": 1,
  "hasReviewSummary": true
}
