{
  "data": {
    "indexName": "providers",
    "hits": [
      {
        "credentials": "",
        "npi": [1730169954],
        "alias": "ALLEN,VAUGHAN,A,MD,Vaughan A. Allen",
        "id": "4831674",
        "type": "Physician",
        "name": "VAUGHAN A ALLEN M.D.",
        "distance": 0.9,
        "qualitySummary": {
          "reviewSummaryScore": "5",
          "ratingSummaryScore": "",
          "reviewSummaryCount": "48"
        },
        "primarySpecialty": "Neurosurgery",
        "medicalProviderId": 4831674
      },
      {
        "credentials": "",
        "npi": [1083981815],
        "alias": "",
        "id": "8234063",
        "type": "NonPhysician",
        "name": "JORDAN VAUGHAN APN",
        "distance": 0.9,
        "qualitySummary": {
          "reviewSummaryScore": "",
          "ratingSummaryScore": "",
          "reviewSummaryCount": ""
        },
        "primarySpecialty": "Nurse Practitioner (NP)",
        "medicalProviderId": 8234063
      },
      {
        "credentials": "",
        "npi": [1720289705],
        "alias": "",
        "id": "6199638",
        "type": "NonPhysician",
        "name": "LEIGH VAUGHAN APRN",
        "distance": 1.9,
        "qualitySummary": {
          "reviewSummaryScore": "",
          "ratingSummaryScore": "",
          "reviewSummaryCount": ""
        },
        "primarySpecialty": "Nurse Practitioner (NP)",
        "medicalProviderId": 6199638
      },
      {
        "credentials": "",
        "npi": [1053639369],
        "alias": "",
        "id": "7730780",
        "type": "NonPhysician",
        "name": "HEATHER ALLEN ",
        "distance": 0.9,
        "qualitySummary": {
          "reviewSummaryScore": "",
          "ratingSummaryScore": "",
          "reviewSummaryCount": ""
        },
        "primarySpecialty": "Registered Nurse (RN)",
        "medicalProviderId": 7730780
      },
      {
        "credentials": "",
        "npi": [1346504529],
        "alias": "",
        "id": "8416135",
        "type": "OtherFacility",
        "name": "ALLEN VANTREASE ",
        "distance": 24.8,
        "qualitySummary": {
          "reviewSummaryScore": "",
          "ratingSummaryScore": "",
          "reviewSummaryCount": ""
        },
        "primarySpecialty": "Non-Hospital Facility",
        "medicalProviderId": 8416135
      },
      {
        "credentials": "",
        "npi": [1225105844],
        "alias": "",
        "id": "5701897",
        "type": "NonPhysician",
        "name": "TERRI ALLEN ATWOOD M.A.",
        "distance": 4.9,
        "qualitySummary": {
          "reviewSummaryScore": "",
          "ratingSummaryScore": "",
          "reviewSummaryCount": ""
        },
        "primarySpecialty": "Counselor",
        "medicalProviderId": 5701897
      },
      {
        "credentials": "",
        "npi": [1922410687],
        "alias": "",
        "id": "8951478",
        "type": "NonPhysician",
        "name": "STEPHANIE NICOLE ALLEN A.P.N.",
        "distance": 16,
        "qualitySummary": {
          "reviewSummaryScore": "",
          "ratingSummaryScore": "",
          "reviewSummaryCount": ""
        },
        "primarySpecialty": "Nurse Practitioner (NP)",
        "medicalProviderId": 8951478
      },
      {
        "credentials": "",
        "npi": [1831512904],
        "alias": "",
        "id": "8849921",
        "type": "NonPhysician",
        "name": "CATHERINE ANN ALLEN ",
        "distance": 19.5,
        "qualitySummary": {
          "reviewSummaryScore": "",
          "ratingSummaryScore": "",
          "reviewSummaryCount": ""
        },
        "primarySpecialty": "Mental Health Counselor",
        "medicalProviderId": 8849921
      },
      {
        "credentials": "",
        "npi": [1932488988],
        "alias": "",
        "id": "8078264",
        "type": "Physician",
        "name": "MATTHEW ALLEN HATCHER ATC",
        "distance": 1.9,
        "qualitySummary": {
          "reviewSummaryScore": "",
          "ratingSummaryScore": "",
          "reviewSummaryCount": ""
        },
        "primarySpecialty": "Preventive Medicine",
        "medicalProviderId": 8078264
      },
      {
        "credentials": "",
        "npi": [1477754448],
        "alias": "",
        "id": "6198505",
        "type": "NonPhysician",
        "name": "SHEREE ALLEN APRN",
        "distance": 1.9,
        "qualitySummary": {
          "reviewSummaryScore": "",
          "ratingSummaryScore": "",
          "reviewSummaryCount": ""
        },
        "primarySpecialty": "Nurse Practitioner (NP)",
        "medicalProviderId": 6198505
      },
      {
        "credentials": "",
        "npi": [1316242027],
        "alias": "ARGIE LORRIANE ALLEN ",
        "id": "7916121",
        "type": "NonPhysician",
        "name": "ARGIE LORRIANE ALLEN P.T.",
        "distance": 2.1,
        "qualitySummary": {
          "reviewSummaryScore": "",
          "ratingSummaryScore": "",
          "reviewSummaryCount": ""
        },
        "primarySpecialty": "Physical Therapist (PT)",
        "medicalProviderId": 7916121
      },
      {
        "credentials": "",
        "npi": [1528050739],
        "alias": "ANDERSON,ALLEN,F,MD",
        "id": "4670908",
        "type": "Physician",
        "name": "ALLEN FRENCH ANDERSON MD",
        "distance": 4.2,
        "qualitySummary": {
          "reviewSummaryScore": "4",
          "ratingSummaryScore": "",
          "reviewSummaryCount": "45"
        },
        "primarySpecialty": "Orthopedic Surgery",
        "medicalProviderId": 4670908
      },
      {
        "credentials": "",
        "npi": [1508133273],
        "alias": "",
        "id": "8235196",
        "type": "NonPhysician",
        "name": "ANN M ALLEN DPH",
        "distance": 16,
        "qualitySummary": {
          "reviewSummaryScore": "",
          "ratingSummaryScore": "",
          "reviewSummaryCount": ""
        },
        "primarySpecialty": "Pharmacist",
        "medicalProviderId": 8235196
      },
      {
        "credentials": "",
        "npi": [1174575815],
        "alias": "",
        "id": "5033395",
        "type": "Physician",
        "name": "ANNA MARIE ALLEN M.D.",
        "distance": 7.4,
        "qualitySummary": {
          "reviewSummaryScore": "",
          "ratingSummaryScore": "",
          "reviewSummaryCount": ""
        },
        "primarySpecialty": "Emergency Medicine",
        "medicalProviderId": 5033395
      },
      {
        "credentials": "",
        "npi": [1497065890],
        "alias": "",
        "id": "7862000",
        "type": "NonPhysician",
        "name": "ANGELA DENISE ALLEN B.S.",
        "distance": 8,
        "qualitySummary": {
          "reviewSummaryScore": "",
          "ratingSummaryScore": "",
          "reviewSummaryCount": ""
        },
        "primarySpecialty": "Licensed Clinical Social Worker",
        "medicalProviderId": 7862000
      },
      {
        "credentials": "",
        "npi": [1932395639],
        "alias": "",
        "id": "6315056",
        "type": "Dentist",
        "name": "ALIREZA ALLEN BLOURCHIAN DDS",
        "distance": 17.1,
        "qualitySummary": {
          "reviewSummaryScore": "3",
          "ratingSummaryScore": "",
          "reviewSummaryCount": "1"
        },
        "primarySpecialty": "Dentistry",
        "medicalProviderId": 6315056
      },
      {
        "credentials": "",
        "npi": [1861817330],
        "alias": "",
        "id": "8867623",
        "type": "NonPhysician",
        "name": "RYAN ALLEN GANT APN",
        "distance": 1.9,
        "qualitySummary": {
          "reviewSummaryScore": "",
          "ratingSummaryScore": "",
          "reviewSummaryCount": ""
        },
        "primarySpecialty": "Nurse Practitioner (NP)",
        "medicalProviderId": 8867623
      },
      {
        "credentials": "",
        "npi": [1801928080],
        "alias": "",
        "id": "5975832",
        "type": "NonPhysician",
        "name": "SHEILA FAYE ALLEN RN",
        "distance": 0.7,
        "qualitySummary": {
          "reviewSummaryScore": "",
          "ratingSummaryScore": "",
          "reviewSummaryCount": ""
        },
        "primarySpecialty": "Registered Nurse (RN)",
        "medicalProviderId": 5975832
      },
      {
        "credentials": "",
        "npi": [1669809141],
        "alias": "",
        "id": "8779464",
        "type": "NonPhysician",
        "name": "CAITLIN ELIZABETH ALLEN NP",
        "distance": 0.9,
        "qualitySummary": {
          "reviewSummaryScore": "",
          "ratingSummaryScore": "",
          "reviewSummaryCount": ""
        },
        "primarySpecialty": "Nurse Practitioner (NP)",
        "medicalProviderId": 8779464
      },
      {
        "credentials": "",
        "npi": [1548395320],
        "alias": "ALLEN,BRADY,L,MD,Brady W. Allen",
        "id": "5924519",
        "type": "Physician",
        "name": "BRADY WEST ALLEN MD",
        "distance": 1.4,
        "qualitySummary": {
          "reviewSummaryScore": "3",
          "ratingSummaryScore": "",
          "reviewSummaryCount": "3"
        },
        "primarySpecialty": "Emergency Medicine",
        "medicalProviderId": 5924519
      }
    ],
    "query": "Allen, Vaughan A",
    "totalHits": 107,
    "totalPages": 5,
    "type": "Search_providers"
  }
}
