{
  "data": {
    "id": "4831674",
    "type": "providers",
    "providerType": "Physician",
    "firstName": "VAUGHAN A ALLEN M.D.",
    "lastName": "",
    "suffix": "",
    "facilityName": "VAUGHAN A ALLEN M.D.",
    "name": "VAUGHAN A ALLEN M.D.",
    "phoneNumber": "6153279543",
    "providerGroupName": "Neurosurgery",
    "gender": "M",
    "summaryQualityRating": 61,
    "qualitySummary": {
      "ratingSummary": {
        "id": 13823,
        "type": "providerRatingSummary",
        "score": 4,
        "displayType": "Circles"
      },
      "reviewSummary": {
        "id": 55186,
        "type": "providerReviewSummary",
        "score": 5,
        "count": "48",
        "displayType": "Stars"
      }
    },
    "maxSummaryQualityRating": 100,
    "acceptingNewPatients": false,
    "designationPrimarySortingGroup": null,
    "pharmacyChainId": null,
    "spokenLanguages": [],
    "networks": [
      "BCBST Network P",
      "BCBST Network S",
      "AETNA_MEDICAL",
      "AETNA_SPECIALTY",
      "UGS CIGNA"
    ],
    "boardCertifications": [],
    "specialties": ["Neurosurgery"],
    "affiliations": [
      {
        "affiliationType": "Hospital",
        "description": "TRISTAR ASHLAND CITY MEDICAL CENTER"
      },
      {
        "affiliationType": "Hospital",
        "description": "CENTENNIAL MEDICAL CENTER"
      },
      {
        "affiliationType": "Hospital",
        "description": "ST THOMAS HOSPITAL"
      },
      {
        "affiliationType": "Hospital",
        "description": "NASHVILLE REHABILITATION HOSPITAL"
      },
      {
        "affiliationType": "Hospital",
        "description": "SKYLINE MEDICAL CENTER"
      },
      {
        "affiliationType": "Hospital",
        "description": "BAPTIST HOSPITAL"
      }
    ],
    "website": null,
    "fax": "6153413569",
    "description": "VAUGHAN A ALLEN M.D, FCCP, is a graduate of George Washington University Medical School. He trained in internal medicine at the University of Oregon Health Sciences (UOHS) and pulmonary critical care medicine at UOHS and the University of Southern California.",
    "designationLabels": [],
    "designationLogos": []
  }
}
