{
  "data": {
    "id": "6985058",
    "type": "providers",
    "providerType": "Pharmacy",
    "firstName": "TARGET PHARMACY",
    "lastName": "",
    "suffix": "",
    "facilityName": "TARGET PHARMACY",
    "name": "TARGET PHARMACY",
    "phoneNumber": "6153528484",
    "providerGroupName": "Pharmacy",
    "gender": "",
    "summaryQualityRating": 0,
    "qualitySummary": {
      "ratingSummary": null,
      "reviewSummary": null
    },
    "maxSummaryQualityRating": 100,
    "acceptingNewPatients": false,
    "designationPrimarySortingGroup": null,
    "pharmacyChainId": "8",
    "spokenLanguages": [],
    "networks": [],
    "boardCertifications": [],
    "specialties": [
      "Pharmacy",
      "Home / Durable Medical Suppliers (DME)",
      "Pharmacy",
      "Pharmacy"
    ],
    "affiliations": [],
    "website": null,
    "fax": "6153528484",
    "description": "This is description for the target pahrmacy.",
    "designationLabels": [],
    "designationLogos": []
  }
}
