{
  "data": {
    "id": "6993993",
    "type": "providers",
    "providerType": "Pharmacy",
    "firstName": "WALGREENS",
    "lastName": "",
    "suffix": "",
    "facilityName": "WALGREENS",
    "name": "WALGREENS",
    "phoneNumber": "6152564600",
    "providerGroupName": "Pharmacy",
    "gender": "",
    "summaryQualityRating": 0,
    "qualitySummary": {
      "ratingSummary": null,
      "reviewSummary": null
    },
    "maxSummaryQualityRating": 100,
    "acceptingNewPatients": false,
    "designationPrimarySortingGroup": null,
    "pharmacyChainId": "6",
    "spokenLanguages": [],
    "networks": [],
    "boardCertifications": [],
    "specialties": [
      "Pharmacy",
      "Home / Durable Medical Suppliers (DME)",
      "Pharmacy",
      "Pharmacy"
    ],
    "affiliations": [],
    "website": null,
    "fax": "2175548546",
    "description": null,
    "designationLabels": [],
    "designationLogos": []
  }
}
