{
  "data": {
    "id": "7375726",
    "type": "providers",
    "providerType": "Physician",
    "firstName": "VANDERBILT ASTHMA SINUS AND ALLERGY PROGRAM, LLC",
    "lastName": "",
    "suffix": "",
    "facilityName": "VANDERBILT ASTHMA SINUS AND ALLERGY PROGRAM, LLC",
    "name": "VANDERBILT ASTHMA SINUS AND ALLERGY PROGRAM, LLC",
    "phoneNumber": "6159362727",
    "providerGroupName": "Pulmonary/Allergy/Immunology",
    "gender": "",
    "summaryQualityRating": 0,
    "qualitySummary": {
      "ratingSummary": null,
      "reviewSummary": null
    },
    "maxSummaryQualityRating": 100,
    "acceptingNewPatients": false,
    "designationPrimarySortingGroup": null,
    "pharmacyChainId": null,
    "spokenLanguages": [],
    "networks": [],
    "boardCertifications": [],
    "specialties": ["Pulmonary/Allergy/Immunology"],
    "affiliations": [],
    "website": null,
    "fax": "6159365862",
    "description": null,
    "designationLabels": [],
    "designationLogos": []
  }
}
