{
  "data": {
    "id": "7426163",
    "type": "providers",
    "providerType": "UnspecifiedProvider",
    "firstName": "THE ALLERGY ASTHMA & SINUS CENTER",
    "lastName": "",
    "suffix": "",
    "facilityName": "THE ALLERGY ASTHMA & SINUS CENTER",
    "name": "THE ALLERGY ASTHMA & SINUS CENTER",
    "phoneNumber": "8655848588",
    "providerGroupName": "Non-Specific Provider",
    "gender": "",
    "summaryQualityRating": 0,
    "qualitySummary": {
      "ratingSummary": null,
      "reviewSummary": null
    },
    "maxSummaryQualityRating": 100,
    "acceptingNewPatients": false,
    "designationPrimarySortingGroup": null,
    "pharmacyChainId": null,
    "spokenLanguages": [],
    "networks": [],
    "boardCertifications": [],
    "specialties": ["Non-Specific Provider"],
    "affiliations": [],
    "website": null,
    "fax": "8655843364",
    "description": null,
    "designationLabels": [],
    "designationLogos": []
  }
}
