[
  {
    "payerId": "aspire",
    "name": "Aspire",
    "types": "Health, Medicare & Dental",
    "isLinked": true,
    "isTopInsurance": true,
    "icon": "https://is2-ssl.mzstatic.com/image/thumb/Purple114/v4/e9/de/33/e9de3395-2eb2-caa5-fd3d-02ae200938e3/AppIcon-1x_U007emarketing-0-5-0-85-220.png/146x0w.png",
    "secretName": "cobalt/interop/p2p/medimpact/aspire"
  },
  {
    "payerId": "humana",
    "name": "Humana",
    "types": "Health",
    "isLinked": true,
    "isTopInsurance": true,
    "icon": "https://is2-ssl.mzstatic.com/image/thumb/Purple114/v4/09/c3/69/09c3696b-b618-8ce1-9834-e8daf2195d30/AppIcon-0-0-1x_U007emarketing-0-0-0-7-0-0-85-220.png/230x0w.png",
    "secretName": "cobalt/interop/p2p/humana/humana"
  },
  {
    "payerId": "leonhealth",
    "name": "Leon Health",
    "types": "Health",
    "isLinked": true,
    "isTopInsurance": true,
    "icon": "https://is1-ssl.mzstatic.com/image/thumb/Purple114/v4/0c/76/45/0c7645db-f200-f55e-58c7-c31771068925/AppIcon-0-0-1x_U007emarketing-0-0-0-10-0-0-sRGB-0-0-0-GLES2_U002c0-512MB-85-220-0-0.png/146x0w.webp",
    "secretName": "cobalt/interop/p2p/mhk/leonhealth"
  },
  {
    "payerId": "aetna",
    "name": "Aetna",
    "types": "Health",
    "isLinked": true,
    "isTopInsurance": true,
    "icon": "https://res.cloudinary.com/crunchbase-production/image/upload/c_lpad,h_170,w_170,f_auto,b_white,q_auto:eco,dpr_1/ichbm05766m8mrngncff",
    "secretName": "cobalt/interop/p2p/mhk/leonhealth"
  }
]
