{
  "grandTotalNetDue": 540.53,
  "grandTotalPastDue": 100.53,
  "pastDueDaySetting": 30,
  "obligations": [
    {
      "obligationId": "02816e06-925f-3b39-a6b7-519d295d2fed",
      "payerClaimId": "P3JKAJCY3",
      "payerClaimStatus": "paid",
      "serviceDate": "2017-03-01",
      "obligationState": "current",
      "readUnreadState": "read",
      "patient": {
        "id": "263291111",
        "relationship": "subscriber",
        "name": {
          "first": "Jane",
          "last": "Flores"
        }
      },
      "provider": {
        "id": "0005157584",
        "name": {
          "first": "Dr",
          "middle": "",
          "last": "Geddes"
        }
      },
      "totalBilled": 1440,
      "totalPatientResponsibility": 25,
      "totalNetDue": 0,
      "pastDueFlag": true,
      "claimInBillPay": true,
      "paymentDetail": {
        "paymentsAllowed": true,
        "paymentsNotAllowedReasons": null,
        "transactionCount": 71,
        "lastPaymentAmount": 1694,
        "lastPaymentDate": "10/29/2019",
        "lastPaymentStatus": "PROCESSING",
        "providerCustomerGuid": "41126d53-02a5-4802-8445-8ee5567f48f0",
        "policyHolderCustomerGuid": "ecb1d8a7-2bb8-4d78-84d4-6e7a64e8499b",
        "patientCustomerGuid": "80abeda0-654d-45a6-9f17-26d22de5bed8",
        "obligationGuid": "453309d0-e70d-45a4-90d2-23edd3c7ddfc"
      }
    },
    {
      "obligationId": "ff5ed2a9-9187-3120-ac07-cd4f6eee38ag",
      "payerClaimId": "P334AJCYI",
      "payerClaimStatus": "paid",
      "serviceDate": "2018-03-01",
      "obligationState": "current",
      "readUnreadState": "read",
      "patient": {
        "id": "263292222",
        "relationship": "dependent",
        "name": {
          "first": "George",
          "last": "Flores"
        }
      },
      "provider": {
        "id": "0004391177",
        "name": {
          "first": "Dr",
          "middle": "",
          "last": "Harbor"
        }
      },
      "totalBilled": 2880,
      "totalPatientResponsibility": 101.19,
      "totalNetDue": null,
      "pastDueFlag": true,
      "claimInBillPay": true,
      "paymentDetail": {
        "paymentsAllowed": true,
        "paymentsNotAllowedReasons": null,
        "transactionCount": 57,
        "lastPaymentAmount": 1,
        "lastPaymentDate": "10/29/2019",
        "lastPaymentStatus": "PROCESSING",
        "providerCustomerGuid": "41126d53-02a5-4802-8445-8ee5567f48f0",
        "policyHolderCustomerGuid": "30e7a936-8bb2-4e0e-938a-3823891071fa",
        "patientCustomerGuid": "2f71bc43-cb11-40c0-95ea-9e1640559d64",
        "obligationGuid": "abba0e97-5da0-4aad-ba8d-256fb5c0b2e9"
      }
    },
    {
      "obligationId": "ff5ed2a9-9187-3120-ac07-cd4f6eee38af",
      "payerClaimId": "P334AJCY0",
      "payerClaimStatus": "paid",
      "serviceDate": "2018-03-01",
      "obligationState": "current",
      "readUnreadState": "read",
      "patient": {
        "id": "263292222",
        "relationship": "dependent",
        "name": {
          "first": "George",
          "last": "Flores"
        }
      },
      "provider": {
        "id": "0004391177",
        "name": {
          "first": "Dr",
          "middle": "",
          "last": "Harbor"
        }
      },
      "totalBilled": 2880,
      "totalPatientResponsibility": 101.19,
      "totalNetDue": 100.53,
      "pastDueFlag": true,
      "claimInBillPay": true,
      "paymentDetail": {
        "paymentsAllowed": true,
        "paymentsNotAllowedReasons": null,
        "transactionCount": 57,
        "lastPaymentAmount": 1,
        "lastPaymentDate": "10/29/2019",
        "lastPaymentStatus": "PROCESSING",
        "providerCustomerGuid": "41126d53-02a5-4802-8445-8ee5567f48f0",
        "policyHolderCustomerGuid": "30e7a936-8bb2-4e0e-938a-3823891071fa",
        "patientCustomerGuid": "2f71bc43-cb11-40c0-95ea-9e1640559d64",
        "obligationGuid": "abba0e97-5da0-4aad-ba8d-256fb5c0b2e9"
      }
    },
    {
      "obligationId": "OBLIGATION123",
      "payerClaimId": "PAYERCLAIM123",
      "payerClaimStatus": "pending",
      "serviceDate": "2018-07-01",
      "obligationState": "current",
      "readUnreadState": "read",
      "patient": {
        "id": "263291117",
        "relationship": "dependent",
        "name": {
          "first": "Mary",
          "last": "Flores"
        }
      },
      "provider": {
        "id": "WESTERN123",
        "name": {
          "first": "",
          "middle": "",
          "last": "Western Sports Rehabilitation"
        }
      },
      "totalBilled": 1280,
      "totalPatientResponsibility": 440,
      "totalNetDue": 440,
      "pastDueFlag": false,
      "claimInBillPay": false,
      "paymentDetail": {
        "paymentsAllowed": true,
        "paymentsNotAllowedReasons": [
          {
            "code": "refunded",
            "description": "string"
          }
        ],
        "transactionCount": 0,
        "lastPaymentAmount": 0,
        "lastPaymentDate": "2018-02-17",
        "lastPaymentStatus": "PROCESSING",
        "providerCustomerGuid": "41126d53-02a5-4802-8445-8ee5567f48f0",
        "policyHolderCustomerGuid": "policyHolderCustomerGuid123",
        "patientCustomerGuid": "2f71bc43-cb11-40c0-95ea-9e1640559d64",
        "obligationGuid": "obligationGuid123"
      }
    }
  ]
}
