{
  "humanName": {
    "family": "COCKSHUTT",
    "given": [
      "SALOMON"
    ],
    "prefix": null,
    "suffix": null,
    "fullName": "Salomon Cockshutt"
  },
  "phone": "+972-54-2333123",
  "email": "salomon.cockshutt@gmail.com",
  "relationship": "self",
  "birthDate": "1958-01-10",
  "dateOfDeath": null,
  "gender": "male",
  "address": {
    "fullAddress": null,
    "line": [
      "3258 Harbord Drive"
    ],
    "city": "Oakland",
    "state": "CA",
    "postalCode": "94607",
    "country": "string"
  },
  "languages": [
    "es-MX",
    "fr-FR"
  ],
  "memberNumber": "100001",
  "subscriberNumber": "500001",
  "dependents": [
    {
      "dependentFullName": "Greg  Cockshutt",
      "dependentBirthDate": "2013-07-01",
      "dependentPlanName": "string",
      "dependentMemberNumber": "string"
    },
    {
      "dependentFullName": "Joe Cockshutt",
      "dependentBirthDate": "2010-09-01",
      "dependentPlanName": "string",
      "dependentMemberNumber": "string"
    },
    {
      "dependentFullName": "Kristen Cockshutt",
      "dependentBirthDate": "1991-01-17",
      "dependentPlanName": "string",
      "dependentMemberNumber": "string"
    },
    {
      "dependentFullName": "Baby Cockshutt",
      "dependentBirthDate": "2020-08-01",
      "dependentPlanName": "string",
      "dependentMemberNumber": "string"
    }
  ],
  "avatar": {
    "contentType": null,
    "data": null,
    "url": null
  }
}