[
  {
    "identifier": [
      {
        "system": "record_id",
        "value": "113"
      }
    ],
    "recorder": {
      "display": "Logan, James"
    },
    "code": {
      "coding": [
        {
          "system": "not_exist_in_mapping",
          "code": "not_exist_in_mapping",
          "display": "not_exist_in_mapping"
        }
      ],
      "text": "not_exist_in_mapping"
    },
    "clinicalStatus": {
      "coding": [
        {
          "system": "not_exist_in_mapping",
          "code": "not_exist_in_mapping",
          "display": "not_exist_in_mapping"
        }
      ],
      "text": "Active"
    },
    "onset": {
      "dateTime": "2017-01-11"
    },
    "reaction": [
      {
        "manifestation": [
          {
            "coding": [
              {
                "system": "SNOMED",
                "code": "79962008",
                "display": "Hives"
              }
            ],
            "text": "not_exist_in_mapping"
          }
        ],
        "severity": "Moderate",
        "substance": {
          "coding": [
            {
              "system": "RxNORM",
              "code": "256277009",
              "display": "PENICILLIN G"
            }
          ],
          "text": "not_exist_in_mapping"
        }
      }
    ]
  },
  {
    "identifier": [
      {
        "system": "document_id",
        "value": "1000"
      }
    ],
    "recorder": {
      "display": "Dr. Harbor"
    },
    "code": {
      "coding": [
        {
          "system": "not_exist_in_mapping",
          "code": "not_exist_in_mapping",
          "display": "not_exist_in_mapping"
        }
      ],
      "text": "not_exist_in_mapping"
    },
    "clinicalStatus": {
      "coding": [
        {
          "system": "not_exist_in_mapping",
          "code": "not_exist_in_mapping",
          "display": "not_exist_in_mapping"
        }
      ],
      "text": "Inactive"
    },
    "onset": {
      "dateTime": "2018-02-11"
    },
    "reaction": [
      {
        "manifestation": [
          {
            "coding": [
              {
                "system": "SNOMED",
                "code": "79961111",
                "display": "Rash"
              }
            ],
            "text": "not_exist_in_mapping"
          }
        ],
        "severity": "Severe",
        "substance": {
          "coding": [
            {
              "system": "RxNORM",
              "code": "256271111",
              "display": "GLUTEN"
            }
          ],
          "text": "not_exist_in_mapping"
        }
      }
    ]
  },
  {
    "identifier": [
      {
        "system": "record_id",
        "value": "122"
      },
      {
        "system": "document_id",
        "value": "1022"
      }
    ],
    "recorder": {
      "display": "Matan, Ribs"
    },
    "code": {
      "coding": [
        {
          "system": "not_exist_in_mapping",
          "code": "not_exist_in_mapping",
          "display": "not_exist_in_mapping"
        }
      ],
      "text": "not_exist_in_mapping"
    },
    "clinicalStatus": {
      "coding": [
        {
          "system": "not_exist_in_mapping",
          "code": "not_exist_in_mapping",
          "display": "not_exist_in_mapping"
        }
      ],
      "text": "Resolved"
    },
    "onset": {
      "dateTime": "2019-06-21"
    },
    "reaction": [
      {
        "manifestation": [
          {
            "coding": [
              {
                "system": "SNOMED",
                "code": "79962222",
                "display": "Swelling of the throat"
              }
            ],
            "text": "not_exist_in_mapping"
          }
        ],
        "severity": "Mild",
        "substance": {
          "coding": [
            {
              "system": "RxNORM",
              "code": "256272222",
              "display": "LACTOSE"
            }
          ],
          "text": "not_exist_in_mapping"
        }
      }
    ]
  }
]
