[
  {
    "identifier": [
      {
        "system": "record_id",
        "value": "112"
      }
    ],
    "asserter": {
      "display": "Logan, James"
    },
    "code": {
      "coding": [
        {
          "system": "SNOMED",
          "code": "345.0",
          "display": "Generalized nonconvulsive epilepsy"
        }
      ],
      "text": "Generalized nonconvulsive epilepsy"
    },
    "clinicalStatus": {
      "coding": [
        {
          "system": "not_exist_in_mapping",
          "code": "not_exist_in_mapping",
          "display": "not_exist_in_mapping"
        }
      ],
      "text": "Active"
    },
    "onset": {
      "dateTime": "2017-01-11"
    },
    "abatement": {
      "dateTime": "2019-01-11"
    }
  },
  {
    "identifier": [
      {
        "system": "document_id",
        "value": "1000"
      }
    ],
    "asserter": {
      "display": "Dr. Harbor"
    },
    "code": {
      "coding": [
        {
          "system": "SNOMED",
          "code": "375.0",
          "display": "Over-blinking"
        }
      ],
      "text": "Over-blinking"
    },
    "clinicalStatus": {
      "coding": [
        {
          "system": "not_exist_in_mapping",
          "code": "not_exist_in_mapping",
          "display": "not_exist_in_mapping"
        }
      ],
      "text": "Inactive"
    },
    "onset": {
      "dateTime": "2018-02-11"
    },
    "abatement": {
      "dateTime": "2019-09-03"
    }
  },
  {
    "identifier": [
      {
        "system": "record_id",
        "value": "122"
      },
      {
        "system": "document_id",
        "value": "1022"
      }
    ],
    "asserter": {
      "display": "Matan, Ribs"
    },
    "code": {
      "coding": [
        {
          "system": "SNOMED",
          "code": "367.0",
          "display": "Continuous sneezing"
        }
      ],
      "text": "Continuous sneezing"
    },
    "clinicalStatus": {
      "coding": [
        {
          "system": "not_exist_in_mapping",
          "code": "not_exist_in_mapping",
          "display": "not_exist_in_mapping"
        }
      ],
      "text": "Recurrence"
    },
    "onset": {
      "dateTime": "2019-02-11"
    },
    "abatement": {
      "dateTime": "2019-12-03"
    }
  },
  {
    "identifier": [
      {
        "system": "record_id",
        "value": "122"
      },
      {
        "system": "document_id",
        "value": "1022"
      }
    ],
    "asserter": {
      "display": "Matan, Ribs"
    },
    "code": {
      "coding": [
        {
          "system": "SNOMED",
          "code": "367.0",
          "display": "Continuous sneezing 2"
        }
      ],
      "text": "Continuous sneezing 2"
    },
    "clinicalStatus": {
      "coding": [
        {
          "system": "not_exist_in_mapping",
          "code": "not_exist_in_mapping",
          "display": "not_exist_in_mapping"
        }
      ],
      "text": "Recurrence"
    },
    "onset": {
      "dateTime": "2019-02-11"
    },
    "abatement": {
      "dateTime": "2019-12-03"
    }
  },
  {
    "identifier": [
      {
        "system": "record_id",
        "value": "112"
      }
    ],
    "asserter": {
      "display": "Logan, James"
    },
    "code": {
      "coding": [
        {
          "system": "SNOMED",
          "code": "345.0",
          "display": "Antipathy"
        }
      ],
      "text": "Antipathy"
    },
    "clinicalStatus": {
      "coding": [
        {
          "system": "not_exist_in_mapping",
          "code": "not_exist_in_mapping",
          "display": "not_exist_in_mapping"
        }
      ],
      "text": "Active"
    },
    "onset": {
      "dateTime": "2017-01-11"
    },
    "abatement": {
      "dateTime": "2019-01-11"
    }
  },
  {
    "identifier": [
      {
        "system": "record_id",
        "value": "112"
      }
    ],
    "asserter": {
      "display": "Logan, James"
    },
    "code": {
      "coding": [
        {
          "system": "SNOMED",
          "code": "345.0",
          "display": "Generalized blindness"
        }
      ],
      "text": "Generalized blindes"
    },
    "clinicalStatus": {
      "coding": [
        {
          "system": "not_exist_in_mapping",
          "code": "not_exist_in_mapping",
          "display": "not_exist_in_mapping"
        }
      ],
      "text": "Active"
    },
    "onset": {
      "dateTime": "2018-02-11"
    },
    "abatement": {
      "dateTime": "2019-01-11"
    }
  },
  {
    "identifier": [
      {
        "system": "record_id",
        "value": "112"
      }
    ],
    "asserter": {
      "display": "Logan, James"
    },
    "code": {
      "coding": [
        {
          "system": "SNOMED",
          "code": "345.0",
          "display": "Andre syndrome"
        }
      ],
      "text": "Andre syndrome"
    },
    "clinicalStatus": {
      "coding": [
        {
          "system": "not_exist_in_mapping",
          "code": "not_exist_in_mapping",
          "display": "not_exist_in_mapping"
        }
      ],
      "text": "Active"
    },
    "onset": {
      "dateTime": "2017-01-11"
    },
    "abatement": {
      "dateTime": "2019-01-11"
    }
  }
]
