[
  {
    "identifier": [
      {
        "system": "record_id",
        "value": "112"
      }
    ],
    "effective": {
      "effectivePeriod": {
        "start": "2017-07-21T17:32:28Z",
        "end": "2017-07-21T17:32:28Z"
      }
    },
    "status": "completed",
    "performer": [
      {
        "function": {
          "coding": [
            {
              "system": null,
              "code": null,
              "display": null
            }
          ],
          "text": "Logan, James"
        },
        "actor": {
          "display": "asserter"
        }
      }
    ],
    "medication": {
      "medicationCodeableConcept": {
        "coding": [
          {
            "system": "RxNORM",
            "code": "308182",
            "display": "Amoxicillin 250 MG Oral Capsule"
          }
        ],
        "text": "Amoxicillin 250 MG Oral Capsule"
      }
    },
    "dosage": {
      "text": "250 mg, 1 caps, Oral, Once",
      "route": {
        "coding": [
          {
            "system": "SNOMED",
            "code": "C38288",
            "display": "ORAL"
          }
        ],
        "text": "ORAL"
      },
      "dose": {
        "unit": "mg",
        "value": 10
      },
      "rate": {
        "rateQuantity": {
          "unit": "Day",
          "value": "1"
        }
      }
    }
  },
  {
    "identifier": [
      {
        "system": "document_id",
        "value": "1000"
      }
    ],
    "effective": {
      "effectivePeriod": {
        "start": "2018-07-21T17:32:28Z",
        "end": ""
      }
    },
    "status": "inactive",
    "performer": [
      {
        "function": {
          "coding": [
            {
              "system": null,
              "code": null,
              "display": null
            }
          ],
          "text": "Dr. Harbor"
        },
        "actor": {
          "display": "asserter"
        }
      }
    ],
    "medication": {
      "medicationCodeableConcept": {
        "coding": [
          {
            "system": "RxNORM",
            "code": "301111",
            "display": "Dexamol Cold 250 MG Oral Capsule"
          }
        ],
        "text": "Dexamol Cold 250 MG Oral Capsule"
      }
    },
    "dosage": {
      "text": "250 mg, 2 caps, Oral, Twice",
      "route": {
        "coding": [
          {
            "system": "SNOMED",
            "code": "C38288",
            "display": "ORAL"
          }
        ],
        "text": "ORAL"
      },
      "dose": {
        "unit": "mg",
        "value": 10
      },
      "rate": {
        "rateQuantity": {
          "unit": "Day",
          "value": "2"
        }
      }
    }
  },
  {
    "identifier": [
      {
        "system": "document_id",
        "value": "1000"
      }
    ],
    "effective": {
      "effectivePeriod": {
        "start": "2018-07-21T18:32:28Z",
        "end": "2020-01-28T17:32:28Z"
      }
    },
    "status": "inactive",
    "performer": [
      {
        "function": {
          "coding": [
            {
              "system": null,
              "code": null,
              "display": null
            }
          ],
          "text": "Dr. Harbor"
        },
        "actor": {
          "display": "asserter"
        }
      }
    ],
    "medication": {
      "medicationCodeableConcept": {
        "coding": [
          {
            "system": "RxNORM",
            "code": "301113",
            "display": "Acamol 500 MG Oral Capsule"
          }
        ],
        "text": "Acamol 500 MG Oral Capsule"
      }
    },
    "dosage": {
      "text": "500 mg, 2 caps, Oral, Twice",
      "route": {
        "coding": [
          {
            "system": "SNOMED",
            "code": "C38288",
            "display": "ORAL"
          }
        ],
        "text": "ORAL"
      },
      "dose": {
        "unit": "mg",
        "value": 10
      },
      "rate": {
        "rateQuantity": {
          "unit": "Day",
          "value": "2"
        }
      }
    }
  },
  {
    "identifier": [
      {
        "system": "document_id",
        "value": "1000"
      }
    ],
    "effective": {
      "effectivePeriod": {
        "start": "2019-12-21T18:32:28Z",
        "end": "2020-01-01T17:32:28Z"
      }
    },
    "status": "inactive",
    "performer": [
      {
        "function": {
          "coding": [
            {
              "system": null,
              "code": null,
              "display": null
            }
          ],
          "text": "Dr. Harbor"
        },
        "actor": {
          "display": "asserter"
        }
      }
    ],
    "medication": {
      "medicationCodeableConcept": {
        "coding": [
          {
            "system": "RxNORM",
            "code": "301113",
            "display": "Acamol 500 MG Oral Capsule"
          }
        ],
        "text": "Sinufed 500 MG Oral Capsule"
      }
    },
    "dosage": {
      "text": "500 mg, 3 caps, Oral, Twice",
      "route": {
        "coding": [
          {
            "system": "SNOMED",
            "code": "C38288",
            "display": "ORAL"
          }
        ],
        "text": "ORAL"
      },
      "dose": {
        "unit": "mg",
        "value": 10
      },
      "rate": {
        "rateQuantity": {
          "unit": "Day",
          "value": "2"
        }
      }
    }
  },
  {
    "identifier": [
      {
        "system": "document_id",
        "value": "1000"
      }
    ],
    "effective": {
      "effectivePeriod": {
        "start": "2020-01-01T18:32:28Z",
        "end": "2020-01-20T17:32:28Z"
      }
    },
    "status": "inactive",
    "performer": [
      {
        "function": {
          "coding": [
            {
              "system": null,
              "code": null,
              "display": null
            }
          ],
          "text": "Dr. Harbor"
        },
        "actor": {
          "display": "asserter"
        }
      }
    ],
    "medication": {
      "medicationCodeableConcept": {
        "coding": [
          {
            "system": "RxNORM",
            "code": "301113",
            "display": "Acamol 500 MG Oral Capsule"
          }
        ],
        "text": "Vitamin C Oral Drops"
      }
    },
    "dosage": {
      "text": "20 drops, Oral, Twice",
      "route": {
        "coding": [
          {
            "system": "SNOMED",
            "code": "C38288",
            "display": "ORAL"
          }
        ],
        "text": "ORAL"
      },
      "dose": {
        "unit": "mg",
        "value": 10
      },
      "rate": {
        "rateQuantity": {
          "unit": "Day",
          "value": "2"
        }
      }
    }
  },
  {
    "identifier": [
      {
        "system": "document_id",
        "value": "1000"
      }
    ],
    "effective": {
      "effectivePeriod": {
        "start": "2019-11-01T18:32:28Z",
        "end": "2020-01-20T17:32:28Z"
      }
    },
    "status": "inactive",
    "performer": [
      {
        "function": {
          "coding": [
            {
              "system": null,
              "code": null,
              "display": null
            }
          ],
          "text": "Dr. Harbor"
        },
        "actor": {
          "display": "asserter"
        }
      }
    ],
    "medication": {
      "medicationCodeableConcept": {
        "coding": [
          {
            "system": "RxNORM",
            "code": "301113",
            "display": "Acamol 500 MG Oral Capsule"
          }
        ],
        "text": "Vitamin D Oral Drops"
      }
    },
    "dosage": {
      "text": "20 drops, Oral, Twice",
      "route": {
        "coding": [
          {
            "system": "SNOMED",
            "code": "C38288",
            "display": "ORAL"
          }
        ],
        "text": "ORAL"
      },
      "dose": {
        "unit": "mg",
        "value": 10
      },
      "rate": {
        "rateQuantity": {
          "unit": "Day",
          "value": "2"
        }
      }
    }
  },
  {
    "identifier": [
      {
        "system": "document_id",
        "value": "1000"
      }
    ],
    "effective": {
      "effectivePeriod": {
        "start": "2019-11-01T18:32:28Z",
        "end": "2020-02-20T17:32:28Z"
      }
    },
    "status": "inactive",
    "performer": [
      {
        "function": {
          "coding": [
            {
              "system": null,
              "code": null,
              "display": null
            }
          ],
          "text": "Dr. Harbor"
        },
        "actor": {
          "display": "asserter"
        }
      }
    ],
    "medication": {
      "medicationCodeableConcept": {
        "coding": [
          {
            "system": "RxNORM",
            "code": "301113",
            "display": "Vitamin A Oral Drops"
          }
        ],
        "text": "Vitamin A Oral Drops"
      }
    },
    "dosage": {
      "text": "20 drops, Oral, Twice",
      "route": {
        "coding": [
          {
            "system": "SNOMED",
            "code": "C38288",
            "display": "ORAL"
          }
        ],
        "text": "ORAL"
      },
      "dose": {
        "unit": "mg",
        "value": 10
      },
      "rate": {
        "rateQuantity": {
          "unit": "Day",
          "value": "2"
        }
      }
    }
  }
]
