{
  "resourceType": "Bundle",
  "id": "1938e99f-3a42-45a3-bf55-4cdf796e1b44",
  "meta": {
    "lastUpdated": "2021-03-21T12:29:44.146+00:00"
  },
  "type": "searchset",
  "link": [
    {
      "relation": "self",
      "url": "/PractitionerRole"
    }
  ],
  "entry": [
    {
      "resource": {
        "resourceType": "PractitionerRole",
        "id": "8535",
        "meta": {
          "versionId": "1",
          "lastUpdated": "2021-03-16T23:47:57.590+00:00",
          "profile": [
            "http://hl7.org/fhir/us/davinci-pdex-plan-net/StructureDefinition/plannet-PractitionerRole"
          ],
          "tag": [
            {
              "system": "http://changehealthcare.com/interop/hdc/sender_id",
              "code": "F7B01E25-25E4-11EB-83A6-124E422C9EF1"
            },
            {
              "system": "http://changehealthcare.com/interop/hdc/usageindicator",
              "code": "t"
            },
            {
              "system": "http://changehealthcare.com/interop/hdc/record_type",
              "code": "A"
            },
            {
              "system": "http://changehealthcare.com/interop/hdc/tdt_iteration",
              "code": "1"
            },
            {
              "system": "http://changehealthcare.com/interop/hdc/file_location",
              "code": "s3://enterprise-datalake-ingress-qatemp-us-east-1/interoperability/valid/provider"
            },
            {
              "system": "http://changehealthcare.com/interop/hdc/date_time_reported",
              "code": "2021-03-02 00:00:00"
            },
            {
              "system": "http://changehealthcare.com/interop/hdc/record_uuid",
              "code": "09bc93e0-688b-4cf5-8dff-6a7587f41f56"
            },
            {
              "system": "http://changehealthcare.com/interop/hdc/tdt_epoch",
              "code": "1615935474758"
            }
          ]
        },
        "contained": [
          {
            "resourceType": "Location",
            "id": "OrganizationAffiliation-location-id-name59",
            "extension": [
              {
                "url": "http://hl7.org/fhir/us/davinci-pdex-plan-net/StructureDefinition/newpatients",
                "extension": [
                  {
                    "url": "acceptingPatients",
                    "valueCodeableConcept": {
                      "coding": [
                        {
                          "system": "http://hl7.org/fhir/us/davinci-pdex-plan-net/CodeSystem/AcceptingPatientsCS",
                          "code": "existptfam"
                        }
                      ]
                    }
                  }
                ]
              },
              {
                "url": "http://hl7.org/fhir/us/davinci-pdex-plan-net/StructureDefinition/newpatients",
                "extension": [
                  {
                    "url": "acceptingPatients",
                    "valueCodeableConcept": {
                      "coding": [
                        {
                          "system": "http://hl7.org/fhir/us/davinci-pdex-plan-net/CodeSystem/AcceptingPatientsCS",
                          "code": "existptonly"
                        }
                      ]
                    }
                  }
                ]
              },
              {
                "url": "http://hl7.org/fhir/us/davinci-pdex-plan-net/StructureDefinition/newpatients",
                "extension": [
                  {
                    "url": "acceptingPatients",
                    "valueCodeableConcept": {
                      "coding": [
                        {
                          "system": "http://hl7.org/fhir/us/davinci-pdex-plan-net/CodeSystem/AcceptingPatientsCS",
                          "code": "newpt"
                        }
                      ]
                    }
                  }
                ]
              }
            ],
            "identifier": [
              {
                "type": {
                  "coding": [
                    {
                      "code": "type22"
                    }
                  ]
                },
                "value": "value149"
              },
              {
                "type": {
                  "coding": [
                    {
                      "code": "type23"
                    }
                  ]
                },
                "value": "value150"
              },
              {
                "type": {
                  "coding": [
                    {
                      "code": "type24"
                    }
                  ]
                },
                "value": "value151"
              }
            ],
            "status": "active",
            "operationalStatus": {
              "code": "H"
            },
            "name": "name59",
            "alias": ["alias23", "alias24", "alias25"],
            "description": "description9",
            "type": [
              {
                "coding": [
                  {
                    "code": "PSY"
                  }
                ]
              },
              {
                "coding": [
                  {
                    "code": "HD"
                  }
                ]
              }
            ],
            "address": {
              "type": "postal",
              "text": "text33",
              "line": [
                "4456 Fulton Street #1",
                "line67"
              ],
              "city": "Oakland",
              "district": "district25",
              "state": "CA",
              "postalCode": "023474",
              "country": "country25"
            },
            "telecom": [
              {
                "system": "phone",
                "value": "972-987-239",
                "use": "work",
                "rank": 1,
                "period": {
                  "start": "1968-03-09T17:38:57.551Z",
                  "end": "1969-09-28T09:11:21.983Z"
                }
              }
            ],  
            "physicalType": {
              "text": "ve"
            },
            "position": {
              "longitude": -120,
              "latitude": 38,
              "altitude": 637.151
            },
            "partOf": {
              "reference": "#location-partOf-67c3c28d-9d86-4f94-869e-28dcf6b0c835"
            },
            "hoursOfOperation": [
              {
                "daysOfWeek": ["sat", "sat", "fri", "fri"],
                "allDay": true,
                "openingTime": "16:18:39",
                "closingTime": "16:18:39"
              },
              {
                "daysOfWeek": ["thu", "sun"],
                "allDay": true,
                "openingTime": "16:18:39",
                "closingTime": "16:18:39"
              },
              {
                "daysOfWeek": ["tue", "fri", "fri"],
                "allDay": false,
                "openingTime": "16:18:39",
                "closingTime": "16:18:39"
              }
            ],
            "availabilityExceptions": "availability_exceptions7"
          },
          {
            "resourceType": "Practitioner",
            "id": "practitioner-09bc93e0-688b-4cf5-8dff-6a7587f41f56",
            "identifier": [
              {
                "system": "http://hl7.org/fhir/sid/us-npi",
                "value": "1003003336"
              }
            ],
            "active": true,
            "name": [
              {
                "use": "temp",
                "text": "Dr. Gilbert Harbor, M.D.",
                "family": "Cockshutt",
                "given": ["Salomon"],
                "period": {
                  "start": "1965-03-13T03:27:06.164Z",
                  "end": "1966-12-22T16:18:58.888Z"
                }
              }
            ],
            "telecom": [
              {
                "system": "phone",
                "value": "4195624378",
                "use": "work",
                "rank": 1,
                "period": {
                  "start": "1968-03-09T17:38:57.551Z",
                  "end": "1969-09-28T09:11:21.983Z"
                }
              }
            ],
            "address": [
              {
                "use": "old",
                "type": "both",
                "text": "6 Lyons Street Hadley, Massacchusett 01035",
                "line": ["6 Lyons Street"],
                "city": "Hadley",
                "state": "MA",
                "postalCode": "01035",
                "country": "US",
                "period": {
                  "start": "1974-10-19T22:49:24.950Z",
                  "end": "1981-02-24T20:18:15.790Z"
                }
              }
            ],
            "gender": "male",
            "birthDate": "2000-02-16",
            "communication": [
              {
                "extension": [
                  {
                    "url": "http://hl7.org/fhir/us/davinci-pdex-plan-net/StructureDefinition/communication-proficiency",
                    "valueCodeableConcept": {
                      "coding": [
                        {
                          "system": "http://hl7.org/fhir/us/davinci-pdex-plan-net/CodeSystem/LanguageProficiencyCS",
                          "code": "40"
                        }
                      ]
                    }
                  }
                ],
                "coding": [
                  {
                    "system": "urn:ietf:bcp:47",
                    "code": "English"
                  }
                ]
              }
            ]
          },
          {
            "resourceType": "Organization",
            "id": "organization-5ba27f0c-6726-4568-a6af-2f904fde544c",
            "identifier": [
              {
                "use": null,
                "type": {
                  "coding": [
                    {
                      "system": "http://terminology.hl7.org/CodeSystem/v2-0203",
                      "version": null,
                      "code": "TAX",
                      "display": "Tax ID number",
                      "userSelected": null
                    }
                  ],
                  "text": null
                },
                "system": "urn:oid:2.16.840.1.113883.4.4",
                "value": "8933900365",
                "period": null,
                "assigner": null
              }
            ],
            "active": false,
            "type": [],
            "name": "Okuneva, Roberts and White #1",
            "alias": ["ICDY"],
            "telecom": [
              {
                "system": "pager",
                "value": "920-404-9083",
                "use": "mobile",
                "rank": 1,
                "period": {
                  "start": "1976-04-17T21:55:03",
                  "end": "1987-01-17T20:20:52"
                }
              },
              {
                "system": "fax",
                "value": "cgleesonod@soundcloud.com",
                "use": "work",
                "rank": 2,
                "period": {
                  "start": "1975-04-08T20:55:03",
                  "end": null
                }
              }
            ],
            "address": [
              {
                "use": "work",
                "type": "both",
                "text": null,
                "line": ["5433 Jenifer Park"],
                "city": "Green Bay",
                "state": "Wisconsin",
                "postalCode": "54313",
                "country": null,
                "period": {
                  "start": "1994-05-28T20:55:03",
                  "end": null
                }
              }
            ],
            "partOf": null,
            "contact": [],
            "endpoint": []
          }
        ],
        "extension": [
          {
            "url": "http://hl7.org/fhir/us/davinci-pdex-plan-net/StructureDefinition/network-reference",
            "valueReference": {
              "reference": "Organization/F7B01E2525E411EB83A6124E422C9EF178160",
              "display": "Brognot Hospital"
            }
          }
        ],
        "identifier": [
          {
            "system": "http://hl7.org/fhir/sid/us-npi",
            "value": "1003003336"
          }
        ],
        "active": true,
        "practitioner": {
          "reference": "#practitioner-09bc93e0-688b-4cf5-8dff-6a7587f41f56"
        },
        "organization": {
          "reference": "#organization-5ba27f0c-6726-4568-a6af-2f904fde544c"
        },
        "location": [
          {
            "reference": "#OrganizationAffiliation-location-id-name59"
          }
        ],
        "code": [
          {
            "coding": [
              {
                "system": "http://hl7.org/fhir/us/davinci-pdex-plan-net/CodeSystem/ProviderRoleCS",
                "version": "v1.0",
                "code": "ap",
                "display": "display2",
                "userSelected": true
              }
            ],
            "text": "text"
          }
        ],
        "telecom": [
          {
            "system": "phone",
            "value": "4195624378",
            "use": "work",
            "rank": 1,
            "period": {
              "start": "1968-03-09T17:38:57.551Z",
              "end": "1969-09-28T09:11:21.983Z"
            }
          }
        ]
      },
      "search": {
        "mode": "match"
      }
    },
    {
      "resource": {
        "resourceType": "PractitionerRole",
        "id": "8533",
        "meta": {
          "versionId": "1",
          "lastUpdated": "2021-03-16T23:47:57.558+00:00",
          "profile": [
            "http://hl7.org/fhir/us/davinci-pdex-plan-net/StructureDefinition/plannet-PractitionerRole"
          ],
          "tag": [
            {
              "system": "http://changehealthcare.com/interop/hdc/sender_id",
              "code": "F7B01E25-25E4-11EB-83A6-124E422C9EF1"
            },
            {
              "system": "http://changehealthcare.com/interop/hdc/usageindicator",
              "code": "t"
            },
            {
              "system": "http://changehealthcare.com/interop/hdc/record_type",
              "code": "A"
            },
            {
              "system": "http://changehealthcare.com/interop/hdc/tdt_iteration",
              "code": "1"
            },
            {
              "system": "http://changehealthcare.com/interop/hdc/file_location",
              "code": "s3://enterprise-datalake-ingress-qatemp-us-east-1/interoperability/valid/provider"
            },
            {
              "system": "http://changehealthcare.com/interop/hdc/date_time_reported",
              "code": "2021-03-02 00:00:00"
            },
            {
              "system": "http://changehealthcare.com/interop/hdc/record_uuid",
              "code": "09bc93e0-688b-4cf5-8dff-6a7587f41f56"
            },
            {
              "system": "http://changehealthcare.com/interop/hdc/tdt_epoch",
              "code": "1615935474758"
            }
          ]
        },
        "contained": [
          {
            "resourceType": "Location",
            "id": "OrganizationAffiliation-location-id-name59",
            "extension": [
              {
                "url": "http://hl7.org/fhir/us/davinci-pdex-plan-net/StructureDefinition/newpatients",
                "extension": [
                  {
                    "url": "acceptingPatients",
                    "valueCodeableConcept": {
                      "coding": [
                        {
                          "system": "http://hl7.org/fhir/us/davinci-pdex-plan-net/CodeSystem/AcceptingPatientsCS",
                          "code": "existptfam"
                        }
                      ]
                    }
                  }
                ]
              },
              {
                "url": "http://hl7.org/fhir/us/davinci-pdex-plan-net/StructureDefinition/newpatients",
                "extension": [
                  {
                    "url": "acceptingPatients",
                    "valueCodeableConcept": {
                      "coding": [
                        {
                          "system": "http://hl7.org/fhir/us/davinci-pdex-plan-net/CodeSystem/AcceptingPatientsCS",
                          "code": "existptonly"
                        }
                      ]
                    }
                  }
                ]
              },
              {
                "url": "http://hl7.org/fhir/us/davinci-pdex-plan-net/StructureDefinition/newpatients",
                "extension": [
                  {
                    "url": "acceptingPatients",
                    "valueCodeableConcept": {
                      "coding": [
                        {
                          "system": "http://hl7.org/fhir/us/davinci-pdex-plan-net/CodeSystem/AcceptingPatientsCS",
                          "code": "newpt"
                        }
                      ]
                    }
                  }
                ]
              }
            ],
            "identifier": [
              {
                "type": {
                  "coding": [
                    {
                      "code": "type22"
                    }
                  ]
                },
                "value": "value149"
              },
              {
                "type": {
                  "coding": [
                    {
                      "code": "type23"
                    }
                  ]
                },
                "value": "value150"
              },
              {
                "type": {
                  "coding": [
                    {
                      "code": "type24"
                    }
                  ]
                },
                "value": "value151"
              }
            ],
            "status": "active",
            "operationalStatus": {
              "code": "H"
            },
            "name": "name59",
            "alias": ["alias23", "alias24", "alias25"],
            "description": "description9",
            "type": [
              {
                "coding": [
                  {
                    "code": "PSY"
                  }
                ]
              },
              {
                "coding": [
                  {
                    "code": "HD"
                  }
                ]
              }
            ],
            "address": {
              "type": "postal",
              "text": "text33",
              "line": [
                "4456 Fulton Street #2",
                "line67"
              ],
              "city": "Oakland",
              "district": "district25",
              "state": "CA",
              "postalCode": "023474",
              "country": "country25"
            },
            "telecom": [
              {
                "system": "phone",
                "value": "972-657-9865",
                "use": "work",
                "rank": 1,
                "period": {
                  "start": "1968-03-09T17:38:57.551Z",
                  "end": "1969-09-28T09:11:21.983Z"
                }
              }
            ],  
            "physicalType": {
              "text": "ve"
            },
            "position": {
              "longitude": 814.682,
              "latitude": 2.769,
              "altitude": 637.151
            },
            "partOf": {
              "reference": "#location-partOf-67c3c28d-9d86-4f94-869e-28dcf6b0c835"
            },
            "hoursOfOperation": [
              {
                "daysOfWeek": ["sat", "sat", "fri", "fri"],
                "allDay": true,
                "openingTime": "16:18:39",
                "closingTime": "16:18:39"
              },
              {
                "daysOfWeek": ["thu", "sun"],
                "allDay": true,
                "openingTime": "16:18:39",
                "closingTime": "16:18:39"
              },
              {
                "daysOfWeek": ["tue", "fri", "fri"],
                "allDay": false,
                "openingTime": "16:18:39",
                "closingTime": "16:18:39"
              }
            ],
            "availabilityExceptions": "availability_exceptions7"
          },
          {
            "resourceType": "Practitioner",
            "id": "practitioner-09bc93e0-688b-4cf5-8dff-6a7587f41f56",
            "identifier": [
              {
                "system": "http://hl7.org/fhir/sid/us-npi",
                "value": "1003003336"
              }
            ],
            "active": true,
            "name": [
              {
                "use": "temp",
                "text": "Dr. Alan Geddes, M.D.",
                "family": "Cockshutt",
                "given": ["Salomon"],
                "period": {
                  "start": "1965-03-13T03:27:06.164Z",
                  "end": "1966-12-22T16:18:58.888Z"
                }
              }
            ],
            "telecom": [
              {
                "system": "phone",
                "value": "4195624378",
                "use": "work",
                "rank": 1,
                "period": {
                  "start": "1968-03-09T17:38:57.551Z",
                  "end": "1969-09-28T09:11:21.983Z"
                }
              }
            ],
            "address": [
              {
                "use": "old",
                "type": "both",
                "text": "6 Lyons Street Hadley, Massacchusett 01035",
                "line": ["6 Lyons Street"],
                "city": "Hadley",
                "state": "MA",
                "postalCode": "01035",
                "country": "US",
                "period": {
                  "start": "1974-10-19T22:49:24.950Z",
                  "end": "1981-02-24T20:18:15.790Z"
                }
              }
            ],
            "gender": "male",
            "birthDate": "2000-02-16",
            "communication": [
              {
                "extension": [
                  {
                    "url": "http://hl7.org/fhir/us/davinci-pdex-plan-net/StructureDefinition/communication-proficiency",
                    "valueCodeableConcept": {
                      "coding": [
                        {
                          "system": "http://hl7.org/fhir/us/davinci-pdex-plan-net/CodeSystem/LanguageProficiencyCS",
                          "code": "40"
                        }
                      ]
                    }
                  }
                ],
                "coding": [
                  {
                    "system": "urn:ietf:bcp:47",
                    "code": "English"
                  }
                ]
              }
            ]
          },
          {
            "resourceType": "Organization",
            "id": "organization-5ba27f0c-6726-4568-a6af-2f904fde544c",
            "identifier": [
              {
                "use": null,
                "type": {
                  "coding": [
                    {
                      "system": "http://terminology.hl7.org/CodeSystem/v2-0203",
                      "version": null,
                      "code": "TAX",
                      "display": "Tax ID number",
                      "userSelected": null
                    }
                  ],
                  "text": null
                },
                "system": "urn:oid:2.16.840.1.113883.4.4",
                "value": "8933900365",
                "period": null,
                "assigner": null
              }
            ],
            "active": false,
            "type": [],
            "name": "Okuneva, Roberts and White #2",
            "alias": ["ICDY"],
            "telecom": [
              {
                "system": "pager",
                "value": "920-404-9083",
                "use": "mobile",
                "rank": 1,
                "period": {
                  "start": "1976-04-17T21:55:03",
                  "end": "1987-01-17T20:20:52"
                }
              },
              {
                "system": "fax",
                "value": "cgleesonod@soundcloud.com",
                "use": "work",
                "rank": 2,
                "period": {
                  "start": "1975-04-08T20:55:03",
                  "end": null
                }
              }
            ],
            "address": [
              {
                "use": "work",
                "type": "both",
                "text": null,
                "line": ["5433 Jenifer Park"],
                "city": "Green Bay",
                "state": "Wisconsin",
                "postalCode": "54313",
                "country": null,
                "period": {
                  "start": "1994-05-28T20:55:03",
                  "end": null
                }
              }
            ],
            "partOf": null,
            "contact": [],
            "endpoint": []
          }
        ],
        "extension": [
          {
            "url": "http://hl7.org/fhir/us/davinci-pdex-plan-net/StructureDefinition/network-reference",
            "valueReference": {
              "reference": "Organization/F7B01E2525E411EB83A6124E422C9EF178160",
              "display": "Brognot Hospital"
            }
          }
        ],
        "identifier": [
          {
            "system": "http://hl7.org/fhir/sid/us-npi",
            "value": "1003003336"
          }
        ],
        "active": true,
        "practitioner": {
          "reference": "#practitioner-09bc93e0-688b-4cf5-8dff-6a7587f41f56"
        },
        "location": [
          {
            "reference": "#OrganizationAffiliation-location-id-name59"
          }
        ],
        "organization": {
          "reference": "#organization-5ba27f0c-6726-4568-a6af-2f904fde544c"
        },
        "code": [
          {
            "coding": [
              {
                "system": "http://hl7.org/fhir/us/davinci-pdex-plan-net/CodeSystem/ProviderRoleCS",
                "version": "v1.0",
                "code": "ap",
                "display": "display2",
                "userSelected": true
              }
            ],
            "text": "text"
          }
        ],
        "telecom": [
          {
            "system": "phone",
            "value": "4195624378",
            "use": "work",
            "rank": 1,
            "period": {
              "start": "1968-03-09T17:38:57.551Z",
              "end": "1969-09-28T09:11:21.983Z"
            }
          }
        ]
      },
      "search": {
        "mode": "match"
      }
    },
    {
      "resource": {
        "resourceType": "PractitionerRole",
        "id": "8536",
        "meta": {
          "versionId": "1",
          "lastUpdated": "2021-03-16T23:47:57.591+00:00",
          "profile": [
            "http://hl7.org/fhir/us/davinci-pdex-plan-net/StructureDefinition/plannet-PractitionerRole"
          ],
          "tag": [
            {
              "system": "http://changehealthcare.com/interop/hdc/sender_id",
              "code": "F7B01E25-25E4-11EB-83A6-124E422C9EF1"
            },
            {
              "system": "http://changehealthcare.com/interop/hdc/usageindicator",
              "code": "t"
            },
            {
              "system": "http://changehealthcare.com/interop/hdc/record_type",
              "code": "A"
            },
            {
              "system": "http://changehealthcare.com/interop/hdc/tdt_iteration",
              "code": "1"
            },
            {
              "system": "http://changehealthcare.com/interop/hdc/file_location",
              "code": "s3://enterprise-datalake-ingress-qatemp-us-east-1/interoperability/valid/provider"
            },
            {
              "system": "http://changehealthcare.com/interop/hdc/date_time_reported",
              "code": "2021-03-02 00:00:00"
            },
            {
              "system": "http://changehealthcare.com/interop/hdc/record_uuid",
              "code": "09bc93e0-688b-4cf5-8dff-6a7587f41f56"
            },
            {
              "system": "http://changehealthcare.com/interop/hdc/tdt_epoch",
              "code": "1615935474758"
            }
          ]
        },
        "contained": [
          {
            "resourceType": "Location",
            "id": "OrganizationAffiliation-location-id-name59",
            "extension": [
              {
                "url": "http://hl7.org/fhir/us/davinci-pdex-plan-net/StructureDefinition/newpatients",
                "extension": [
                  {
                    "url": "acceptingPatients",
                    "valueCodeableConcept": {
                      "coding": [
                        {
                          "system": "http://hl7.org/fhir/us/davinci-pdex-plan-net/CodeSystem/AcceptingPatientsCS",
                          "code": "existptfam"
                        }
                      ]
                    }
                  }
                ]
              },
              {
                "url": "http://hl7.org/fhir/us/davinci-pdex-plan-net/StructureDefinition/newpatients",
                "extension": [
                  {
                    "url": "acceptingPatients",
                    "valueCodeableConcept": {
                      "coding": [
                        {
                          "system": "http://hl7.org/fhir/us/davinci-pdex-plan-net/CodeSystem/AcceptingPatientsCS",
                          "code": "existptonly"
                        }
                      ]
                    }
                  }
                ]
              },
              {
                "url": "http://hl7.org/fhir/us/davinci-pdex-plan-net/StructureDefinition/newpatients",
                "extension": [
                  {
                    "url": "acceptingPatients",
                    "valueCodeableConcept": {
                      "coding": [
                        {
                          "system": "http://hl7.org/fhir/us/davinci-pdex-plan-net/CodeSystem/AcceptingPatientsCS",
                          "code": "newpt"
                        }
                      ]
                    }
                  }
                ]
              }
            ],
            "identifier": [
              {
                "type": {
                  "coding": [
                    {
                      "code": "type22"
                    }
                  ]
                },
                "value": "value149"
              },
              {
                "type": {
                  "coding": [
                    {
                      "code": "type23"
                    }
                  ]
                },
                "value": "value150"
              },
              {
                "type": {
                  "coding": [
                    {
                      "code": "type24"
                    }
                  ]
                },
                "value": "value151"
              }
            ],
            "status": "active",
            "operationalStatus": {
              "code": "H"
            },
            "name": "name59",
            "alias": ["alias23", "alias24", "alias25"],
            "description": "description9",
            "type": [
              {
                "coding": [
                  {
                    "code": "PSY"
                  }
                ]
              },
              {
                "coding": [
                  {
                    "code": "HD"
                  }
                ]
              }
            ],
            "address": {
              "type": "postal",
              "text": "text33",
              "line": [
                "4456 Fulton Street #3",
                "line67"
              ],
              "city": "Oakland",
              "district": "district25",
              "state": "CA",
              "postalCode": "023474",
              "country": "country25"
            },
            "telecom": [
              {
                "system": "phone",
                "value": "4195624378",
                "use": "work",
                "rank": 1,
                "period": {
                  "start": "1968-03-09T17:38:57.551Z",
                  "end": "1969-09-28T09:11:21.983Z"
                }
              }
            ],
            "physicalType": {
              "text": "ve"
            },
            "position": {
              "latitude": 37.842495178012825,
              "longitude": -122.235070371208352,
              "altitude": 637.151
            },
            "partOf": {
              "reference": "#location-partOf-67c3c28d-9d86-4f94-869e-28dcf6b0c835"
            },
            "hoursOfOperation": [
              {
                "daysOfWeek": ["sat", "sat", "fri", "fri"],
                "allDay": true,
                "openingTime": "16:18:39",
                "closingTime": "16:18:39"
              },
              {
                "daysOfWeek": ["thu", "sun"],
                "allDay": true,
                "openingTime": "16:18:39",
                "closingTime": "16:18:39"
              },
              {
                "daysOfWeek": ["tue", "fri", "fri"],
                "allDay": false,
                "openingTime": "16:18:39",
                "closingTime": "16:18:39"
              }
            ],
            "availabilityExceptions": "availability_exceptions7"
          },
          {
            "resourceType": "Location",
            "id": "OrganizationAffiliation-location-id-name60",
            "extension": [
              {
                "url": "http://hl7.org/fhir/us/davinci-pdex-plan-net/StructureDefinition/newpatients",
                "extension": [
                  {
                    "url": "acceptingPatients",
                    "valueCodeableConcept": {
                      "coding": [
                        {
                          "system": "http://hl7.org/fhir/us/davinci-pdex-plan-net/CodeSystem/AcceptingPatientsCS",
                          "code": "existptfam"
                        }
                      ]
                    }
                  }
                ]
              },
              {
                "url": "http://hl7.org/fhir/us/davinci-pdex-plan-net/StructureDefinition/newpatients",
                "extension": [
                  {
                    "url": "acceptingPatients",
                    "valueCodeableConcept": {
                      "coding": [
                        {
                          "system": "http://hl7.org/fhir/us/davinci-pdex-plan-net/CodeSystem/AcceptingPatientsCS",
                          "code": "existptonly"
                        }
                      ]
                    }
                  }
                ]
              },
              {
                "url": "http://hl7.org/fhir/us/davinci-pdex-plan-net/StructureDefinition/newpatients",
                "extension": [
                  {
                    "url": "acceptingPatients",
                    "valueCodeableConcept": {
                      "coding": [
                        {
                          "system": "http://hl7.org/fhir/us/davinci-pdex-plan-net/CodeSystem/AcceptingPatientsCS",
                          "code": "newpt"
                        }
                      ]
                    }
                  }
                ]
              }
            ],
            "identifier": [
              {
                "type": {
                  "coding": [
                    {
                      "code": "type22"
                    }
                  ]
                },
                "value": "value149"
              },
              {
                "type": {
                  "coding": [
                    {
                      "code": "type23"
                    }
                  ]
                },
                "value": "value150"
              },
              {
                "type": {
                  "coding": [
                    {
                      "code": "type24"
                    }
                  ]
                },
                "value": "value151"
              }
            ],
            "status": "active",
            "operationalStatus": {
              "code": "H"
            },
            "name": "name60",
            "alias": [
              "alias23",
              "alias24",
              "alias25"
            ],
            "description": "description9",
            "type": [
              {
                "coding": [
                  {
                    "code": "PSY"
                  }
                ]
              },
              {
                "coding": [
                  {
                    "code": "HD"
                  }
                ]
              }
            ],
            "address": {
              "type": "postal",
              "text": "text33",
              "line": [
                "4456 Fulton Street",
                "line67"
              ],
              "city": "Oakland",
              "district": "district25",
              "state": "CA",
              "postalCode": "023474",
              "country": "country25"
            },
            "telecom": [
              {
                "system": "phone",
                "value": "(972) 547-576-156",
                "use": "work",
                "rank": 1,
                "period": {
                  "start": "1968-03-09T17:38:57.551Z",
                  "end": "1969-09-28T09:11:21.983Z"
                }
              }
            ],  
            "physicalType": {
              "text": "ve"
            },
            "position": {
              "latitude": 37.42495178012825,
              "longitude": -122.35070371208352,
              "altitude": 637.151
            },
            "partOf": {
              "reference": "#location-partOf-67c3c28d-9d86-4f94-869e-28dcf6b0c835"
            },
            "hoursOfOperation": [
              {
                "daysOfWeek": [
                  "sat",
                  "sat",
                  "fri",
                  "fri"
                ],
                "allDay": true,
                "openingTime": "16:18:39",
                "closingTime": "16:18:39"
              },
              {
                "daysOfWeek": [
                  "thu",
                  "sun"
                ],
                "allDay": true,
                "openingTime": "16:18:39",
                "closingTime": "16:18:39"
              },
              {
                "daysOfWeek": [
                  "tue",
                  "fri",
                  "fri"
                ],
                "allDay": false,
                "openingTime": "16:18:39",
                "closingTime": "16:18:39"
              }
            ],
            "availabilityExceptions": "availability_exceptions7"
          },
          {
            "resourceType": "Practitioner",
            "id": "practitioner-09bc93e0-688b-4cf5-8dff-6a7587f41f56",
            "identifier": [
              {
                "system": "http://hl7.org/fhir/sid/us-npi",
                "value": "1003003336"
              }
            ],
            "active": true,
            "name": [
              {
                "use": "temp",
                "text": "Dr. Salomon Geddes, M.D.",
                "family": "Cockshutt",
                "given": ["Salomon"],
                "period": {
                  "start": "1965-03-13T03:27:06.164Z",
                  "end": "1966-12-22T16:18:58.888Z"
                }
              }
            ],
            "telecom": [
              {
                "system": "phone",
                "value": "4195624378",
                "use": "work",
                "rank": 1,
                "period": {
                  "start": "1968-03-09T17:38:57.551Z",
                  "end": "1969-09-28T09:11:21.983Z"
                }
              }
            ],
            "address": [
              {
                "use": "old",
                "type": "both",
                "text": "6 Lyons Street Hadley, Massacchusett 01035",
                "line": ["6 Lyons Street"],
                "city": "Hadley",
                "state": "MA",
                "postalCode": "01035",
                "country": "US",
                "period": {
                  "start": "1974-10-19T22:49:24.950Z",
                  "end": "1981-02-24T20:18:15.790Z"
                }
              }
            ],
            "gender": "male",
            "birthDate": "2000-02-16",
            "communication": [
              {
                "extension": [
                  {
                    "url": "http://hl7.org/fhir/us/davinci-pdex-plan-net/StructureDefinition/communication-proficiency",
                    "valueCodeableConcept": {
                      "coding": [
                        {
                          "system": "http://hl7.org/fhir/us/davinci-pdex-plan-net/CodeSystem/LanguageProficiencyCS",
                          "code": "40"
                        }
                      ]
                    }
                  }
                ],
                "coding": [
                  {
                    "system": "urn:ietf:bcp:47",
                    "code": "English"
                  }
                ]
              }
            ]
          },
          {
            "resourceType": "Organization",
            "id": "organization-5ba27f0c-6726-4568-a6af-2f904fde544c",
            "identifier": [
              {
                "use": null,
                "type": {
                  "coding": [
                    {
                      "system": "http://terminology.hl7.org/CodeSystem/v2-0203",
                      "version": null,
                      "code": "TAX",
                      "display": "Tax ID number",
                      "userSelected": null
                    }
                  ],
                  "text": null
                },
                "system": "urn:oid:2.16.840.1.113883.4.4",
                "value": "8933900365",
                "period": null,
                "assigner": null
              }
            ],
            "active": false,
            "type": [],
            "name": "Okuneva, Roberts and White",
            "alias": ["ICDY"],
            "telecom": [
              {
                "system": "pager",
                "value": "920-404-9083",
                "use": "mobile",
                "rank": 1,
                "period": {
                  "start": "1976-04-17T21:55:03",
                  "end": "1987-01-17T20:20:52"
                }
              },
              {
                "system": "fax",
                "value": "cgleesonod@soundcloud.com",
                "use": "work",
                "rank": 2,
                "period": {
                  "start": "1975-04-08T20:55:03",
                  "end": null
                }
              }
            ],
            "address": [
              {
                "use": "work",
                "type": "both",
                "text": null,
                "line": ["5433 Jenifer Park"],
                "city": "Green Bay",
                "state": "Wisconsin",
                "postalCode": "54313",
                "country": null,
                "period": {
                  "start": "1994-05-28T20:55:03",
                  "end": null
                }
              }
            ],
            "partOf": null,
            "contact": [],
            "endpoint": []
          }
        ],
        "extension": [
          {
            "url": "http://hl7.org/fhir/us/davinci-pdex-plan-net/StructureDefinition/network-reference",
            "valueReference": {
              "reference": "Organization/F7B01E2525E411EB83A6124E422C9EF178160",
              "display": "Brognot Hospital"
            }
          }
        ],
        "identifier": [
          {
            "system": "http://hl7.org/fhir/sid/us-npi",
            "value": "1003003336"
          }
        ],
        "active": true,
        "practitioner": {
          "reference": "#practitioner-09bc93e0-688b-4cf5-8dff-6a7587f41f56"
        },
        "organization": {
          "reference": "#organization-5ba27f0c-6726-4568-a6af-2f904fde544c"
        },
        "location": [
          {
            "reference": "#OrganizationAffiliation-location-id-name59"
          }, 
          {
            "reference": "#OrganizationAffiliation-location-id-name60"
          }
        ],
        "code": [
          {
            "coding": [
              {
                "system": "http://hl7.org/fhir/us/davinci-pdex-plan-net/CodeSystem/ProviderRoleCS",
                "version": "v1.0",
                "code": "ap",
                "display": "display2",
                "userSelected": true
              }
            ],
            "text": "text"
          }
        ],
        "telecom": [
          {
            "system": "phone",
            "value": "4195624378",
            "use": "work",
            "rank": 1,
            "period": {
              "start": "1968-03-09T17:38:57.551Z",
              "end": "1969-09-28T09:11:21.983Z"
            }
          }
        ]
      },
      "search": {
        "mode": "match"
      }
    },
    {
      "resource": {
        "resourceType": "PractitionerRole",
        "id": "8537",
        "meta": {
          "versionId": "1",
          "lastUpdated": "2021-03-16T23:47:57.590+00:00",
          "profile": [
            "http://hl7.org/fhir/us/davinci-pdex-plan-net/StructureDefinition/plannet-PractitionerRole"
          ],
          "tag": [
            {
              "system": "http://changehealthcare.com/interop/hdc/sender_id",
              "code": "F7B01E25-25E4-11EB-83A6-124E422C9EF1"
            },
            {
              "system": "http://changehealthcare.com/interop/hdc/usageindicator",
              "code": "t"
            },
            {
              "system": "http://changehealthcare.com/interop/hdc/record_type",
              "code": "A"
            },
            {
              "system": "http://changehealthcare.com/interop/hdc/tdt_iteration",
              "code": "1"
            },
            {
              "system": "http://changehealthcare.com/interop/hdc/file_location",
              "code": "s3://enterprise-datalake-ingress-qatemp-us-east-1/interoperability/valid/provider"
            },
            {
              "system": "http://changehealthcare.com/interop/hdc/date_time_reported",
              "code": "2021-03-02 00:00:00"
            },
            {
              "system": "http://changehealthcare.com/interop/hdc/record_uuid",
              "code": "09bc93e0-688b-4cf5-8dff-6a7587f41f56"
            },
            {
              "system": "http://changehealthcare.com/interop/hdc/tdt_epoch",
              "code": "1615935474758"
            }
          ]
        },
        "contained": [
          {
            "resourceType": "Location",
            "id": "OrganizationAffiliation-location-id-name59",
            "extension": [
              {
                "url": "http://hl7.org/fhir/us/davinci-pdex-plan-net/StructureDefinition/newpatients",
                "extension": [
                  {
                    "url": "acceptingPatients",
                    "valueCodeableConcept": {
                      "coding": [
                        {
                          "system": "http://hl7.org/fhir/us/davinci-pdex-plan-net/CodeSystem/AcceptingPatientsCS",
                          "code": "existptfam"
                        }
                      ]
                    }
                  }
                ]
              },
              {
                "url": "http://hl7.org/fhir/us/davinci-pdex-plan-net/StructureDefinition/newpatients",
                "extension": [
                  {
                    "url": "acceptingPatients",
                    "valueCodeableConcept": {
                      "coding": [
                        {
                          "system": "http://hl7.org/fhir/us/davinci-pdex-plan-net/CodeSystem/AcceptingPatientsCS",
                          "code": "existptonly"
                        }
                      ]
                    }
                  }
                ]
              },
              {
                "url": "http://hl7.org/fhir/us/davinci-pdex-plan-net/StructureDefinition/newpatients",
                "extension": [
                  {
                    "url": "acceptingPatients",
                    "valueCodeableConcept": {
                      "coding": [
                        {
                          "system": "http://hl7.org/fhir/us/davinci-pdex-plan-net/CodeSystem/AcceptingPatientsCS",
                          "code": "newpt"
                        }
                      ]
                    }
                  }
                ]
              }
            ],
            "identifier": [
              {
                "type": {
                  "coding": [
                    {
                      "code": "type22"
                    }
                  ]
                },
                "value": "value149"
              },
              {
                "type": {
                  "coding": [
                    {
                      "code": "type23"
                    }
                  ]
                },
                "value": "value150"
              },
              {
                "type": {
                  "coding": [
                    {
                      "code": "type24"
                    }
                  ]
                },
                "value": "value151"
              }
            ],
            "status": "active",
            "operationalStatus": {
              "code": "H"
            },
            "name": "name59",
            "alias": ["alias23", "alias24", "alias25"],
            "description": "description9",
            "type": [
              {
                "coding": [
                  {
                    "code": "PSY"
                  }
                ]
              },
              {
                "coding": [
                  {
                    "code": "HD"
                  }
                ]
              }
            ],
            "address": {
              "type": "postal",
              "text": "text33",
              "line": [
                "4456 Fulton Street",
                "line67"
              ],
              "city": "Oakland",
              "district": "district25",
              "state": "CA",
              "postalCode": "023474",
              "country": "country25"
            },
            "telecom": [
              {
                "system": "phone",
                "value": "4195624378",
                "use": "work",
                "rank": 1,
                "period": {
                  "start": "1968-03-09T17:38:57.551Z",
                  "end": "1969-09-28T09:11:21.983Z"
                }
              }
            ],  
            "physicalType": {
              "text": "ve"
            },
            "position": {
              "latitude": 37.8495178012825,
              "longitude": -122.5070371208352,
              "altitude": 637.151
            },
            "partOf": {
              "reference": "#location-partOf-67c3c28d-9d86-4f94-869e-28dcf6b0c835"
            },
            "hoursOfOperation": [
              {
                "daysOfWeek": ["sat", "sat", "fri", "fri"],
                "allDay": true,
                "openingTime": "16:18:39",
                "closingTime": "16:18:39"
              },
              {
                "daysOfWeek": ["thu", "sun"],
                "allDay": true,
                "openingTime": "16:18:39",
                "closingTime": "16:18:39"
              },
              {
                "daysOfWeek": ["tue", "fri", "fri"],
                "allDay": false,
                "openingTime": "16:18:39",
                "closingTime": "16:18:39"
              }
            ],
            "availabilityExceptions": "availability_exceptions7"
          },
          {
            "resourceType": "Practitioner",
            "id": "practitioner-09bc93e0-688b-4cf5-8dff-6a7587f41f56",
            "identifier": [
              {
                "system": "http://hl7.org/fhir/sid/us-npi",
                "value": "1003003336"
              }
            ],
            "active": true,
            "name": [
              {
                "use": "temp",
                "text": "Dr. Salomon Cockshutt M.D.",
                "family": "Cockshutt",
                "given": ["Salomon"],
                "period": {
                  "start": "1965-03-13T03:27:06.164Z",
                  "end": "1966-12-22T16:18:58.888Z"
                }
              }
            ],
            "telecom": [
              {
                "system": "phone",
                "value": "4195624378",
                "use": "work",
                "rank": 1,
                "period": {
                  "start": "1968-03-09T17:38:57.551Z",
                  "end": "1969-09-28T09:11:21.983Z"
                }
              }
            ],
            "address": [
              {
                "use": "old",
                "type": "both",
                "text": "6 Lyons Street Hadley, Massacchusett 01035",
                "line": ["6 Lyons Street"],
                "city": "Hadley",
                "state": "MA",
                "postalCode": "01035",
                "country": "US",
                "period": {
                  "start": "1974-10-19T22:49:24.950Z",
                  "end": "1981-02-24T20:18:15.790Z"
                }
              }
            ],
            "gender": "male",
            "birthDate": "2000-02-16",
            "communication": [
              {
                "extension": [
                  {
                    "url": "http://hl7.org/fhir/us/davinci-pdex-plan-net/StructureDefinition/communication-proficiency",
                    "valueCodeableConcept": {
                      "coding": [
                        {
                          "system": "http://hl7.org/fhir/us/davinci-pdex-plan-net/CodeSystem/LanguageProficiencyCS",
                          "code": "40"
                        }
                      ]
                    }
                  }
                ],
                "coding": [
                  {
                    "system": "urn:ietf:bcp:47",
                    "code": "English"
                  }
                ]
              }
            ]
          },
          {
            "resourceType": "Organization",
            "id": "organization-5ba27f0c-6726-4568-a6af-2f904fde544c",
            "identifier": [
              {
                "use": null,
                "type": {
                  "coding": [
                    {
                      "system": "http://terminology.hl7.org/CodeSystem/v2-0203",
                      "version": null,
                      "code": "TAX",
                      "display": "Tax ID number",
                      "userSelected": null
                    }
                  ],
                  "text": null
                },
                "system": "urn:oid:2.16.840.1.113883.4.4",
                "value": "8933900365",
                "period": null,
                "assigner": null
              }
            ],
            "active": false,
            "type": [],
            "name": "Okuneva, Roberts and White",
            "alias": ["ICDY"],
            "telecom": [
              {
                "system": "pager",
                "value": "920-404-9083",
                "use": "mobile",
                "rank": 1,
                "period": {
                  "start": "1976-04-17T21:55:03",
                  "end": "1987-01-17T20:20:52"
                }
              },
              {
                "system": "fax",
                "value": "cgleesonod@soundcloud.com",
                "use": "work",
                "rank": 2,
                "period": {
                  "start": "1975-04-08T20:55:03",
                  "end": null
                }
              }
            ],
            "address": [
              {
                "use": "work",
                "type": "both",
                "text": null,
                "line": ["5433 Jenifer Park"],
                "city": "Green Bay",
                "state": "Wisconsin",
                "postalCode": "54313",
                "country": null,
                "period": {
                  "start": "1994-05-28T20:55:03",
                  "end": null
                }
              }
            ],
            "partOf": null,
            "contact": [],
            "endpoint": []
          }
        ],
        "extension": [
          {
            "url": "http://hl7.org/fhir/us/davinci-pdex-plan-net/StructureDefinition/network-reference",
            "valueReference": {
              "reference": "Organization/F7B01E2525E411EB83A6124E422C9EF178160",
              "display": "Brognot Hospital"
            }
          }
        ],
        "identifier": [
          {
            "system": "http://hl7.org/fhir/sid/us-npi",
            "value": "1003003336"
          }
        ],
        "active": true,
        "practitioner": {
          "reference": "#practitioner-09bc93e0-688b-4cf5-8dff-6a7587f41f56"
        },
        "organization": {
          "reference": "#organization-5ba27f0c-6726-4568-a6af-2f904fde544c"
        },
        "location": [
          {
            "reference": "#OrganizationAffiliation-location-id-name59"
          }
        ],
        "code": [
          {
            "coding": [
              {
                "system": "http://hl7.org/fhir/us/davinci-pdex-plan-net/CodeSystem/ProviderRoleCS",
                "version": "v1.0",
                "code": "ap",
                "display": "display2",
                "userSelected": true
              }
            ],
            "text": "text"
          }
        ],
        "telecom": [
          {
            "system": "phone",
            "value": "4195624378",
            "use": "work",
            "rank": 1,
            "period": {
              "start": "1968-03-09T17:38:57.551Z",
              "end": "1969-09-28T09:11:21.983Z"
            }
          }
        ]
      },
      "search": {
        "mode": "match"
      }
    },
    {
      "resource": {
        "resourceType": "PractitionerRole",
        "id": "8534",
        "meta": {
          "versionId": "1",
          "lastUpdated": "2021-03-16T23:47:57.590+00:00",
          "profile": [
            "http://hl7.org/fhir/us/davinci-pdex-plan-net/StructureDefinition/plannet-PractitionerRole"
          ],
          "tag": [
            {
              "system": "http://changehealthcare.com/interop/hdc/sender_id",
              "code": "F7B01E25-25E4-11EB-83A6-124E422C9EF1"
            },
            {
              "system": "http://changehealthcare.com/interop/hdc/usageindicator",
              "code": "t"
            },
            {
              "system": "http://changehealthcare.com/interop/hdc/record_type",
              "code": "A"
            },
            {
              "system": "http://changehealthcare.com/interop/hdc/tdt_iteration",
              "code": "1"
            },
            {
              "system": "http://changehealthcare.com/interop/hdc/file_location",
              "code": "s3://enterprise-datalake-ingress-qatemp-us-east-1/interoperability/valid/provider"
            },
            {
              "system": "http://changehealthcare.com/interop/hdc/date_time_reported",
              "code": "2021-03-02 00:00:00"
            },
            {
              "system": "http://changehealthcare.com/interop/hdc/record_uuid",
              "code": "09bc93e0-688b-4cf5-8dff-6a7587f41f56"
            },
            {
              "system": "http://changehealthcare.com/interop/hdc/tdt_epoch",
              "code": "1615935474758"
            }
          ]
        },
        "contained": [
          {
            "resourceType": "Location",
            "id": "OrganizationAffiliation-location-id-name59",
            "extension": [
              {
                "url": "http://hl7.org/fhir/us/davinci-pdex-plan-net/StructureDefinition/newpatients",
                "extension": [
                  {
                    "url": "acceptingPatients",
                    "valueCodeableConcept": {
                      "coding": [
                        {
                          "system": "http://hl7.org/fhir/us/davinci-pdex-plan-net/CodeSystem/AcceptingPatientsCS",
                          "code": "existptfam"
                        }
                      ]
                    }
                  }
                ]
              },
              {
                "url": "http://hl7.org/fhir/us/davinci-pdex-plan-net/StructureDefinition/newpatients",
                "extension": [
                  {
                    "url": "acceptingPatients",
                    "valueCodeableConcept": {
                      "coding": [
                        {
                          "system": "http://hl7.org/fhir/us/davinci-pdex-plan-net/CodeSystem/AcceptingPatientsCS",
                          "code": "existptonly"
                        }
                      ]
                    }
                  }
                ]
              },
              {
                "url": "http://hl7.org/fhir/us/davinci-pdex-plan-net/StructureDefinition/newpatients",
                "extension": [
                  {
                    "url": "acceptingPatients",
                    "valueCodeableConcept": {
                      "coding": [
                        {
                          "system": "http://hl7.org/fhir/us/davinci-pdex-plan-net/CodeSystem/AcceptingPatientsCS",
                          "code": "newpt"
                        }
                      ]
                    }
                  }
                ]
              }
            ],
            "identifier": [
              {
                "type": {
                  "coding": [
                    {
                      "code": "type22"
                    }
                  ]
                },
                "value": "value149"
              },
              {
                "type": {
                  "coding": [
                    {
                      "code": "type23"
                    }
                  ]
                },
                "value": "value150"
              },
              {
                "type": {
                  "coding": [
                    {
                      "code": "type24"
                    }
                  ]
                },
                "value": "value151"
              }
            ],
            "status": "active",
            "operationalStatus": {
              "code": "H"
            },
            "name": "name59",
            "alias": ["alias23", "alias24", "alias25"],
            "description": "description9",
            "type": [
              {
                "coding": [
                  {
                    "code": "PSY"
                  }
                ]
              },
              {
                "coding": [
                  {
                    "code": "HD"
                  }
                ]
              }
            ],
            "address": {
              "type": "postal",
              "text": "text33",
              "line": [
                "4456 Fulton Street",
                "line67"
              ],
              "city": "Oakland",
              "district": "district25",
              "state": "CA",
              "postalCode": "023474",
              "country": "country25"
            },
            "telecom": [
              {
                "system": "phone",
                "value": "4195624378",
                "use": "work",
                "rank": 1,
                "period": {
                  "start": "1968-03-09T17:38:57.551Z",
                  "end": "1969-09-28T09:11:21.983Z"
                }
              }
            ],  
            "physicalType": {
              "text": "ve"
            },
            "position": {
              "longitude": 814.682,
              "latitude": 2.769,
              "altitude": 637.151
            },
            "partOf": {
              "reference": "#location-partOf-67c3c28d-9d86-4f94-869e-28dcf6b0c835"
            },
            "hoursOfOperation": [
              {
                "daysOfWeek": ["sat", "sat", "fri", "fri"],
                "allDay": true,
                "openingTime": "16:18:39",
                "closingTime": "16:18:39"
              },
              {
                "daysOfWeek": ["thu", "sun"],
                "allDay": true,
                "openingTime": "16:18:39",
                "closingTime": "16:18:39"
              },
              {
                "daysOfWeek": ["tue", "fri", "fri"],
                "allDay": false,
                "openingTime": "16:18:39",
                "closingTime": "16:18:39"
              }
            ],
            "availabilityExceptions": "availability_exceptions7"
          },
          {
            "resourceType": "Practitioner",
            "id": "practitioner-09bc93e0-688b-4cf5-8dff-6a7587f41f56",
            "identifier": [
              {
                "system": "http://hl7.org/fhir/sid/us-npi",
                "value": "1003003336"
              }
            ],
            "active": true,
            "name": [
              {
                "use": "temp",
                "text": "Dr. David Roben, M.D.",
                "family": "Cockshutt",
                "given": ["Salomon"],
                "period": {
                  "start": "1965-03-13T03:27:06.164Z",
                  "end": "1966-12-22T16:18:58.888Z"
                }
              }
            ],
            "telecom": [
              {
                "system": "phone",
                "value": "4195624378",
                "use": "work",
                "rank": 1,
                "period": {
                  "start": "1968-03-09T17:38:57.551Z",
                  "end": "1969-09-28T09:11:21.983Z"
                }
              }
            ],
            "address": [
              {
                "use": "old",
                "type": "both",
                "text": "6 Lyons Street Hadley, Massacchusett 01035",
                "line": ["6 Lyons Street"],
                "city": "Hadley",
                "state": "MA",
                "postalCode": "01035",
                "country": "US",
                "period": {
                  "start": "1974-10-19T22:49:24.950Z",
                  "end": "1981-02-24T20:18:15.790Z"
                }
              }
            ],
            "gender": "male",
            "birthDate": "2000-02-16",
            "communication": [
              {
                "extension": [
                  {
                    "url": "http://hl7.org/fhir/us/davinci-pdex-plan-net/StructureDefinition/communication-proficiency",
                    "valueCodeableConcept": {
                      "coding": [
                        {
                          "system": "http://hl7.org/fhir/us/davinci-pdex-plan-net/CodeSystem/LanguageProficiencyCS",
                          "code": "40"
                        }
                      ]
                    }
                  }
                ],
                "coding": [
                  {
                    "system": "urn:ietf:bcp:47",
                    "code": "English"
                  }
                ]
              }
            ]
          },
          {
            "resourceType": "Organization",
            "id": "organization-5ba27f0c-6726-4568-a6af-2f904fde544c",
            "identifier": [
              {
                "use": null,
                "type": {
                  "coding": [
                    {
                      "system": "http://terminology.hl7.org/CodeSystem/v2-0203",
                      "version": null,
                      "code": "TAX",
                      "display": "Tax ID number",
                      "userSelected": null
                    }
                  ],
                  "text": null
                },
                "system": "urn:oid:2.16.840.1.113883.4.4",
                "value": "8933900365",
                "period": null,
                "assigner": null
              }
            ],
            "active": false,
            "type": [],
            "name": "Okuneva, Roberts and White",
            "alias": ["ICDY"],
            "telecom": [
              {
                "system": "pager",
                "value": "920-404-9083",
                "use": "mobile",
                "rank": 1,
                "period": {
                  "start": "1976-04-17T21:55:03",
                  "end": "1987-01-17T20:20:52"
                }
              },
              {
                "system": "fax",
                "value": "cgleesonod@soundcloud.com",
                "use": "work",
                "rank": 2,
                "period": {
                  "start": "1975-04-08T20:55:03",
                  "end": null
                }
              }
            ],
            "address": [
              {
                "use": "work",
                "type": "both",
                "text": null,
                "line": ["5433 Jenifer Park"],
                "city": "Green Bay",
                "state": "Wisconsin",
                "postalCode": "54313",
                "country": null,
                "period": {
                  "start": "1994-05-28T20:55:03",
                  "end": null
                }
              }
            ],
            "partOf": null,
            "contact": [],
            "endpoint": []
          }
        ],
        "extension": [
          {
            "url": "http://hl7.org/fhir/us/davinci-pdex-plan-net/StructureDefinition/network-reference",
            "valueReference": {
              "reference": "Organization/F7B01E2525E411EB83A6124E422C9EF178160",
              "display": "Brognot Hospital"
            }
          }
        ],
        "identifier": [
          {
            "system": "http://hl7.org/fhir/sid/us-npi",
            "value": "1003003336"
          }
        ],
        "active": true,
        "practitioner": {
          "reference": "#practitioner-09bc93e0-688b-4cf5-8dff-6a7587f41f56"
        },
        "organization": {
          "reference": "#organization-5ba27f0c-6726-4568-a6af-2f904fde544c"
        },
        "location": [
          {
            "reference": "#OrganizationAffiliation-location-id-name59"
          }
        ],
        "code": [
          {
            "coding": [
              {
                "system": "http://hl7.org/fhir/us/davinci-pdex-plan-net/CodeSystem/ProviderRoleCS",
                "version": "v1.0",
                "code": "ap",
                "display": "display2",
                "userSelected": true
              }
            ],
            "text": "text"
          }
        ],
        "telecom": [
          {
            "system": "phone",
            "value": "4195624378",
            "use": "work",
            "rank": 1,
            "period": {
              "start": "1968-03-09T17:38:57.551Z",
              "end": "1969-09-28T09:11:21.983Z"
            }
          }
        ]
      },
      "search": {
        "mode": "match"
      }
    },
    {
      "resource": {
        "resourceType": "PractitionerRole",
        "id": "8549",
        "meta": {
          "versionId": "1",
          "lastUpdated": "2021-03-16T23:47:59.480+00:00",
          "profile": [
            "http://hl7.org/fhir/us/davinci-pdex-plan-net/StructureDefinition/plannet-PractitionerRole"
          ],
          "tag": [
            {
              "system": "http://changehealthcare.com/interop/hdc/sender_id",
              "code": "F7B01E25-25E4-11EB-83A6-124E422C9EF1"
            },
            {
              "system": "http://changehealthcare.com/interop/hdc/usageindicator",
              "code": "t"
            },
            {
              "system": "http://changehealthcare.com/interop/hdc/record_type",
              "code": "A"
            },
            {
              "system": "http://changehealthcare.com/interop/hdc/tdt_iteration",
              "code": "1"
            },
            {
              "system": "http://changehealthcare.com/interop/hdc/file_location",
              "code": "s3://enterprise-datalake-ingress-qatemp-us-east-1/interoperability/valid/provider"
            },
            {
              "system": "http://changehealthcare.com/interop/hdc/date_time_reported",
              "code": "2021-03-02 00:00:00"
            },
            {
              "system": "http://changehealthcare.com/interop/hdc/record_uuid",
              "code": "09bc93e0-688b-4cf5-8dff-6a7587f41f56"
            },
            {
              "system": "http://changehealthcare.com/interop/hdc/tdt_epoch",
              "code": "1615935474758"
            }
          ]
        },
        "contained": [
          {
            "resourceType": "Location",
            "id": "OrganizationAffiliation-location-id-name59",
            "extension": [
              {
                "url": "http://hl7.org/fhir/us/davinci-pdex-plan-net/StructureDefinition/newpatients",
                "extension": [
                  {
                    "url": "acceptingPatients",
                    "valueCodeableConcept": {
                      "coding": [
                        {
                          "system": "http://hl7.org/fhir/us/davinci-pdex-plan-net/CodeSystem/AcceptingPatientsCS",
                          "code": "existptfam"
                        }
                      ]
                    }
                  }
                ]
              },
              {
                "url": "http://hl7.org/fhir/us/davinci-pdex-plan-net/StructureDefinition/newpatients",
                "extension": [
                  {
                    "url": "acceptingPatients",
                    "valueCodeableConcept": {
                      "coding": [
                        {
                          "system": "http://hl7.org/fhir/us/davinci-pdex-plan-net/CodeSystem/AcceptingPatientsCS",
                          "code": "existptonly"
                        }
                      ]
                    }
                  }
                ]
              },
              {
                "url": "http://hl7.org/fhir/us/davinci-pdex-plan-net/StructureDefinition/newpatients",
                "extension": [
                  {
                    "url": "acceptingPatients",
                    "valueCodeableConcept": {
                      "coding": [
                        {
                          "system": "http://hl7.org/fhir/us/davinci-pdex-plan-net/CodeSystem/AcceptingPatientsCS",
                          "code": "newpt"
                        }
                      ]
                    }
                  }
                ]
              }
            ],
            "identifier": [
              {
                "type": {
                  "coding": [
                    {
                      "code": "type22"
                    }
                  ]
                },
                "value": "value149"
              },
              {
                "type": {
                  "coding": [
                    {
                      "code": "type23"
                    }
                  ]
                },
                "value": "value150"
              },
              {
                "type": {
                  "coding": [
                    {
                      "code": "type24"
                    }
                  ]
                },
                "value": "value151"
              }
            ],
            "status": "active",
            "operationalStatus": {
              "code": "H"
            },
            "name": "name59",
            "alias": ["alias23", "alias24", "alias25"],
            "description": "description9",
            "type": [
              {
                "coding": [
                  {
                    "code": "PSY"
                  }
                ]
              },
              {
                "coding": [
                  {
                    "code": "HD"
                  }
                ]
              }
            ],
            "address": {
              "type": "postal",
              "text": "text33",
              "line": [
                "4456 Fulton Street",
                "line67"
              ],
              "city": "Oakland",
              "district": "district25",
              "state": "CA",
              "postalCode": "023474",
              "country": "country25"
            },
            "telecom": [
              {
                "system": "phone",
                "value": "4195624378",
                "use": "work",
                "rank": 1,
                "period": {
                  "start": "1968-03-09T17:38:57.551Z",
                  "end": "1969-09-28T09:11:21.983Z"
                }
              }
            ],  
            "physicalType": {
              "text": "ve"
            },
            "position": {
              "latitude": 40.6974034,
              "longitude": -73.8395986,
              "altitude": 637.151
            },
            "partOf": {
              "reference": "#location-partOf-67c3c28d-9d86-4f94-869e-28dcf6b0c835"
            },
            "hoursOfOperation": [
              {
                "daysOfWeek": ["sat", "sat", "fri", "fri"],
                "allDay": true,
                "openingTime": "16:18:39",
                "closingTime": "16:18:39"
              },
              {
                "daysOfWeek": ["thu", "sun"],
                "allDay": true,
                "openingTime": "16:18:39",
                "closingTime": "16:18:39"
              },
              {
                "daysOfWeek": ["tue", "fri", "fri"],
                "allDay": false,
                "openingTime": "16:18:39",
                "closingTime": "16:18:39"
              }
            ],
            "availabilityExceptions": "availability_exceptions7"
          },
          {
            "resourceType": "Practitioner",
            "id": "practitioner-09bc93e0-688b-4cf5-8dff-6a7587f41f56",
            "identifier": [
              {
                "system": "http://hl7.org/fhir/sid/us-npi",
                "value": "1003003336"
              }
            ],
            "active": true,
            "name": [
              {
                "use": "temp",
                "text": "Dr. Robert Geddes, M.D.",
                "family": "Cockshutt",
                "given": ["Salomon"],
                "period": {
                  "start": "1965-03-13T03:27:06.164Z",
                  "end": "1966-12-22T16:18:58.888Z"
                }
              }
            ],
            "telecom": [
              {
                "system": "phone",
                "value": "4195624378",
                "use": "work",
                "rank": 1,
                "period": {
                  "start": "1968-03-09T17:38:57.551Z",
                  "end": "1969-09-28T09:11:21.983Z"
                }
              }
            ],
            "address": [
              {
                "use": "old",
                "type": "both",
                "text": "6 Lyons Street Hadley, Massacchusett 01035",
                "line": ["6 Lyons Street"],
                "city": "Hadley",
                "state": "MA",
                "postalCode": "01035",
                "country": "US",
                "period": {
                  "start": "1974-10-19T22:49:24.950Z",
                  "end": "1981-02-24T20:18:15.790Z"
                }
              }
            ],
            "gender": "male",
            "birthDate": "2000-02-16",
            "communication": [
              {
                "extension": [
                  {
                    "url": "http://hl7.org/fhir/us/davinci-pdex-plan-net/StructureDefinition/communication-proficiency",
                    "valueCodeableConcept": {
                      "coding": [
                        {
                          "system": "http://hl7.org/fhir/us/davinci-pdex-plan-net/CodeSystem/LanguageProficiencyCS",
                          "code": "40"
                        }
                      ]
                    }
                  }
                ],
                "coding": [
                  {
                    "system": "urn:ietf:bcp:47",
                    "code": "English"
                  }
                ]
              }
            ]
          },
          {
            "resourceType": "Organization",
            "id": "organization-5ba27f0c-6726-4568-a6af-2f904fde544c",
            "identifier": [
              {
                "use": null,
                "type": {
                  "coding": [
                    {
                      "system": "http://terminology.hl7.org/CodeSystem/v2-0203",
                      "version": null,
                      "code": "TAX",
                      "display": "Tax ID number",
                      "userSelected": null
                    }
                  ],
                  "text": null
                },
                "system": "urn:oid:2.16.840.1.113883.4.4",
                "value": "8933900365",
                "period": null,
                "assigner": null
              }
            ],
            "active": false,
            "type": [],
            "name": "Okuneva, Roberts and White",
            "alias": ["ICDY"],
            "telecom": [
              {
                "system": "pager",
                "value": "920-404-9083",
                "use": "mobile",
                "rank": 1,
                "period": {
                  "start": "1976-04-17T21:55:03",
                  "end": "1987-01-17T20:20:52"
                }
              },
              {
                "system": "fax",
                "value": "cgleesonod@soundcloud.com",
                "use": "work",
                "rank": 2,
                "period": {
                  "start": "1975-04-08T20:55:03",
                  "end": null
                }
              }
            ],
            "address": [
              {
                "use": "work",
                "type": "both",
                "text": null,
                "line": ["5433 Jenifer Park"],
                "city": "Green Bay",
                "state": "Wisconsin",
                "postalCode": "54313",
                "country": null,
                "period": {
                  "start": "1994-05-28T20:55:03",
                  "end": null
                }
              }
            ],
            "partOf": null,
            "contact": [],
            "endpoint": []
          }
        ],
        "extension": [
          {
            "url": "http://hl7.org/fhir/us/davinci-pdex-plan-net/StructureDefinition/network-reference",
            "valueReference": {
              "reference": "Organization/F7B01E2525E411EB83A6124E422C9EF178160",
              "display": "Brognot Hospital"
            }
          }
        ],
        "identifier": [
          {
            "system": "http://hl7.org/fhir/sid/us-npi",
            "value": "1003003336"
          }
        ],
        "active": true,
        "practitioner": {
          "reference": "#practitioner-09bc93e0-688b-4cf5-8dff-6a7587f41f56"
        },
        "organization": {
          "reference": "#organization-5ba27f0c-6726-4568-a6af-2f904fde544c"
        },
        "location": [
          {
            "reference": "#OrganizationAffiliation-location-id-name59"
          }
        ],
        "code": [
          {
            "coding": [
              {
                "system": "http://hl7.org/fhir/us/davinci-pdex-plan-net/CodeSystem/ProviderRoleCS",
                "version": "v1.0",
                "code": "ap",
                "display": "display2",
                "userSelected": true
              }
            ],
            "text": "text"
          }
        ],
        "telecom": [
          {
            "system": "phone",
            "value": "4195624378",
            "use": "work",
            "rank": 1,
            "period": {
              "start": "1968-03-09T17:38:57.551Z",
              "end": "1969-09-28T09:11:21.983Z"
            }
          }
        ]
      },
      "search": {
        "mode": "match"
      }
    }
  ]
}
