{
    "phoneNumbers": [
        {
            "primary": true,
            "description": "Description",
            "number": "(800) 555-1234"
        },
        {
            "primary": false,
            "number": "(888) 888-8888"
        }
    ],
    "emailAddresses": [
        {
            "primary": false,
            "email": "youremail@yourcompany.com"
        },
        {
            "primary": false,
            "email": "secondaryemail@secondaryemail.com"
        }
    ],
    "address": "2821 Shady Lane\nOakland, CA 94610",
    "url": "http://www.changehealthcare.com/url&td",
    "publicName": "Alden Insurance Co."
}
