{
  "data": {
    "indexName": "providerservicegroups",
    "hits": [
      {
        "id": 70,
        "extraTerms": "new patient, existing patient, new patient visit, existing patient visit, std test, drug test, pregnancy test, check up, doctor appointment, doctor's appointmentannual exam,checkup,prescriptions,drugs,Well Visit,Well Care,blood pressure,check-up,sick visit,pee test,evaluation, annual physical, physical,dermatologist,dermatology,dermatology consult,walk-in clinic,clinic,prenatal appointment,prenatal inpatient,orthopedic,orthopedic surgeon,podiatrist,podiatry,nutritionist,nutrition,diet,dietician,foot arch,foot arches,arches,bunion,plantar fasciitis,orthotic,arch support orthotic,bunionectomy,ingrown,ingrown toenail,sonogram,ultrasound,labor and delivery,cesarian,tonsil,tonsils,tonsilectomy,EGD,Esophagogastroduodenoscopy,hysterectomy,hernia,tetnis shot,new patient,pediatric, pediatrics, pediatrician, child health, children's health, children's doctor visit, children's office visit,new patient, orthopedic doctor, orthopedist, orthopedists,  infant health, infant's health, infant, baby,babies, baby health, baby's health, sick child, child's health, office visit, new patient office visit, sick kid, kid's health, infant doctor appointment, infant's doctor appointment, infant doctor's appointment, surgeon, specialist, specialist referral, Anaesthetics, anasthetics, anaesthesiology, anesthesiology, anasthesiology, anaesthesiologist, anesthesiologist, anasthesiologist, anaesthesiologists, anesthesiologists, anasthesiologists, immunology, immunologist, immunologists, allergy, allergies, allergist, pathology, pathologist, cardiology, cardiologist, pediatric cardiology, pediatric cardiologist, cardiothoracic surgery, cardiothoracic surgeon, child psychiatry, child psychology, child psychotherapy, child psychiatrist, child psychologist, child psychotherapist, child psychiatrists, child psychotherapists, child psychologists, psychiatry, psychiatrists, psychiatrist, psychotherapy, psychotherapist, psychotherapists, psychology, psychologist, psychologists, neurophysiology, neurophysiologist, clinical neurophysiology, clinical neurophysiologist, emergency medicine, endocrinology, endocrinologist, gastroenterology, gastroenterologist, obstetrics, health informatics, infectious disease, infectious diseases, internal medicine, interventional radiology, interventional radiologist, interventional radiologists, radiology, radiologist, radiologists, vascular medicine, microbiology, microbiologist, microbiologists, nephrology, nephrologist, nephrologists, neurology, neurologist, neurologists, neurosurgeon, neurosurgeons, neurosurgery, nuclear medicine, occupational medicine, ophthalmology, ophthamology, ophthalmologist, ophthamologists, orthopedics, orthopaedics, oro-maxillo-facial surgery, pediatric allergology, pediatric endocrinology and diabetes, pediatric endocrinology, pediatric diabetes, diabetic, diabetes, pediatric gastroenterology, pediatric gastroenterologist, pediatric hepatology, hepatology, pediatric hepatologist, pediatric gastroenterologists, pediatric hepatologists, hepatologist, hepatologists, pediatric nutrition, nutrition, nutritionist, pediatric nutritionist, pediatric hematology, hematology, pediatric hematologist, pediatric hematologists, pediatric oncology, pediatric oncologist, pediatric oncologists, hemotologist, hemotologists, pediatric infectious disease, pediatric infectious diseases, infectious disease, infectious diseases, neonatology, neonatal, neonatologist, pediatric nephrology, pediatric nephrologist, pediatric nephrologists, pediatric respiratory medicine, respiratory medicine, pediatric rheumatology, pediatric rheumatologist, pediatric rheumatologists, rheumatology, rheumatologist, rheumatologists, pediatric surgery, pediatric surgeon, pneumology, public health, radiology, radiologist, radiologists, general surgery, general surgeon, urology, urologist, urologists, vascular surgery, vascular surgeon, vascular surgeons, pediatric psychology, podiatric surgery, podiatric surgeon, podiatrist, podiatric surgeons, primary care physician, pcp, cancer doctor,std test, drug test,blood test, blood administration set,flu prevention,sick visit,Flu,Shot,Immunization,pregnancy test, check up, doctor appointment, doctor's appointment, flu mist, flu nasal spray,sore throat, runny nose, cold, itchy eyes, sneezing, itching, coughing, aches and pains, aches, sore neck, congested, congestion, stuffy nose, cough, itch, sore, tired, fatigue, strep throat, throat hurts,pregnant,missed period,prenatal care,babies,birth control,prenatal,pregnancy test,bladder,kidneys,bladder control specialist,urologist,urology,missed period,prenatal care,yeast infection,UTI,urinary tract infection,urine,baby doctor appointment, baby's doctor appointment, baby doctor's appointment, baby doctors appointment, infant doctors appointment, doctor appointment, doctor's appointment, doctors appointment, screening, physical appointment, annual physical, annual appointment, annual exam, women's health, woman health, womans health, woman's health, womens health, pap test, pap smear,cancer prevention,gynecology,gynecologist,obgyn,gyno,obstetrics,obstetrics and gynecology,maternity,maternity needs,mammography, sexual health, yearly exam, disease management",
        "description": null,
        "name": "Office Visit - 15 minutes Office Visit - 15 minutes"
      },
      {
        "id": 71,
        "extraTerms": "new patient, existing patient, new patient visit, existing patient visit, std test, drug test, pregnancy test, check up, doctor appointment, doctor's appointmentannual exam,checkup,prescriptions,drugs,Well Visit,Well Care,blood pressure,check-up,sick visit,pee test,evaluation, annual physical, physical,dermatologist,dermatology,dermatology consult,walk-in clinic,clinic,prenatal appointment,prenatal inpatient,orthopedic,orthopedic surgeon,podiatrist,podiatry,nutritionist,nutrition,diet,dietician,foot arch,foot arches,arches,bunion,plantar fasciitis,orthotic,arch support orthotic,bunionectomy,ingrown,ingrown toenail,sonogram,ultrasound,labor and delivery,cesarian,tonsil,tonsils,tonsilectomy,EGD,Esophagogastroduodenoscopy,hysterectomy,hernia,tetnis shot,new patient,pediatric, pediatrics, pediatrician, child health, children's health, children's doctor visit, children's office visit,new patient, orthopedic doctor, orthopedist, orthopedists,  infant health, infant's health, infant, baby,babies, baby health, baby's health, sick child, child's health, office visit, new patient office visit, sick kid, kid's health, infant doctor appointment, infant's doctor appointment, infant doctor's appointment, surgeon, specialist, specialist referral, Anaesthetics, anasthetics, anaesthesiology, anesthesiology, anasthesiology, anaesthesiologist, anesthesiologist, anasthesiologist, anaesthesiologists, anesthesiologists, anasthesiologists, immunology, immunologist, immunologists, allergy, allergies, allergist, pathology, pathologist, cardiology, cardiologist, pediatric cardiology, pediatric cardiologist, cardiothoracic surgery, cardiothoracic surgeon, child psychiatry, child psychology, child psychotherapy, child psychiatrist, child psychologist, child psychotherapist, child psychiatrists, child psychotherapists, child psychologists, psychiatry, psychiatrists, psychiatrist, psychotherapy, psychotherapist, psychotherapists, psychology, psychologist, psychologists, neurophysiology, neurophysiologist, clinical neurophysiology, clinical neurophysiologist, emergency medicine, endocrinology, endocrinologist, gastroenterology, gastroenterologist, obstetrics, health informatics, infectious disease, infectious diseases, internal medicine, interventional radiology, interventional radiologist, interventional radiologists, radiology, radiologist, radiologists, vascular medicine, microbiology, microbiologist, microbiologists, nephrology, nephrologist, nephrologists, neurology, neurologist, neurologists, neurosurgeon, neurosurgeons, neurosurgery, nuclear medicine, occupational medicine, ophthalmology, ophthamology, ophthalmologist, ophthamologists, orthopedics, orthopaedics, oro-maxillo-facial surgery, pediatric allergology, pediatric endocrinology and diabetes, pediatric endocrinology, pediatric diabetes, diabetic, diabetes, pediatric gastroenterology, pediatric gastroenterologist, pediatric hepatology, hepatology, pediatric hepatologist, pediatric gastroenterologists, pediatric hepatologists, hepatologist, hepatologists, pediatric nutrition, nutrition, nutritionist, pediatric nutritionist, pediatric hematology, hematology, pediatric hematologist, pediatric hematologists, pediatric oncology, pediatric oncologist, pediatric oncologists, hemotologist, hemotologists, pediatric infectious disease, pediatric infectious diseases, infectious disease, infectious diseases, neonatology, neonatal, neonatologist, pediatric nephrology, pediatric nephrologist, pediatric nephrologists, pediatric respiratory medicine, respiratory medicine, pediatric rheumatology, pediatric rheumatologist, pediatric rheumatologists, rheumatology, rheumatologist, rheumatologists, pediatric surgery, pediatric surgeon, pneumology, public health, radiology, radiologist, radiologists, general surgery, general surgeon, urology, urologist, urologists, vascular surgery, vascular surgeon, vascular surgeons, pediatric psychology, podiatric surgery, podiatric surgeon, podiatrist, podiatric surgeons, primary care physician, pcp, cancer doctor,std test, drug test,blood test, blood administration set,flu prevention,sick visit,Flu,Shot,Immunization,pregnancy test, check up, doctor appointment, doctor's appointment, flu mist, flu nasal spray,sore throat, runny nose, cold, itchy eyes, sneezing, itching, coughing, aches and pains, aches, sore neck, congested, congestion, stuffy nose, cough, itch, sore, tired, fatigue, strep throat, throat hurts,pregnant,missed period,prenatal care,babies,birth control,prenatal,pregnancy test,bladder,kidneys,bladder control specialist,urologist,urology,missed period,prenatal care,yeast infection,UTI,urinary tract infection,urine,baby doctor appointment, baby's doctor appointment, baby doctor's appointment, baby doctors appointment, infant doctors appointment, doctor appointment, doctor's appointment, doctors appointment, screening, physical appointment, annual physical, annual appointment, annual exam, women's health, woman health, womans health, woman's health, womens health, pap test, pap smear,cancer prevention,gynecology,gynecologist,obgyn,gyno,obstetrics,obstetrics and gynecology,maternity,maternity needs,mammography, sexual health, yearly exam, disease management",
        "description": "This type of office visit is typically scheduled when a patient is concerned about a specific health problem rather than preventive care. This office visit includes charges for spending 25 minutes with the doctor.",
        "name": "Office Visit - 25 minutes"
      },
      {
        "id": 66,
        "extraTerms": "new patient, std test, drug test, pregnancy test, check up, doctor appointment, doctor's appointmentannual exam,checkup,prescriptions,drugs,Well Visit,Well Care,blood pressure,check-up,sick visit,pee test,evaluation, annual physical, physical,dermatologist,dermatology,dermatology consult,walk-in clinic,clinic,prenatal appointment,prenatal inpatient,orthopedic,orthopedic surgeon,podiatrist,podiatry,nutritionist,nutrition,diet,dietician,foot arch,foot arches,arches,bunion,plantar fasciitis,orthotic,arch support orthotic,bunionectomy,ingrown,ingrown toenail,sonogram,ultrasound,labor and delivery,cesarian,tonsil,tonsils,tonsilectomy,EGD,Esophagogastroduodenoscopy,hysterectomy,hernia,tetnis shot,new patient,pediatric, pediatrics, pediatrician, child health, children's health, children's doctor visit, children's office visit,new patient, orthopedic doctor, orthopedist, orthopedists,  infant health, infant's health, infant, baby,babies, baby health, baby's health, sick child, child's health, office visit, new patient office visit, sick kid, kid's health, infant doctor appointment, infant's doctor appointment, infant doctor's appointment, surgeon, specialist, specialist referral, Anaesthetics, anasthetics, anaesthesiology, anesthesiology, anasthesiology, anaesthesiologist, anesthesiologist, anasthesiologist, anaesthesiologists, anesthesiologists, anasthesiologists, immunology, immunologist, immunologists, allergy, allergies, allergist, pathology, pathologist, cardiology, cardiologist, pediatric cardiology, pediatric cardiologist, cardiothoracic surgery, cardiothoracic surgeon, child psychiatry, child psychology, child psychotherapy, child psychiatrist, child psychologist, child psychotherapist, child psychiatrists, child psychotherapists, child psychologists, psychiatry, psychiatrists, psychiatrist, psychotherapy, psychotherapist, psychotherapists, psychology, psychologist, psychologists, neurophysiology, neurophysiologist, clinical neurophysiology, clinical neurophysiologist, emergency medicine, endocrinology, endocrinologist, gastroenterology, gastroenterologist, obstetrics, health informatics, infectious disease, infectious diseases, internal medicine, interventional radiology, interventional radiologist, interventional radiologists, radiology, radiologist, radiologists, vascular medicine, microbiology, microbiologist, microbiologists, nephrology, nephrologist, nephrologists, neurology, neurologist, neurologists, neurosurgeon, neurosurgeons, neurosurgery, nuclear medicine, occupational medicine, ophthalmology, ophthamology, ophthalmologist, ophthamologists, orthopedics, orthopaedics, oro-maxillo-facial surgery, pediatric allergology, pediatric endocrinology and diabetes, pediatric endocrinology, pediatric diabetes, diabetic, diabetes, pediatric gastroenterology, pediatric gastroenterologist, pediatric hepatology, hepatology, pediatric hepatologist, pediatric gastroenterologists, pediatric hepatologists, hepatologist, hepatologists, pediatric nutrition, nutrition, nutritionist, pediatric nutritionist, pediatric hematology, hematology, pediatric hematologist, pediatric hematologists, pediatric oncology, pediatric oncologist, pediatric oncologists, hemotologist, hemotologists, pediatric infectious disease, pediatric infectious diseases, infectious disease, infectious diseases, neonatology, neonatal, neonatologist, pediatric nephrology, pediatric nephrologist, pediatric nephrologists, pediatric respiratory medicine, respiratory medicine, pediatric rheumatology, pediatric rheumatologist, pediatric rheumatologists, rheumatology, rheumatologist, rheumatologists, pediatric surgery, pediatric surgeon, pneumology, public health, radiology, radiologist, radiologists, general surgery, general surgeon, urology, urologist, urologists, vascular surgery, vascular surgeon, vascular surgeons, pediatric psychology, podiatric surgery, podiatric surgeon, podiatrist, podiatric surgeons, primary care physician, pcp, cancer doctor,std test, drug test,blood test, blood administration set,flu prevention,sick visit,Flu,Shot,Immunization,pregnancy test, check up, doctor appointment, doctor's appointment, flu mist, flu nasal spray,sore throat, runny nose, cold, itchy eyes, sneezing, itching, coughing, aches and pains, aches, sore neck, congested, congestion, stuffy nose, cough, itch, sore, tired, fatigue, strep throat, throat hurts,pregnant,missed period,prenatal care,babies,birth control,prenatal,pregnancy test,bladder,kidneys,bladder control specialist,urologist,urology,missed period,prenatal care,yeast infection,UTI,urinary tract infection,urine,baby doctor appointment, baby's doctor appointment, baby doctor's appointment, baby doctors appointment, infant doctors appointment, doctor appointment, doctor's appointment, doctors appointment, screening, physical appointment, annual physical, annual appointment, annual exam, women's health, woman health, womans health, woman's health, womens health, pap test, pap smear,cancer prevention,gynecology,gynecologist,obgyn,gyno,obstetrics,obstetrics and gynecology,maternity,maternity needs,mammography, sexual health, yearly exam, disease management",
        "description": "This type of office visit is typically scheduled when a patient is concerned about a specific health problem rather than preventive care.  As a new patient the doctor will take time to do a comprehensive health history. This office visit includes charges for spending 40 minutes with the doctor.",
        "name": "New Patient Office Visit - 45 minutes"
      },
      {
        "id": 65,
        "extraTerms": "new patient, std test, drug test, pregnancy test, check up, doctor appointment, doctor's appointmentannual exam,checkup,prescriptions,drugs,Well Visit,Well Care,blood pressure,check-up,sick visit,pee test,evaluation, annual physical, physical,dermatologist,dermatology,dermatology consult,walk-in clinic,clinic,prenatal appointment,prenatal inpatient,orthopedic,orthopedic surgeon,podiatrist,podiatry,nutritionist,nutrition,diet,dietician,foot arch,foot arches,arches,bunion,plantar fasciitis,orthotic,arch support orthotic,bunionectomy,ingrown,ingrown toenail,sonogram,ultrasound,labor and delivery,cesarian,tonsil,tonsils,tonsilectomy,EGD,Esophagogastroduodenoscopy,hysterectomy,hernia,tetnis shot,new patient,pediatric, pediatrics, pediatrician, child health, children's health, children's doctor visit, children's office visit,new patient, orthopedic doctor, orthopedist, orthopedists,  infant health, infant's health, infant, baby,babies, baby health, baby's health, sick child, child's health, office visit, new patient office visit, sick kid, kid's health, infant doctor appointment, infant's doctor appointment, infant doctor's appointment, surgeon, specialist, specialist referral, Anaesthetics, anasthetics, anaesthesiology, anesthesiology, anasthesiology, anaesthesiologist, anesthesiologist, anasthesiologist, anaesthesiologists, anesthesiologists, anasthesiologists, immunology, immunologist, immunologists, allergy, allergies, allergist, pathology, pathologist, cardiology, cardiologist, pediatric cardiology, pediatric cardiologist, cardiothoracic surgery, cardiothoracic surgeon, child psychiatry, child psychology, child psychotherapy, child psychiatrist, child psychologist, child psychotherapist, child psychiatrists, child psychotherapists, child psychologists, psychiatry, psychiatrists, psychiatrist, psychotherapy, psychotherapist, psychotherapists, psychology, psychologist, psychologists, neurophysiology, neurophysiologist, clinical neurophysiology, clinical neurophysiologist, emergency medicine, endocrinology, endocrinologist, gastroenterology, gastroenterologist, obstetrics, health informatics, infectious disease, infectious diseases, internal medicine, interventional radiology, interventional radiologist, interventional radiologists, radiology, radiologist, radiologists, vascular medicine, microbiology, microbiologist, microbiologists, nephrology, nephrologist, nephrologists, neurology, neurologist, neurologists, neurosurgeon, neurosurgeons, neurosurgery, nuclear medicine, occupational medicine, ophthalmology, ophthamology, ophthalmologist, ophthamologists, orthopedics, orthopaedics, oro-maxillo-facial surgery, pediatric allergology, pediatric endocrinology and diabetes, pediatric endocrinology, pediatric diabetes, diabetic, diabetes, pediatric gastroenterology, pediatric gastroenterologist, pediatric hepatology, hepatology, pediatric hepatologist, pediatric gastroenterologists, pediatric hepatologists, hepatologist, hepatologists, pediatric nutrition, nutrition, nutritionist, pediatric nutritionist, pediatric hematology, hematology, pediatric hematologist, pediatric hematologists, pediatric oncology, pediatric oncologist, pediatric oncologists, hemotologist, hemotologists, pediatric infectious disease, pediatric infectious diseases, infectious disease, infectious diseases, neonatology, neonatal, neonatologist, pediatric nephrology, pediatric nephrologist, pediatric nephrologists, pediatric respiratory medicine, respiratory medicine, pediatric rheumatology, pediatric rheumatologist, pediatric rheumatologists, rheumatology, rheumatologist, rheumatologists, pediatric surgery, pediatric surgeon, pneumology, public health, radiology, radiologist, radiologists, general surgery, general surgeon, urology, urologist, urologists, vascular surgery, vascular surgeon, vascular surgeons, pediatric psychology, podiatric surgery, podiatric surgeon, podiatrist, podiatric surgeons, primary care physician, pcp, cancer doctor,std test, drug test,blood test, blood administration set,flu prevention,sick visit,Flu,Shot,Immunization,pregnancy test, check up, doctor appointment, doctor's appointment, flu mist, flu nasal spray,sore throat, runny nose, cold, itchy eyes, sneezing, itching, coughing, aches and pains, aches, sore neck, congested, congestion, stuffy nose, cough, itch, sore, tired, fatigue, strep throat, throat hurts,pregnant,missed period,prenatal care,babies,birth control,prenatal,pregnancy test,bladder,kidneys,bladder control specialist,urologist,urology,missed period,prenatal care,yeast infection,UTI,urinary tract infection,urine,baby doctor appointment, baby's doctor appointment, baby doctor's appointment, baby doctors appointment, infant doctors appointment, doctor appointment, doctor's appointment, doctors appointment, screening, physical appointment, annual physical, annual appointment, annual exam, women's health, woman health, womans health, woman's health, womens health, pap test, pap smear,cancer prevention,gynecology,gynecologist,obgyn,gyno,obstetrics,obstetrics and gynecology,maternity,maternity needs,mammography, sexual health, yearly exam, disease management",
        "description": "This type of office visit is typically scheduled when a patient is concerned about a specific health problem rather than preventive care. This office visit includes charges for spending 30 minutes with the doctor. As a new patient the doctor will take time to do a detailed health history.",
        "name": "New Patient Office Visit - 30 minutes"
      },
      {
        "id": 72,
        "extraTerms": "new patient, existing patient, new patient visit, existing patient visit, std test, drug test, pregnancy test, check up, doctor appointment, doctor's appointmentannual exam,checkup,prescriptions,drugs,Well Visit,Well Care,blood pressure,check-up,sick visit,pee test,evaluation, annual physical, physical,dermatologist,dermatology,dermatology consult,walk-in clinic,clinic,prenatal appointment,prenatal inpatient,orthopedic,orthopedic surgeon,podiatrist,podiatry,nutritionist,nutrition,diet,dietician,foot arch,foot arches,arches,bunion,plantar fasciitis,orthotic,arch support orthotic,bunionectomy,ingrown,ingrown toenail,sonogram,ultrasound,labor and delivery,cesarian,tonsil,tonsils,tonsilectomy,EGD,Esophagogastroduodenoscopy,hysterectomy,hernia,tetnis shot,new patient,pediatric, pediatrics, pediatrician, child health, children's health, children's doctor visit, children's office visit,new patient, orthopedic doctor, orthopedist, orthopedists,  infant health, infant's health, infant, baby,babies, baby health, baby's health, sick child, child's health, office visit, new patient office visit, sick kid, kid's health, infant doctor appointment, infant's doctor appointment, infant doctor's appointment, surgeon, specialist, specialist referral, Anaesthetics, anasthetics, anaesthesiology, anesthesiology, anasthesiology, anaesthesiologist, anesthesiologist, anasthesiologist, anaesthesiologists, anesthesiologists, anasthesiologists, immunology, immunologist, immunologists, allergy, allergies, allergist, pathology, pathologist, cardiology, cardiologist, pediatric cardiology, pediatric cardiologist, cardiothoracic surgery, cardiothoracic surgeon, child psychiatry, child psychology, child psychotherapy, child psychiatrist, child psychologist, child psychotherapist, child psychiatrists, child psychotherapists, child psychologists, psychiatry, psychiatrists, psychiatrist, psychotherapy, psychotherapist, psychotherapists, psychology, psychologist, psychologists, neurophysiology, neurophysiologist, clinical neurophysiology, clinical neurophysiologist, emergency medicine, endocrinology, endocrinologist, gastroenterology, gastroenterologist, obstetrics, health informatics, infectious disease, infectious diseases, internal medicine, interventional radiology, interventional radiologist, interventional radiologists, radiology, radiologist, radiologists, vascular medicine, microbiology, microbiologist, microbiologists, nephrology, nephrologist, nephrologists, neurology, neurologist, neurologists, neurosurgeon, neurosurgeons, neurosurgery, nuclear medicine, occupational medicine, ophthalmology, ophthamology, ophthalmologist, ophthamologists, orthopedics, orthopaedics, oro-maxillo-facial surgery, pediatric allergology, pediatric endocrinology and diabetes, pediatric endocrinology, pediatric diabetes, diabetic, diabetes, pediatric gastroenterology, pediatric gastroenterologist, pediatric hepatology, hepatology, pediatric hepatologist, pediatric gastroenterologists, pediatric hepatologists, hepatologist, hepatologists, pediatric nutrition, nutrition, nutritionist, pediatric nutritionist, pediatric hematology, hematology, pediatric hematologist, pediatric hematologists, pediatric oncology, pediatric oncologist, pediatric oncologists, hemotologist, hemotologists, pediatric infectious disease, pediatric infectious diseases, infectious disease, infectious diseases, neonatology, neonatal, neonatologist, pediatric nephrology, pediatric nephrologist, pediatric nephrologists, pediatric respiratory medicine, respiratory medicine, pediatric rheumatology, pediatric rheumatologist, pediatric rheumatologists, rheumatology, rheumatologist, rheumatologists, pediatric surgery, pediatric surgeon, pneumology, public health, radiology, radiologist, radiologists, general surgery, general surgeon, urology, urologist, urologists, vascular surgery, vascular surgeon, vascular surgeons, pediatric psychology, podiatric surgery, podiatric surgeon, podiatrist, podiatric surgeons, primary care physician, pcp, cancer doctor,std test, drug test,blood test, blood administration set,flu prevention,sick visit,Flu,Shot,Immunization,pregnancy test, check up, doctor appointment, doctor's appointment, flu mist, flu nasal spray,sore throat, runny nose, cold, itchy eyes, sneezing, itching, coughing, aches and pains, aches, sore neck, congested, congestion, stuffy nose, cough, itch, sore, tired, fatigue, strep throat, throat hurts,pregnant,missed period,prenatal care,babies,birth control,prenatal,pregnancy test,bladder,kidneys,bladder control specialist,urologist,urology,missed period,prenatal care,yeast infection,UTI,urinary tract infection,urine,baby doctor appointment, baby's doctor appointment, baby doctor's appointment, baby doctors appointment, infant doctors appointment, doctor appointment, doctor's appointment, doctors appointment, screening, physical appointment, annual physical, annual appointment, annual exam, women's health, woman health, womans health, woman's health, womens health, pap test, pap smear,cancer prevention,gynecology,gynecologist,obgyn,gyno,obstetrics,obstetrics and gynecology,maternity,maternity needs,mammography, sexual health, yearly exam, disease management",
        "description": "This type of office visit is typically scheduled when a patient is concerned about a specific health problem rather than preventive care. This office visit includes charges for spending 40 minutes with the doctor.",
        "name": "Office Visit - 40 minutes"
      },
      {
        "id": 278,
        "extraTerms": "new patient, existing patient, new patient visit, existing patient visit, std test, drug test, pregnancy test, check up, doctor appointment, doctor's appointmentannual exam,checkup,prescriptions,drugs,Well Visit,Well Care,blood pressure,check-up,sick visit,pee test,evaluation, annual physical, physical,dermatologist,dermatology,dermatology consult,walk-in clinic,clinic,prenatal appointment,prenatal inpatient,orthopedic,orthopedic surgeon,podiatrist,podiatry,nutritionist,nutrition,diet,dietician,foot arch,foot arches,arches,bunion,plantar fasciitis,orthotic,arch support orthotic,bunionectomy,ingrown,ingrown toenail,sonogram,ultrasound,labor and delivery,cesarian,tonsil,tonsils,tonsilectomy,EGD,Esophagogastroduodenoscopy,hysterectomy,hernia,tetnis shot,new patient,pediatric, pediatrics, pediatrician, child health, children's health, children's doctor visit, children's office visit,new patient, orthopedic doctor, orthopedist, orthopedists,  infant health, infant's health, infant, baby,babies, baby health, baby's health, sick child, child's health, office visit, new patient office visit, sick kid, kid's health, infant doctor appointment, infant's doctor appointment, infant doctor's appointment, surgeon, specialist, specialist referral, Anaesthetics, anasthetics, anaesthesiology, anesthesiology, anasthesiology, anaesthesiologist, anesthesiologist, anasthesiologist, anaesthesiologists, anesthesiologists, anasthesiologists, immunology, immunologist, immunologists, allergy, allergies, allergist, pathology, pathologist, cardiology, cardiologist, pediatric cardiology, pediatric cardiologist, cardiothoracic surgery, cardiothoracic surgeon, child psychiatry, child psychology, child psychotherapy, child psychiatrist, child psychologist, child psychotherapist, child psychiatrists, child psychotherapists, child psychologists, psychiatry, psychiatrists, psychiatrist, psychotherapy, psychotherapist, psychotherapists, psychology, psychologist, psychologists, neurophysiology, neurophysiologist, clinical neurophysiology, clinical neurophysiologist, emergency medicine, endocrinology, endocrinologist, gastroenterology, gastroenterologist, obstetrics, health informatics, infectious disease, infectious diseases, internal medicine, interventional radiology, interventional radiologist, interventional radiologists, radiology, radiologist, radiologists, vascular medicine, microbiology, microbiologist, microbiologists, nephrology, nephrologist, nephrologists, neurology, neurologist, neurologists, neurosurgeon, neurosurgeons, neurosurgery, nuclear medicine, occupational medicine, ophthalmology, ophthamology, ophthalmologist, ophthamologists, orthopedics, orthopaedics, oro-maxillo-facial surgery, pediatric allergology, pediatric endocrinology and diabetes, pediatric endocrinology, pediatric diabetes, diabetic, diabetes, pediatric gastroenterology, pediatric gastroenterologist, pediatric hepatology, hepatology, pediatric hepatologist, pediatric gastroenterologists, pediatric hepatologists, hepatologist, hepatologists, pediatric nutrition, nutrition, nutritionist, pediatric nutritionist, pediatric hematology, hematology, pediatric hematologist, pediatric hematologists, pediatric oncology, pediatric oncologist, pediatric oncologists, hemotologist, hemotologists, pediatric infectious disease, pediatric infectious diseases, infectious disease, infectious diseases, neonatology, neonatal, neonatologist, pediatric nephrology, pediatric nephrologist, pediatric nephrologists, pediatric respiratory medicine, respiratory medicine, pediatric rheumatology, pediatric rheumatologist, pediatric rheumatologists, rheumatology, rheumatologist, rheumatologists, pediatric surgery, pediatric surgeon, pneumology, public health, radiology, radiologist, radiologists, general surgery, general surgeon, urology, urologist, urologists, vascular surgery, vascular surgeon, vascular surgeons, pediatric psychology, podiatric surgery, podiatric surgeon, podiatrist, podiatric surgeons, primary care physician, pcp, cancer doctor,std test, drug test,blood test, blood administration set,flu prevention,sick visit,Flu,Shot,Immunization,pregnancy test, check up, doctor appointment, doctor's appointment, flu mist, flu nasal spray,sore throat, runny nose, cold, itchy eyes, sneezing, itching, coughing, aches and pains, aches, sore neck, congested, congestion, stuffy nose, cough, itch, sore, tired, fatigue, strep throat, throat hurts,pregnant,missed period,prenatal care,babies,birth control,prenatal,pregnancy test,bladder,kidneys,bladder control specialist,urologist,urology,missed period,prenatal care,yeast infection,UTI,urinary tract infection,urine,baby doctor appointment, baby's doctor appointment, baby doctor's appointment, baby doctors appointment, infant doctors appointment, doctor appointment, doctor's appointment, doctors appointment, screening, physical appointment, annual physical, annual appointment, annual exam, women's health, woman health, womans health, woman's health, womens health, pap test, pap smear,cancer prevention,gynecology,gynecologist,obgyn,gyno,obstetrics,obstetrics and gynecology,maternity,maternity needs,mammography, sexual health, yearly exam, disease management",
        "description": "This type of office visit occurs when a patient is concerned about a specific health problem that requires immediate care. This office visit includes charges for spending 40 minutes with the doctor or two office visits in the same day (25 minutes and 15 minutes).",
        "name": "40 min Office Visit"
      },
      {
        "id": 29,
        "extraTerms": "therapy,counseling,mental illness,shrink, mental evaluation,depression,anxiety,nerves,psychotherapy,addiction,blood pressure,psychiatry,psychiatrist,psychology,psychologist,psychiatric,anxious,depressed,sad,tired,fatigue,sadness,irritable,irritability,discouraged,paranoia,paranoid,restlessness,mood swings,mental breakdown,suicidal,nervousness,mental help,depression,family therapy, group therapy,divorce,couples therapy,marriage counseling,adolescent, help,therapy session, mental health, mental health visit, mental health office visit, mental health doctors appointment, mental health doctor appointment, mental health doctor's appointment, mental health appointment, mental health appointments, mental health doctor, mental health doctors, mental health specialist, mental health specialists, loss of appetite, no appetite",
        "description": "A mental health office visit (often called psychotherapy)  refers to an interaction with a mental health provider to discuss a patient's current mental health concerns. The problems addressed in these visits are psychological in nature and vary from patient to patient.",
        "name": "Mental health office visit - 45-50 minutes"
      },
      {
        "id": 64,
        "extraTerms": "new patient, std test, drug test, pregnancy test, check up, doctor appointment, doctor's appointmentannual exam,checkup,prescriptions,drugs,Well Visit,Well Care,blood pressure,check-up,sick visit,pee test,evaluation, annual physical, physical,dermatologist,dermatology,dermatology consult,walk-in clinic,clinic,prenatal appointment,prenatal inpatient,orthopedic,orthopedic surgeon,podiatrist,podiatry,nutritionist,nutrition,diet,dietician,foot arch,foot arches,arches,bunion,plantar fasciitis,orthotic,arch support orthotic,bunionectomy,ingrown,ingrown toenail,sonogram,ultrasound,labor and delivery,cesarian,tonsil,tonsils,tonsilectomy,EGD,Esophagogastroduodenoscopy,hysterectomy,hernia,tetnis shot,new patient,pediatric, pediatrics, pediatrician, child health, children's health, children's doctor visit, children's office visit,new patient, orthopedic doctor, orthopedist, orthopedists,  infant health, infant's health, infant, baby,babies, baby health, baby's health, sick child, child's health, office visit, new patient office visit, sick kid, kid's health, infant doctor appointment, infant's doctor appointment, infant doctor's appointment, surgeon, specialist, specialist referral, Anaesthetics, anasthetics, anaesthesiology, anesthesiology, anasthesiology, anaesthesiologist, anesthesiologist, anasthesiologist, anaesthesiologists, anesthesiologists, anasthesiologists, immunology, immunologist, immunologists, allergy, allergies, allergist, pathology, pathologist, cardiology, cardiologist, pediatric cardiology, pediatric cardiologist, cardiothoracic surgery, cardiothoracic surgeon, child psychiatry, child psychology, child psychotherapy, child psychiatrist, child psychologist, child psychotherapist, child psychiatrists, child psychotherapists, child psychologists, psychiatry, psychiatrists, psychiatrist, psychotherapy, psychotherapist, psychotherapists, psychology, psychologist, psychologists, neurophysiology, neurophysiologist, clinical neurophysiology, clinical neurophysiologist, emergency medicine, endocrinology, endocrinologist, gastroenterology, gastroenterologist, obstetrics, health informatics, infectious disease, infectious diseases, internal medicine, interventional radiology, interventional radiologist, interventional radiologists, radiology, radiologist, radiologists, vascular medicine, microbiology, microbiologist, microbiologists, nephrology, nephrologist, nephrologists, neurology, neurologist, neurologists, neurosurgeon, neurosurgeons, neurosurgery, nuclear medicine, occupational medicine, ophthalmology, ophthamology, ophthalmologist, ophthamologists, orthopedics, orthopaedics, oro-maxillo-facial surgery, pediatric allergology, pediatric endocrinology and diabetes, pediatric endocrinology, pediatric diabetes, diabetic, diabetes, pediatric gastroenterology, pediatric gastroenterologist, pediatric hepatology, hepatology, pediatric hepatologist, pediatric gastroenterologists, pediatric hepatologists, hepatologist, hepatologists, pediatric nutrition, nutrition, nutritionist, pediatric nutritionist, pediatric hematology, hematology, pediatric hematologist, pediatric hematologists, pediatric oncology, pediatric oncologist, pediatric oncologists, hemotologist, hemotologists, pediatric infectious disease, pediatric infectious diseases, infectious disease, infectious diseases, neonatology, neonatal, neonatologist, pediatric nephrology, pediatric nephrologist, pediatric nephrologists, pediatric respiratory medicine, respiratory medicine, pediatric rheumatology, pediatric rheumatologist, pediatric rheumatologists, rheumatology, rheumatologist, rheumatologists, pediatric surgery, pediatric surgeon, pneumology, public health, radiology, radiologist, radiologists, general surgery, general surgeon, urology, urologist, urologists, vascular surgery, vascular surgeon, vascular surgeons, pediatric psychology, podiatric surgery, podiatric surgeon, podiatrist, podiatric surgeons, primary care physician, pcp, cancer doctor,std test, drug test,blood test, blood administration set,flu prevention,sick visit,Flu,Shot,Immunization,pregnancy test, check up, doctor appointment, doctor's appointment, flu mist, flu nasal spray,sore throat, runny nose, cold, itchy eyes, sneezing, itching, coughing, aches and pains, aches, sore neck, congested, congestion, stuffy nose, cough, itch, sore, tired, fatigue, strep throat, throat hurts,pregnant,missed period,prenatal care,babies,birth control,prenatal,pregnancy test,bladder,kidneys,bladder control specialist,urologist,urology,missed period,prenatal care,yeast infection,UTI,urinary tract infection,urine,baby doctor appointment, baby's doctor appointment, baby doctor's appointment, baby doctors appointment, infant doctors appointment, doctor appointment, doctor's appointment, doctors appointment, screening, physical appointment, annual physical, annual appointment, annual exam, women's health, woman health, womans health, woman's health, womens health, pap test, pap smear,cancer prevention,gynecology,gynecologist,obgyn,gyno,obstetrics,obstetrics and gynecology,maternity,maternity needs,mammography, sexual health, yearly exam, disease management",
        "description": "This type of office visit is typically scheduled when a patient is concerned about a specific health problem rather than preventive care.  As a new patient the doctor will take time to do a expanded health history related to the specific health issue you are experiencing. This office visit includes charges for spending 20 minutes with the doctor.",
        "name": "New Patient Office Visit - 20 minutes"
      },
      {
        "id": 69,
        "extraTerms": "new patient, existing patient, new patient visit, existing patient visit, std test, drug test, pregnancy test, check up, doctor appointment, doctor's appointmentannual exam,checkup,prescriptions,drugs,Well Visit,Well Care,blood pressure,check-up,sick visit,pee test,evaluation, annual physical, physical,dermatologist,dermatology,dermatology consult,walk-in clinic,clinic,prenatal appointment,prenatal inpatient,orthopedic,orthopedic surgeon,podiatrist,podiatry,nutritionist,nutrition,diet,dietician,foot arch,foot arches,arches,bunion,plantar fasciitis,orthotic,arch support orthotic,bunionectomy,ingrown,ingrown toenail,sonogram,ultrasound,labor and delivery,cesarian,tonsil,tonsils,tonsilectomy,EGD,Esophagogastroduodenoscopy,hysterectomy,hernia,tetnis shot,new patient,pediatric, pediatrics, pediatrician, child health, children's health, children's doctor visit, children's office visit,new patient, orthopedic doctor, orthopedist, orthopedists,  infant health, infant's health, infant, baby,babies, baby health, baby's health, sick child, child's health, office visit, new patient office visit, sick kid, kid's health, infant doctor appointment, infant's doctor appointment, infant doctor's appointment, surgeon, specialist, specialist referral, Anaesthetics, anasthetics, anaesthesiology, anesthesiology, anasthesiology, anaesthesiologist, anesthesiologist, anasthesiologist, anaesthesiologists, anesthesiologists, anasthesiologists, immunology, immunologist, immunologists, allergy, allergies, allergist, pathology, pathologist, cardiology, cardiologist, pediatric cardiology, pediatric cardiologist, cardiothoracic surgery, cardiothoracic surgeon, child psychiatry, child psychology, child psychotherapy, child psychiatrist, child psychologist, child psychotherapist, child psychiatrists, child psychotherapists, child psychologists, psychiatry, psychiatrists, psychiatrist, psychotherapy, psychotherapist, psychotherapists, psychology, psychologist, psychologists, neurophysiology, neurophysiologist, clinical neurophysiology, clinical neurophysiologist, emergency medicine, endocrinology, endocrinologist, gastroenterology, gastroenterologist, obstetrics, health informatics, infectious disease, infectious diseases, internal medicine, interventional radiology, interventional radiologist, interventional radiologists, radiology, radiologist, radiologists, vascular medicine, microbiology, microbiologist, microbiologists, nephrology, nephrologist, nephrologists, neurology, neurologist, neurologists, neurosurgeon, neurosurgeons, neurosurgery, nuclear medicine, occupational medicine, ophthalmology, ophthamology, ophthalmologist, ophthamologists, orthopedics, orthopaedics, oro-maxillo-facial surgery, pediatric allergology, pediatric endocrinology and diabetes, pediatric endocrinology, pediatric diabetes, diabetic, diabetes, pediatric gastroenterology, pediatric gastroenterologist, pediatric hepatology, hepatology, pediatric hepatologist, pediatric gastroenterologists, pediatric hepatologists, hepatologist, hepatologists, pediatric nutrition, nutrition, nutritionist, pediatric nutritionist, pediatric hematology, hematology, pediatric hematologist, pediatric hematologists, pediatric oncology, pediatric oncologist, pediatric oncologists, hemotologist, hemotologists, pediatric infectious disease, pediatric infectious diseases, infectious disease, infectious diseases, neonatology, neonatal, neonatologist, pediatric nephrology, pediatric nephrologist, pediatric nephrologists, pediatric respiratory medicine, respiratory medicine, pediatric rheumatology, pediatric rheumatologist, pediatric rheumatologists, rheumatology, rheumatologist, rheumatologists, pediatric surgery, pediatric surgeon, pneumology, public health, radiology, radiologist, radiologists, general surgery, general surgeon, urology, urologist, urologists, vascular surgery, vascular surgeon, vascular surgeons, pediatric psychology, podiatric surgery, podiatric surgeon, podiatrist, podiatric surgeons, primary care physician, pcp, cancer doctor,std test, drug test,blood test, blood administration set,flu prevention,sick visit,Flu,Shot,Immunization,pregnancy test, check up, doctor appointment, doctor's appointment, flu mist, flu nasal spray,sore throat, runny nose, cold, itchy eyes, sneezing, itching, coughing, aches and pains, aches, sore neck, congested, congestion, stuffy nose, cough, itch, sore, tired, fatigue, strep throat, throat hurts,pregnant,missed period,prenatal care,babies,birth control,prenatal,pregnancy test,bladder,kidneys,bladder control specialist,urologist,urology,missed period,prenatal care,yeast infection,UTI,urinary tract infection,urine,baby doctor appointment, baby's doctor appointment, baby doctor's appointment, baby doctors appointment, infant doctors appointment, doctor appointment, doctor's appointment, doctors appointment, screening, physical appointment, annual physical, annual appointment, annual exam, women's health, woman health, womans health, woman's health, womens health, pap test, pap smear,cancer prevention,gynecology,gynecologist,obgyn,gyno,obstetrics,obstetrics and gynecology,maternity,maternity needs,mammography, sexual health, yearly exam, disease management",
        "description": "This type of office visit is typically scheduled when a patient is concerned about a specific health problem rather than preventive care. This office visit includes charges for spending 10 minutes with the doctor.",
        "name": "Office Visit - 10 minutes"
      },
      {
        "id": 67,
        "extraTerms": "new patient, std test, drug test, pregnancy test, check up, doctor appointment, doctor's appointmentannual exam,checkup,prescriptions,drugs,Well Visit,Well Care,blood pressure,check-up,sick visit,pee test,evaluation, annual physical, physical,dermatologist,dermatology,dermatology consult,walk-in clinic,clinic,prenatal appointment,prenatal inpatient,orthopedic,orthopedic surgeon,podiatrist,podiatry,nutritionist,nutrition,diet,dietician,foot arch,foot arches,arches,bunion,plantar fasciitis,orthotic,arch support orthotic,bunionectomy,ingrown,ingrown toenail,sonogram,ultrasound,labor and delivery,cesarian,tonsil,tonsils,tonsilectomy,EGD,Esophagogastroduodenoscopy,hysterectomy,hernia,tetnis shot,new patient,pediatric, pediatrics, pediatrician, child health, children's health, children's doctor visit, children's office visit,new patient, orthopedic doctor, orthopedist, orthopedists,  infant health, infant's health, infant, baby,babies, baby health, baby's health, sick child, child's health, office visit, new patient office visit, sick kid, kid's health, infant doctor appointment, infant's doctor appointment, infant doctor's appointment, surgeon, specialist, specialist referral, Anaesthetics, anasthetics, anaesthesiology, anesthesiology, anasthesiology, anaesthesiologist, anesthesiologist, anasthesiologist, anaesthesiologists, anesthesiologists, anasthesiologists, immunology, immunologist, immunologists, allergy, allergies, allergist, pathology, pathologist, cardiology, cardiologist, pediatric cardiology, pediatric cardiologist, cardiothoracic surgery, cardiothoracic surgeon, child psychiatry, child psychology, child psychotherapy, child psychiatrist, child psychologist, child psychotherapist, child psychiatrists, child psychotherapists, child psychologists, psychiatry, psychiatrists, psychiatrist, psychotherapy, psychotherapist, psychotherapists, psychology, psychologist, psychologists, neurophysiology, neurophysiologist, clinical neurophysiology, clinical neurophysiologist, emergency medicine, endocrinology, endocrinologist, gastroenterology, gastroenterologist, obstetrics, health informatics, infectious disease, infectious diseases, internal medicine, interventional radiology, interventional radiologist, interventional radiologists, radiology, radiologist, radiologists, vascular medicine, microbiology, microbiologist, microbiologists, nephrology, nephrologist, nephrologists, neurology, neurologist, neurologists, neurosurgeon, neurosurgeons, neurosurgery, nuclear medicine, occupational medicine, ophthalmology, ophthamology, ophthalmologist, ophthamologists, orthopedics, orthopaedics, oro-maxillo-facial surgery, pediatric allergology, pediatric endocrinology and diabetes, pediatric endocrinology, pediatric diabetes, diabetic, diabetes, pediatric gastroenterology, pediatric gastroenterologist, pediatric hepatology, hepatology, pediatric hepatologist, pediatric gastroenterologists, pediatric hepatologists, hepatologist, hepatologists, pediatric nutrition, nutrition, nutritionist, pediatric nutritionist, pediatric hematology, hematology, pediatric hematologist, pediatric hematologists, pediatric oncology, pediatric oncologist, pediatric oncologists, hemotologist, hemotologists, pediatric infectious disease, pediatric infectious diseases, infectious disease, infectious diseases, neonatology, neonatal, neonatologist, pediatric nephrology, pediatric nephrologist, pediatric nephrologists, pediatric respiratory medicine, respiratory medicine, pediatric rheumatology, pediatric rheumatologist, pediatric rheumatologists, rheumatology, rheumatologist, rheumatologists, pediatric surgery, pediatric surgeon, pneumology, public health, radiology, radiologist, radiologists, general surgery, general surgeon, urology, urologist, urologists, vascular surgery, vascular surgeon, vascular surgeons, pediatric psychology, podiatric surgery, podiatric surgeon, podiatrist, podiatric surgeons, primary care physician, pcp, cancer doctor,std test, drug test,blood test, blood administration set,flu prevention,sick visit,Flu,Shot,Immunization,pregnancy test, check up, doctor appointment, doctor's appointment, flu mist, flu nasal spray,sore throat, runny nose, cold, itchy eyes, sneezing, itching, coughing, aches and pains, aches, sore neck, congested, congestion, stuffy nose, cough, itch, sore, tired, fatigue, strep throat, throat hurts,pregnant,missed period,prenatal care,babies,birth control,prenatal,pregnancy test,bladder,kidneys,bladder control specialist,urologist,urology,missed period,prenatal care,yeast infection,UTI,urinary tract infection,urine,baby doctor appointment, baby's doctor appointment, baby doctor's appointment, baby doctors appointment, infant doctors appointment, doctor appointment, doctor's appointment, doctors appointment, screening, physical appointment, annual physical, annual appointment, annual exam, women's health, woman health, womans health, woman's health, womens health, pap test, pap smear,cancer prevention,gynecology,gynecologist,obgyn,gyno,obstetrics,obstetrics and gynecology,maternity,maternity needs,mammography, sexual health, yearly exam, disease management",
        "description": "This type of office visit is typically scheduled when a patient is concerned about a specific health problem rather than preventive care.  As a new patient the doctor will take time to do a comprehensive health history and physical examination. This office visit includes charges for spending 60 minutes with the doctor.",
        "name": "New Patient Office Visit - 60 minutes"
      },
      {
        "id": 269,
        "extraTerms": "new patient, existing patient, new patient visit, existing patient visit, std test, drug test, pregnancy test, check up, doctor appointment, doctor's appointmentannual exam,checkup,prescriptions,drugs,Well Visit,Well Care,blood pressure,check-up,sick visit,pee test,evaluation, annual physical, physical,dermatologist,dermatology,dermatology consult,walk-in clinic,clinic,prenatal appointment,prenatal inpatient,orthopedic,orthopedic surgeon,podiatrist,podiatry,nutritionist,nutrition,diet,dietician,foot arch,foot arches,arches,bunion,plantar fasciitis,orthotic,arch support orthotic,bunionectomy,ingrown,ingrown toenail,sonogram,ultrasound,labor and delivery,cesarian,tonsil,tonsils,tonsilectomy,EGD,Esophagogastroduodenoscopy,hysterectomy,hernia,tetnis shot,new patient,pediatric, pediatrics, pediatrician, child health, children's health, children's doctor visit, children's office visit,new patient, orthopedic doctor, orthopedist, orthopedists,  infant health, infant's health, infant, baby,babies, baby health, baby's health, sick child, child's health, office visit, new patient office visit, sick kid, kid's health, infant doctor appointment, infant's doctor appointment, infant doctor's appointment, surgeon, specialist, specialist referral, Anaesthetics, anasthetics, anaesthesiology, anesthesiology, anasthesiology, anaesthesiologist, anesthesiologist, anasthesiologist, anaesthesiologists, anesthesiologists, anasthesiologists, immunology, immunologist, immunologists, allergy, allergies, allergist, pathology, pathologist, cardiology, cardiologist, pediatric cardiology, pediatric cardiologist, cardiothoracic surgery, cardiothoracic surgeon, child psychiatry, child psychology, child psychotherapy, child psychiatrist, child psychologist, child psychotherapist, child psychiatrists, child psychotherapists, child psychologists, psychiatry, psychiatrists, psychiatrist, psychotherapy, psychotherapist, psychotherapists, psychology, psychologist, psychologists, neurophysiology, neurophysiologist, clinical neurophysiology, clinical neurophysiologist, emergency medicine, endocrinology, endocrinologist, gastroenterology, gastroenterologist, obstetrics, health informatics, infectious disease, infectious diseases, internal medicine, interventional radiology, interventional radiologist, interventional radiologists, radiology, radiologist, radiologists, vascular medicine, microbiology, microbiologist, microbiologists, nephrology, nephrologist, nephrologists, neurology, neurologist, neurologists, neurosurgeon, neurosurgeons, neurosurgery, nuclear medicine, occupational medicine, ophthalmology, ophthamology, ophthalmologist, ophthamologists, orthopedics, orthopaedics, oro-maxillo-facial surgery, pediatric allergology, pediatric endocrinology and diabetes, pediatric endocrinology, pediatric diabetes, diabetic, diabetes, pediatric gastroenterology, pediatric gastroenterologist, pediatric hepatology, hepatology, pediatric hepatologist, pediatric gastroenterologists, pediatric hepatologists, hepatologist, hepatologists, pediatric nutrition, nutrition, nutritionist, pediatric nutritionist, pediatric hematology, hematology, pediatric hematologist, pediatric hematologists, pediatric oncology, pediatric oncologist, pediatric oncologists, hemotologist, hemotologists, pediatric infectious disease, pediatric infectious diseases, infectious disease, infectious diseases, neonatology, neonatal, neonatologist, pediatric nephrology, pediatric nephrologist, pediatric nephrologists, pediatric respiratory medicine, respiratory medicine, pediatric rheumatology, pediatric rheumatologist, pediatric rheumatologists, rheumatology, rheumatologist, rheumatologists, pediatric surgery, pediatric surgeon, pneumology, public health, radiology, radiologist, radiologists, general surgery, general surgeon, urology, urologist, urologists, vascular surgery, vascular surgeon, vascular surgeons, pediatric psychology, podiatric surgery, podiatric surgeon, podiatrist, podiatric surgeons, primary care physician, pcp, cancer doctor,std test, drug test,blood test, blood administration set,flu prevention,sick visit,Flu,Shot,Immunization,pregnancy test, check up, doctor appointment, doctor's appointment, flu mist, flu nasal spray,sore throat, runny nose, cold, itchy eyes, sneezing, itching, coughing, aches and pains, aches, sore neck, congested, congestion, stuffy nose, cough, itch, sore, tired, fatigue, strep throat, throat hurts,pregnant,missed period,prenatal care,babies,birth control,prenatal,pregnancy test,bladder,kidneys,bladder control specialist,urologist,urology,missed period,prenatal care,yeast infection,UTI,urinary tract infection,urine,baby doctor appointment, baby's doctor appointment, baby doctor's appointment, baby doctors appointment, infant doctors appointment, doctor appointment, doctor's appointment, doctors appointment, screening, physical appointment, annual physical, annual appointment, annual exam, women's health, woman health, womans health, woman's health, womens health, pap test, pap smear,cancer prevention,gynecology,gynecologist,obgyn,gyno,obstetrics,obstetrics and gynecology,maternity,maternity needs,mammography, sexual health, yearly exam, disease management,liver function,glucose,kidney function,Blood Sugar Test,High Cholesterol,Fat,Blood,Cholesterol\r\n",
        "description": "This type of office visit is typically scheduled when a patient is concerned about a specific health problem rather than preventive care. This office visit includes charges for spending 25 minutes with the doctor, as well as a fee for blood collection.",
        "name": "25 min Office Visit w/ Blood Collection"
      },
      {
        "id": 28,
        "extraTerms": "therapy,counseling,mental illness,shrink, mental evaluation,depression,anxiety,nerves,psychotherapy,addiction,blood pressure,psychiatry,psychiatrist,psychology,psychologist,psychiatric,anxious,depressed,sad,tired,fatigue,sadness,irritable,irritability,discouraged,paranoia,paranoid,restlessness,mood swings,mental breakdown,suicidal,nervousness,mental help,depression,family therapy, group therapy,divorce,couples therapy,marriage counseling,adolescent, help,therapy session, mental health, mental health visit, mental health office visit, mental health doctors appointment, mental health doctor appointment, mental health doctor's appointment, mental health appointment, mental health appointments, mental health doctor, mental health doctors, mental health specialist, mental health specialists, loss of appetite, no appetite",
        "description": "A mental health office visit (often called psychotherapy)  refers to an interaction with a mental health provider to discuss a patient's current mental health concerns. The problems addressed in these visits are psychological in nature and vary from patient to patient.",
        "name": "Mental health office visit - 45 minutes"
      },
      {
        "id": 262,
        "extraTerms": "new patient, existing patient, new patient visit, existing patient visit, check up, doctor appointment, doctor's appointment, annual exam,checkup,Well Visit,Well Care,blood pressure,check-up,sick visit,evaluation, annual physical, physical, primary care physician, pcp, flu prevention,sick visit,Flu,Shot,Immunization, check up, doctor appointment, doctor's appointment, flu mist, flu nasal spray,sore throat, runny nose, cold, itchy eyes, sneezing, itching, coughing, aches and pains, aches, sore neck, congested, congestion, stuffy nose, cough, itch, sore, tired, fatigue, strep throat, throat hurts,baby doctor appointment, baby's doctor appointment, baby doctor's appointment, baby doctors appointment, infant doctors appointment, doctor appointment, doctor's appointment, doctors appointment, screening, physical appointment, annual physical, annual appointment, annual exam, yearly exam, disease management,pediatrics, children's health, kid's health, kid health, pediatric doctor, pediatric nurse, pediatric doctor appointment, pediatric doctor's appointment, pediatric doctors appointment",
        "description": "This type of office visit is typically scheduled when a patient is concerned about a specific health problem rather than preventive care. This office visit includes charges for spending 15 minutes with the doctor, as well as a  strep test.  ",
        "name": "15 min Office Visit w/ Strep Test"
      },
      {
        "id": 260,
        "extraTerms": "new patient, existing patient, new patient visit, existing patient visit, check up, doctor appointment, doctor's appointmentannual exam,checkup,prescriptions,drugs,Well Visit,Well Care,blood pressure,check-up,sick visit,evaluation, annual physical, physical,walk-in clinic,clinic,new patient,pediatric, pediatrics, pediatrician, child health, children's health, children's doctor visit, children's office visit,new patient, infant health, infant's health, infant, baby,babies, baby health, baby's health, sick child, child's health, office visit, new patient office visit, sick kid, kid's health, infant doctor appointment, infant's doctor appointment, infant doctor's appointment, specialist, specialist referral, blood test, blood administration set,check up, doctor appointment, doctor's appointment, aches and pains, aches, sore neck, sore, tired, fatigue, baby doctor appointment, baby's doctor appointment, baby doctor's appointment, baby doctors appointment, infant doctors appointment, doctor appointment, doctor's appointment, doctors appointment, screening, physical appointment, annual physical, annual appointment, annual exam, yearly exam, disease management",
        "description": "This type of office visit is typically scheduled when a patient is concerned about a specific health problem rather than preventive care. This office visit includes charges for spending 15 minutes with the doctor, as well as a metabolic panel and complete blood count.  ",
        "name": "15 min Office Visit w/ Metabolic Panel and Complete Blood Count"
      },
      {
        "id": 270,
        "extraTerms": "new patient, existing patient, new patient visit, existing patient visit, check up, doctor appointment, doctor's appointmentannual exam,checkup,prescriptions,drugs,Well Visit,Well Care,blood pressure,check-up,sick visit,evaluation, annual physical, physical,walk-in clinic,clinic,new patient,pediatric, pediatrics, pediatrician, child health, children's health, children's doctor visit, children's office visit,new patient, orthopedic doctor, orthopedist, orthopedists,  infant health, infant's health, infant, baby,babies, baby health, baby's health, sick child, child's health, office visit, new patient office visit, sick kid, kid's health, infant doctor appointment, infant's doctor appointment, infant doctor's appointment, specialist, specialist referral, blood test, blood administration set,check up, doctor appointment, doctor's appointment, aches and pains, aches, sore neck, sore, tired, fatigue, baby doctor appointment, baby's doctor appointment, baby doctor's appointment, baby doctors appointment, infant doctors appointment, doctor appointment, doctor's appointment, doctors appointment, screening, physical appointment, annual physical, annual appointment, annual exam, yearly exam, disease management",
        "description": "This type of office visit is typically scheduled when a patient is concerned about a specific health problem rather than preventive care. This office visit includes charges for spending 25 minutes with the doctor, as well as a complete blood count.  ",
        "name": "25 min Office Visit w/ Complete Blood Count"
      },
      {
        "id": 276,
        "extraTerms": "new patient, existing patient, new patient visit, existing patient visit, check up, doctor appointment, doctor's appointment, annual exam,checkup,Well Visit,Well Care,blood pressure,check-up,sick visit,evaluation, annual physical, physical, primary care physician, pcp, flu prevention,sick visit,Flu,Shot,Immunization, check up, doctor appointment, doctor's appointment, flu mist, flu nasal spray,sore throat, runny nose, cold, itchy eyes, sneezing, itching, coughing, aches and pains, aches, sore neck, congested, congestion, stuffy nose, cough, itch, sore, tired, fatigue, strep throat, throat hurts,baby doctor appointment, baby's doctor appointment, baby doctor's appointment, baby doctors appointment, infant doctors appointment, doctor appointment, doctor's appointment, doctors appointment, screening, physical appointment, annual physical, annual appointment, annual exam, yearly exam, disease management,pediatrics, children's health, kid's health, kid health, pediatric doctor, pediatric nurse, pediatric doctor appointment, pediatric doctor's appointment, pediatric doctors appointment",
        "description": "This type of office visit occurs when a patient is concerned about a specific health problem. This office visit includes charges for spending 30 minutes with the doctor, a strep test and being evaluated as a new patient.",
        "name": "30 min New Patient Office Visit w/ Strep Test"
      },
      {
        "id": 63,
        "extraTerms": "new patient, std test, drug test, pregnancy test, check up, doctor appointment, doctor's appointmentannual exam,checkup,prescriptions,drugs,Well Visit,Well Care,blood pressure,check-up,sick visit,pee test,evaluation, annual physical, physical,dermatologist,dermatology,dermatology consult,walk-in clinic,clinic,prenatal appointment,prenatal inpatient,orthopedic,orthopedic surgeon,podiatrist,podiatry,nutritionist,nutrition,diet,dietician,foot arch,foot arches,arches,bunion,plantar fasciitis,orthotic,arch support orthotic,bunionectomy,ingrown,ingrown toenail,sonogram,ultrasound,labor and delivery,cesarian,tonsil,tonsils,tonsilectomy,EGD,Esophagogastroduodenoscopy,hysterectomy,hernia,tetnis shot,new patient,pediatric, pediatrics, pediatrician, child health, children's health, children's doctor visit, children's office visit,new patient, orthopedic doctor, orthopedist, orthopedists,  infant health, infant's health, infant, baby,babies, baby health, baby's health, sick child, child's health, office visit, new patient office visit, sick kid, kid's health, infant doctor appointment, infant's doctor appointment, infant doctor's appointment, surgeon, specialist, specialist referral, Anaesthetics, anasthetics, anaesthesiology, anesthesiology, anasthesiology, anaesthesiologist, anesthesiologist, anasthesiologist, anaesthesiologists, anesthesiologists, anasthesiologists, immunology, immunologist, immunologists, allergy, allergies, allergist, pathology, pathologist, cardiology, cardiologist, pediatric cardiology, pediatric cardiologist, cardiothoracic surgery, cardiothoracic surgeon, child psychiatry, child psychology, child psychotherapy, child psychiatrist, child psychologist, child psychotherapist, child psychiatrists, child psychotherapists, child psychologists, psychiatry, psychiatrists, psychiatrist, psychotherapy, psychotherapist, psychotherapists, psychology, psychologist, psychologists, neurophysiology, neurophysiologist, clinical neurophysiology, clinical neurophysiologist, emergency medicine, endocrinology, endocrinologist, gastroenterology, gastroenterologist, obstetrics, health informatics, infectious disease, infectious diseases, internal medicine, interventional radiology, interventional radiologist, interventional radiologists, radiology, radiologist, radiologists, vascular medicine, microbiology, microbiologist, microbiologists, nephrology, nephrologist, nephrologists, neurology, neurologist, neurologists, neurosurgeon, neurosurgeons, neurosurgery, nuclear medicine, occupational medicine, ophthalmology, ophthamology, ophthalmologist, ophthamologists, orthopedics, orthopaedics, oro-maxillo-facial surgery, pediatric allergology, pediatric endocrinology and diabetes, pediatric endocrinology, pediatric diabetes, diabetic, diabetes, pediatric gastroenterology, pediatric gastroenterologist, pediatric hepatology, hepatology, pediatric hepatologist, pediatric gastroenterologists, pediatric hepatologists, hepatologist, hepatologists, pediatric nutrition, nutrition, nutritionist, pediatric nutritionist, pediatric hematology, hematology, pediatric hematologist, pediatric hematologists, pediatric oncology, pediatric oncologist, pediatric oncologists, hemotologist, hemotologists, pediatric infectious disease, pediatric infectious diseases, infectious disease, infectious diseases, neonatology, neonatal, neonatologist, pediatric nephrology, pediatric nephrologist, pediatric nephrologists, pediatric respiratory medicine, respiratory medicine, pediatric rheumatology, pediatric rheumatologist, pediatric rheumatologists, rheumatology, rheumatologist, rheumatologists, pediatric surgery, pediatric surgeon, pneumology, public health, radiology, radiologist, radiologists, general surgery, general surgeon, urology, urologist, urologists, vascular surgery, vascular surgeon, vascular surgeons, pediatric psychology, podiatric surgery, podiatric surgeon, podiatrist, podiatric surgeons, primary care physician, pcp, cancer doctor,std test, drug test,blood test, blood administration set,flu prevention,sick visit,Flu,Shot,Immunization,pregnancy test, check up, doctor appointment, doctor's appointment, flu mist, flu nasal spray,sore throat, runny nose, cold, itchy eyes, sneezing, itching, coughing, aches and pains, aches, sore neck, congested, congestion, stuffy nose, cough, itch, sore, tired, fatigue, strep throat, throat hurts,pregnant,missed period,prenatal care,babies,birth control,prenatal,pregnancy test,bladder,kidneys,bladder control specialist,urologist,urology,missed period,prenatal care,yeast infection,UTI,urinary tract infection,urine,baby doctor appointment, baby's doctor appointment, baby doctor's appointment, baby doctors appointment, infant doctors appointment, doctor appointment, doctor's appointment, doctors appointment, screening, physical appointment, annual physical, annual appointment, annual exam, women's health, woman health, womans health, woman's health, womens health, pap test, pap smear,cancer prevention,gynecology,gynecologist,obgyn,gyno,obstetrics,obstetrics and gynecology,maternity,maternity needs,mammography, sexual health, yearly exam, disease management",
        "description": "This type of office visit is typically scheduled when a patient is concerned about a specific health problem rather than preventive care.  As a new patient the doctor will take time to do a brief health history related to the specific health issue you are experiencing. This office visit includes charges for spending 10 minutes with the doctor.",
        "name": "New Patient Office Visit - 10 minutes"
      },
      {
        "id": 253,
        "extraTerms": "new patient, existing patient, new patient visit, existing patient visit, check up, doctor appointment, doctor's appointmentannual exam,checkup,prescriptions,drugs,Well Visit,Well Care,blood pressure,check-up,sick visit,evaluation, annual physical, physical,walk-in clinic,clinic,new patient,pediatric, pediatrics, pediatrician, child health, children's health, children's doctor visit, children's office visit,new patient, infant health, infant's health, infant, baby,babies, baby health, baby's health, sick child, child's health, office visit, new patient office visit, sick kid, kid's health, infant doctor appointment, infant's doctor appointment, infant doctor's appointment, specialist, specialist referral, blood test, blood administration set,check up, doctor appointment, doctor's appointment, aches and pains, aches, sore neck, sore, tired, fatigue, baby doctor appointment, baby's doctor appointment, baby doctor's appointment, baby doctors appointment, infant doctors appointment, doctor appointment, doctor's appointment, doctors appointment, screening, physical appointment, annual physical, annual appointment, annual exam, yearly exam, disease management",
        "description": "This type of office visit is typically scheduled when a patient is concerned about a specific health problem rather than preventive care. This office visit includes charges for spending 15 minutes with the doctor, as well as a fee for blood collection.",
        "name": "15 min Office Visit w/ Blood Collection"
      },
      {
        "id": 261,
        "extraTerms": "new patient, existing patient, new patient visit, existing patient visit, std test, drug test, pregnancy test, check up, doctor appointment, doctor's appointment,annual exam,checkup,prescriptions,drugs,Well Visit,Well Care,blood pressure,check-up,sick visit,pee test,evaluation, annual physical, physical,walk-in clinic,clinic, office visit, new patient office visit,specialist, specialist referral, primary care physician, pcp, cancer doctor,blood test,pregnancy test, check up, doctor appointment, doctor's appointment,pregnant,missed period,babies,birth control,prenatal,pregnancy test,yeast infection,UTI,urinary tract infection,urine,doctor appointment, doctor's appointment, doctors appointment, screening, physical appointment, annual physical, annual appointment, annual exam, women's health, woman health, womans health, woman's health, womens health,gynecology,gynecologist,obgyn,gyno,obstetrics,obstetrics and gynecology,maternity,maternity needs, sexual health, yearly exam",
        "description": "This type of office visit is typically scheduled when a patient is concerned about a specific health problem rather than preventive care. This office visit includes charges for spending 15 minutes with the doctor, as well as a pregnancy test.  ",
        "name": "15 min Office Visit w/ Pregnancy Test"
      },
      {
        "id": 68,
        "extraTerms": "new patient, existing patient, new patient visit, existing patient visit, std test, drug test, pregnancy test, check up, doctor appointment, doctor's appointmentannual exam,checkup,prescriptions,drugs,Well Visit,Well Care,blood pressure,check-up,sick visit,pee test,evaluation, annual physical, physical,dermatologist,dermatology,dermatology consult,walk-in clinic,clinic,prenatal appointment,prenatal inpatient,orthopedic,orthopedic surgeon,podiatrist,podiatry,nutritionist,nutrition,diet,dietician,foot arch,foot arches,arches,bunion,plantar fasciitis,orthotic,arch support orthotic,bunionectomy,ingrown,ingrown toenail,sonogram,ultrasound,labor and delivery,cesarian,tonsil,tonsils,tonsilectomy,EGD,Esophagogastroduodenoscopy,hysterectomy,hernia,tetnis shot,new patient,pediatric, pediatrics, pediatrician, child health, children's health, children's doctor visit, children's office visit,new patient, orthopedic doctor, orthopedist, orthopedists,  infant health, infant's health, infant, baby,babies, baby health, baby's health, sick child, child's health, office visit, new patient office visit, sick kid, kid's health, infant doctor appointment, infant's doctor appointment, infant doctor's appointment, surgeon, specialist, specialist referral, Anaesthetics, anasthetics, anaesthesiology, anesthesiology, anasthesiology, anaesthesiologist, anesthesiologist, anasthesiologist, anaesthesiologists, anesthesiologists, anasthesiologists, immunology, immunologist, immunologists, allergy, allergies, allergist, pathology, pathologist, cardiology, cardiologist, pediatric cardiology, pediatric cardiologist, cardiothoracic surgery, cardiothoracic surgeon, child psychiatry, child psychology, child psychotherapy, child psychiatrist, child psychologist, child psychotherapist, child psychiatrists, child psychotherapists, child psychologists, psychiatry, psychiatrists, psychiatrist, psychotherapy, psychotherapist, psychotherapists, psychology, psychologist, psychologists, neurophysiology, neurophysiologist, clinical neurophysiology, clinical neurophysiologist, emergency medicine, endocrinology, endocrinologist, gastroenterology, gastroenterologist, obstetrics, health informatics, infectious disease, infectious diseases, internal medicine, interventional radiology, interventional radiologist, interventional radiologists, radiology, radiologist, radiologists, vascular medicine, microbiology, microbiologist, microbiologists, nephrology, nephrologist, nephrologists, neurology, neurologist, neurologists, neurosurgeon, neurosurgeons, neurosurgery, nuclear medicine, occupational medicine, ophthalmology, ophthamology, ophthalmologist, ophthamologists, orthopedics, orthopaedics, oro-maxillo-facial surgery, pediatric allergology, pediatric endocrinology and diabetes, pediatric endocrinology, pediatric diabetes, diabetic, diabetes, pediatric gastroenterology, pediatric gastroenterologist, pediatric hepatology, hepatology, pediatric hepatologist, pediatric gastroenterologists, pediatric hepatologists, hepatologist, hepatologists, pediatric nutrition, nutrition, nutritionist, pediatric nutritionist, pediatric hematology, hematology, pediatric hematologist, pediatric hematologists, pediatric oncology, pediatric oncologist, pediatric oncologists, hemotologist, hemotologists, pediatric infectious disease, pediatric infectious diseases, infectious disease, infectious diseases, neonatology, neonatal, neonatologist, pediatric nephrology, pediatric nephrologist, pediatric nephrologists, pediatric respiratory medicine, respiratory medicine, pediatric rheumatology, pediatric rheumatologist, pediatric rheumatologists, rheumatology, rheumatologist, rheumatologists, pediatric surgery, pediatric surgeon, pneumology, public health, radiology, radiologist, radiologists, general surgery, general surgeon, urology, urologist, urologists, vascular surgery, vascular surgeon, vascular surgeons, pediatric psychology, podiatric surgery, podiatric surgeon, podiatrist, podiatric surgeons, primary care physician, pcp, cancer doctor,std test, drug test,blood test, blood administration set,flu prevention,sick visit,Flu,Shot,Immunization,pregnancy test, check up, doctor appointment, doctor's appointment, flu mist, flu nasal spray,sore throat, runny nose, cold, itchy eyes, sneezing, itching, coughing, aches and pains, aches, sore neck, congested, congestion, stuffy nose, cough, itch, sore, tired, fatigue, strep throat, throat hurts,pregnant,missed period,prenatal care,babies,birth control,prenatal,pregnancy test,bladder,kidneys,bladder control specialist,urologist,urology,missed period,prenatal care,yeast infection,UTI,urinary tract infection,urine,baby doctor appointment, baby's doctor appointment, baby doctor's appointment, baby doctors appointment, infant doctors appointment, doctor appointment, doctor's appointment, doctors appointment, screening, physical appointment, annual physical, annual appointment, annual exam, women's health, woman health, womans health, woman's health, womens health, pap test, pap smear,cancer prevention,gynecology,gynecologist,obgyn,gyno,obstetrics,obstetrics and gynecology,maternity,maternity needs,mammography, sexual health, yearly exam, disease management",
        "description": "This type of office visit is typically scheduled when a patient is concerned about a specific health problem rather than preventive care. This office visit includes charges for spending 5 minutes with the doctor.",
        "name": "Office Visit - 5 minutes"
      }
    ],
    "query": "visit",
    "totalHits": 90,
    "totalPages": 4,
    "type": "Search_providerservicegroups"
  }
}
