{
  "obligationId": "02816e06-925f-3b39-a6b7-519d295d2fed",
  "payerClaimId": "P3JKAJCY3",
  "payerClaimStatus": "paid",
  "serviceDate": "2017-03-01",
  "obligationState": "current",
  "readUnreadState": "read",
  "patient": {
    "id": "263291111",
    "relationship": "subscriber",
    "name": {
      "first": "Jane",
      "last": "Flores"
    }
  },
  "provider": {
    "id": "0005157584",
    "name": {
      "first": "",
      "middle": "",
      "last": "Yair The King 1st"
    }
  },
  "providerAddress": {
    "line1": "2820 Napoleon Ave",
    "city": "New Orleans",
    "state": "LA",
    "postalCode": "70115-6969"
  },
  "totalBilled": 1440,
  "totalPatientResponsibility": 25,
  "totalNetDue": 0,
  "pastDueFlag": true,
  "billingDate": "2018-03-08",
  "dueDate": "2018-04-07",
  "allowedAmount": 1430.07,
  "insuranceDiscountPercent": 0.6895833333333333,
  "payerPaidAmount": 1405.07,
  "payer": {
    "id": "aetna",
    "name": "aetna"
  },
  "services": [
    {
      "code": "J0490",
      "description": "This is my first service",
      "billedAmount": 1440
    }
  ],
  "timelineLog": [
    {
      "date": "2018-03-01",
      "description": "Service Date"
    },
    {
      "date": "2018-03-08",
      "description": "Billing Date"
    },
    {
      "date": "2018-04-07",
      "description": "Most bills due 30 days after billing date"
    }
  ],
  "claimInBillPay": true,
  "paymentDetail": {
    "paymentsAllowed": true,
    "paymentsNotAllowedReasons": null,
    "transactionCount": 71,
    "lastPaymentAmount": 1694,
    "lastPaymentDate": "10/29/2019",
    "lastPaymentStatus": "PROCESSING",
    "providerCustomerGuid": "41126d53-02a5-4802-8445-8ee5567f48f0",
    "policyHolderCustomerGuid": "ecb1d8a7-2bb8-4d78-84d4-6e7a64e8499b",
    "patientCustomerGuid": "80abeda0-654d-45a6-9f17-26d22de5bed8",
    "obligationGuid": "453309d0-e70d-45a4-90d2-23edd3c7ddfc"
  }
}