{
  "obligationId": "ff5ed2a9-9187-3120-ac07-cd4f6eee38af",
  "payerClaimId": "P334AJCY0",
  "payerClaimStatus": "paid",
  "serviceDate": "2018-03-01",
  "obligationState": "current",
  "readUnreadState": "read",
  "patient": {
    "id": "263292222",
    "relationship": "dependent",
    "name": {
      "first": "George",
      "last": "Flores"
    }
  },
  "provider": {
    "id": "0004391177",
    "name": {
      "first": "Dr",
      "middle": "",
      "last": "Harbor"
    }
  },
  "providerAddress": {
    "line1": "7777 Hennessy Blvd",
    "city": "Baton Rouge",
    "state": "LA",
    "postalCode": "70808-4300"
  },
  "totalBilled": 2880,
  "totalPatientResponsibility": 101.19,
  "totalNetDue": 100.53,
  "pastDueFlag": true,
  "billingDate": "2018-03-08",
  "dueDate": "2018-04-07",
  "allowedAmount": 229.39,
  "insuranceDiscountPercent": 92.03506944444445,
  "payerPaidAmount": 128.2,
  "payer": {
    "id": "aetna",
    "name": "aetna"
  },
  "services": [
    {
      "code": "99251",
      "description": "Inpatient hospital consultation, typically 20 minutes",
      "billedAmount": 1440
    },
    {
      "code": "99233",
      "description": "Subsequent hospital inpatient care, typically 35 minutes per day",
      "billedAmount": 1440
    }
  ],
  "timelineLog": [
    {
      "date": "2018-03-01",
      "description": "Service Date"
    },
    {
      "date": "2018-03-08",
      "description": "Billing Date"
    },
    {
      "date": "2018-04-07",
      "description": "Most bills due 30 days after billing date"
    }
  ],
  "claimInBillPay": true,
  "paymentDetail": {
    "paymentsAllowed": true,
    "paymentsNotAllowedReasons": null,
    "transactionCount": 57,
    "lastPaymentAmount": 1,
    "lastPaymentDate": "10/29/2019",
    "lastPaymentStatus": "PROCESSING",
    "providerCustomerGuid": "41126d53-02a5-4802-8445-8ee5567f48f0",
    "policyHolderCustomerGuid": "30e7a936-8bb2-4e0e-938a-3823891071fa",
    "patientCustomerGuid": "2f71bc43-cb11-40c0-95ea-9e1640559d64",
    "obligationGuid": "abba0e97-5da0-4aad-ba8d-256fb5c0b2e9"
  }
}
