{
  "obligationId": "OBLIGATION123",
  "payerClaimId": "PAYERCLAIM123",
  "payerClaimStatus": "pending",
  "serviceDate": "2018-07-01",
  "obligationState": "current",
  "readUnreadState": "unread",
  "patient": {
    "id": 263291117,
    "relationship": "dependent",
    "name": {
      "first": "Mary",
      "last": "Flores"
    }
  },
  "provider": {
    "id": "WESTERN123",
    "name": {
      "first": "",
      "middle": "",
      "last": "Western Sports Rehabilitation"
    }
  },
  "providerAddress": {
    "line1": "1601 Park Place Avenue",
    "city": "San Francisco",
    "state": "CA",
    "postalCode": "94016-1234"
  },
  "totalBilled": 1280,
  "totalPatientResponsibility": 440,
  "totalNetDue": 440,
  "pastDueFlag": false,
  "billingDate": "2018-09-24",
  "dueDate": "2018-09-24",
  "allowedAmount": 640,
  "insuranceDiscountPercent": 14.5,
  "payerPaidAmount": 200,
  "claimInBillPay": false,
  "paymentDetail": {
    "paymentsAllowed": true,
    "paymentsNotAllowedReasons": [
      {
        "code": "refunded",
        "description": "string"
      }
    ],
    "transactionCount": 0,
    "lastPaymentAmount": 0,
    "lastPaymentDate": "2018-02-17",
    "lastPaymentStatus": "string",
    "providerCustomerGuid": "string",
    "policyHolderCustomerGuid": "string",
    "patientCustomerGuid": "string",
    "obligationGuid": "string"
  },
  "payer": {
    "id": "Aetna",
    "name": "Aetna"
  },
  "services": [
    {
      "code": 99214,
      "description": "Office Visit, Level 4",
      "billedAmount": 40
    },
    {
      "code": 4929201,
      "description": "Drug Specific ID Detail Coding",
      "billedAmount": 40
    }
  ],
  "timelineLog": [
    {
      "date": "2018-02-17",
      "description": "Scanned Bill Image"
    },
    {
      "date": "2017-02-17",
      "description": "Billing Date"
    },
    {
      "date": "2020-02-17",
      "description": "Additional date"
    },
    {
      "date": "2020-02-17",
      "description": "Most bills due 30 days after billing date"
    }
  ]
}
