{
  "hasRatingSummary": false,
  "specialties": [],
  "data": [
    {
      "id": "L-43405954-2343246-",
      "type": "medExpectedCosts",
      "expectedCost": 400.0,
      "specialtyName": null,
      "preferred": false,
      "designationRank": null,
      "provider": {
        "id": "4781924",
        "type": "providers",
        "providerType": "Physician",
        "name": "SCOTT A MONTESI MD",
        "npi": "1134103831",
        "website": null,
        "locationAgnostic": false,
        "serviceLocation": {
          "id": "2343246",
          "type": "providerAddresses",
          "externalId": null,
          "address1": "2300 PATTERSON ST",
          "address2": "CENTENNIAL MEDICAL CENTER",
          "city": "NASHVILLE",
          "state": "TN",
          "zipcode": "37203",
          "distance": 0.9,
          "latitude": 36.150406,
          "longitude": -86.791595
        },
        "phoneNumber": "6153421071",
        "qualityRating": {
          "score": 60,
          "maxScore": 100
        },
        "qualitySummary": {
          "ratingSummary": null,
          "reviewSummary": null
        },
        "designationPrimarySortingGroup": null,
        "designationLabels": [],
        "designationLogos": []
      },
      "secondaryProvider": null,
      "otherMedExpectedCosts": [],
      "distinctions": null
    },
    {
      "id": "L-43406491-2353657-",
      "type": "medExpectedCosts",
      "expectedCost": 400.0,
      "specialtyName": null,
      "preferred": false,
      "designationRank": null,
      "provider": {
        "id": "6867158",
        "type": "providers",
        "providerType": "Physician",
        "name": "RADIOLOGY ALLIANCE PC",
        "npi": "1861478489",
        "website": null,
        "locationAgnostic": false,
        "serviceLocation": {
          "id": "2353657",
          "type": "providerAddresses",
          "externalId": null,
          "address1": "210 25TH AVENUE NORTH",
          "address2": "SUITE 602",
          "city": "NASHVILLE",
          "state": "TN",
          "zipcode": "37203",
          "distance": 1.8,
          "latitude": 36.148647,
          "longitude": -86.808609
        },
        "phoneNumber": "6153120600",
        "qualityRating": {
          "score": null,
          "maxScore": 100
        },
        "qualitySummary": {
          "ratingSummary": null,
          "reviewSummary": null
        },
        "designationPrimarySortingGroup": null,
        "designationLabels": [],
        "designationLogos": []
      },
      "secondaryProvider": null,
      "otherMedExpectedCosts": [],
      "distinctions": null
    },
    {
      "id": "L-43406252-2970339-",
      "type": "medExpectedCosts",
      "expectedCost": 420.0,
      "specialtyName": null,
      "preferred": false,
      "designationRank": null,
      "provider": {
        "id": "5265335",
        "type": "providers",
        "providerType": "Physician",
        "name": "ERIC BRENT GREEN M.D.",
        "npi": "1184646929",
        "website": null,
        "locationAgnostic": false,
        "serviceLocation": {
          "id": "2970339",
          "type": "providerAddresses",
          "externalId": null,
          "address1": "210 25TH AVE N",
          "address2": "SUITE 602",
          "city": "NASHVILLE",
          "state": "TN",
          "zipcode": "37203",
          "distance": 0.9,
          "latitude": 36.150406,
          "longitude": -86.791595
        },
        "phoneNumber": "6153274737",
        "qualityRating": {
          "score": 60,
          "maxScore": 100
        },
        "qualitySummary": {
          "ratingSummary": null,
          "reviewSummary": null
        },
        "designationPrimarySortingGroup": null,
        "designationLabels": [],
        "designationLogos": []
      },
      "secondaryProvider": null,
      "otherMedExpectedCosts": [],
      "distinctions": null
    },
    {
      "id": "L-43406093-2675632-",
      "type": "medExpectedCosts",
      "expectedCost": 420.0,
      "specialtyName": null,
      "preferred": false,
      "designationRank": null,
      "provider": {
        "id": "5051987",
        "type": "providers",
        "providerType": "Physician",
        "name": "JOE M MACCURDY M.D.",
        "npi": "1326093345",
        "website": null,
        "locationAgnostic": false,
        "serviceLocation": {
          "id": "2675632",
          "type": "providerAddresses",
          "externalId": null,
          "address1": "3024 BUSINESS PARK CIR",
          "address2": "",
          "city": "GOODLETTSVILLE",
          "state": "TN",
          "zipcode": "37072",
          "distance": 12.6,
          "latitude": 36.34145,
          "longitude": -86.775749
        },
        "phoneNumber": "6158516033",
        "qualityRating": {
          "score": 60,
          "maxScore": 100
        },
        "qualitySummary": {
          "ratingSummary": null,
          "reviewSummary": null
        },
        "designationPrimarySortingGroup": null,
        "designationLabels": [],
        "designationLogos": []
      },
      "secondaryProvider": null,
      "otherMedExpectedCosts": [],
      "distinctions": null
    },
    {
      "id": "L-43406112-2714592-",
      "type": "medExpectedCosts",
      "expectedCost": 420.0,
      "specialtyName": null,
      "preferred": false,
      "designationRank": null,
      "provider": {
        "id": "5078722",
        "type": "providers",
        "providerType": "Physician",
        "name": "VINEET SHARMA M.D.",
        "npi": "1508804337",
        "website": null,
        "locationAgnostic": false,
        "serviceLocation": {
          "id": "2714592",
          "type": "providerAddresses",
          "externalId": null,
          "address1": "3024 BUSINESS PARK CIR",
          "address2": "",
          "city": "GOODLETTSVILLE",
          "state": "TN",
          "zipcode": "37072",
          "distance": 12.6,
          "latitude": 36.34145,
          "longitude": -86.775749
        },
        "phoneNumber": "6158516033",
        "qualityRating": {
          "score": 60,
          "maxScore": 100
        },
        "qualitySummary": {
          "ratingSummary": null,
          "reviewSummary": null
        },
        "designationPrimarySortingGroup": null,
        "designationLabels": [],
        "designationLogos": []
      },
      "secondaryProvider": null,
      "otherMedExpectedCosts": [],
      "distinctions": null
    },
    {
      "id": "L-43406114-2715474-",
      "type": "medExpectedCosts",
      "expectedCost": 420.0,
      "specialtyName": null,
      "preferred": false,
      "designationRank": null,
      "provider": {
        "id": "5079499",
        "type": "providers",
        "providerType": "Physician",
        "name": "IANTHA LUCILLE HARNEY M.D.",
        "npi": "1851339634",
        "website": null,
        "locationAgnostic": false,
        "serviceLocation": {
          "id": "2715474",
          "type": "providerAddresses",
          "externalId": null,
          "address1": "3024 BUSINESS PARK CIR",
          "address2": "",
          "city": "GOODLETTSVILLE",
          "state": "TN",
          "zipcode": "37072",
          "distance": 12.6,
          "latitude": 36.34145,
          "longitude": -86.775749
        },
        "phoneNumber": "6158516033",
        "qualityRating": {
          "score": 60,
          "maxScore": 100
        },
        "qualitySummary": {
          "ratingSummary": null,
          "reviewSummary": {
            "id": 320309,
            "type": "providerReviewSummary",
            "score": 3,
            "count": "1",
            "displayType": "Stars"
          }
        },
        "designationPrimarySortingGroup": null,
        "designationLabels": [],
        "designationLogos": []
      },
      "secondaryProvider": null,
      "otherMedExpectedCosts": [],
      "distinctions": null
    },
    {
      "id": "L-43406118-2722080-",
      "type": "medExpectedCosts",
      "expectedCost": 420.0,
      "specialtyName": null,
      "preferred": false,
      "designationRank": null,
      "provider": {
        "id": "5084012",
        "type": "providers",
        "providerType": "Physician",
        "name": "MICHAEL C CIAN M.D.",
        "npi": "1902845118",
        "website": null,
        "locationAgnostic": false,
        "serviceLocation": {
          "id": "2722080",
          "type": "providerAddresses",
          "externalId": null,
          "address1": "3024 BUSINESS PARK CIR",
          "address2": "",
          "city": "GOODLETTSVILLE",
          "state": "TN",
          "zipcode": "37072",
          "distance": 12.6,
          "latitude": 36.34145,
          "longitude": -86.775749
        },
        "phoneNumber": "6158516033",
        "qualityRating": {
          "score": 60,
          "maxScore": 100
        },
        "qualitySummary": {
          "ratingSummary": null,
          "reviewSummary": null
        },
        "designationPrimarySortingGroup": null,
        "designationLabels": [],
        "designationLogos": []
      },
      "secondaryProvider": null,
      "otherMedExpectedCosts": [],
      "distinctions": null
    },
    {
      "id": "L-43406119-2722179-",
      "type": "medExpectedCosts",
      "expectedCost": 420.0,
      "specialtyName": null,
      "preferred": false,
      "designationRank": null,
      "provider": {
        "id": "5084102",
        "type": "providers",
        "providerType": "Physician",
        "name": "MICHAEL JAMES SPELLMAN M.D.",
        "npi": "1336188457",
        "website": null,
        "locationAgnostic": false,
        "serviceLocation": {
          "id": "2722179",
          "type": "providerAddresses",
          "externalId": null,
          "address1": "3024 BUSINESS PARK CIR",
          "address2": "",
          "city": "GOODLETTSVILLE",
          "state": "TN",
          "zipcode": "37072",
          "distance": 12.6,
          "latitude": 36.34145,
          "longitude": -86.775749
        },
        "phoneNumber": "6158516033",
        "qualityRating": {
          "score": 60,
          "maxScore": 100
        },
        "qualitySummary": {
          "ratingSummary": null,
          "reviewSummary": {
            "id": 59603,
            "type": "providerReviewSummary",
            "score": 3,
            "count": "1",
            "displayType": "Stars"
          }
        },
        "designationPrimarySortingGroup": null,
        "designationLabels": [],
        "designationLogos": []
      },
      "secondaryProvider": null,
      "otherMedExpectedCosts": [],
      "distinctions": null
    },
    {
      "id": "L-43406120-2723243-",
      "type": "medExpectedCosts",
      "expectedCost": 420.0,
      "specialtyName": null,
      "preferred": false,
      "designationRank": null,
      "provider": {
        "id": "5084891",
        "type": "providers",
        "providerType": "Physician",
        "name": "MICHAEL J LEVITT M.D.",
        "npi": "1649219742",
        "website": null,
        "locationAgnostic": false,
        "serviceLocation": {
          "id": "2723243",
          "type": "providerAddresses",
          "externalId": null,
          "address1": "3024 BUSINESS PARK CIR",
          "address2": "",
          "city": "GOODLETTSVILLE",
          "state": "TN",
          "zipcode": "37072",
          "distance": 12.6,
          "latitude": 36.34145,
          "longitude": -86.775749
        },
        "phoneNumber": "6158516033",
        "qualityRating": {
          "score": 60,
          "maxScore": 100
        },
        "qualitySummary": {
          "ratingSummary": null,
          "reviewSummary": null
        },
        "designationPrimarySortingGroup": null,
        "designationLabels": [],
        "designationLogos": []
      },
      "secondaryProvider": null,
      "otherMedExpectedCosts": [],
      "distinctions": null
    },
    {
      "id": "L-43406251-2970281-",
      "type": "medExpectedCosts",
      "expectedCost": 420.0,
      "specialtyName": null,
      "preferred": false,
      "designationRank": null,
      "provider": {
        "id": "5265282",
        "type": "providers",
        "providerType": "Physician",
        "name": "JONATHAN P. GORDON M.D.",
        "npi": "1043232879",
        "website": null,
        "locationAgnostic": false,
        "serviceLocation": {
          "id": "2970281",
          "type": "providerAddresses",
          "externalId": null,
          "address1": "3024 BUSINESS PARK CIR",
          "address2": "",
          "city": "GOODLETTSVILLE",
          "state": "TN",
          "zipcode": "37072",
          "distance": 12.6,
          "latitude": 36.34145,
          "longitude": -86.775749
        },
        "phoneNumber": "6158516033",
        "qualityRating": {
          "score": 60,
          "maxScore": 100
        },
        "qualitySummary": {
          "ratingSummary": null,
          "reviewSummary": null
        },
        "designationPrimarySortingGroup": null,
        "designationLabels": [],
        "designationLogos": []
      },
      "secondaryProvider": null,
      "otherMedExpectedCosts": [],
      "distinctions": null
    }
  ],
  "offset": 0,
  "highestReviewNumber": 4,
  "localAverage": {
    "minValue": 400.0,
    "maxValue": 455.0
  },
  "limit": 10,
  "links": {
    "first": "/provider_service_groups/527/costs?origin=36.1590872%2C-86.7784832&distance=25&offset=0",
    "last": "/provider_service_groups/527/costs?origin=36.1590872%2C-86.7784832&distance=25&offset=10",
    "prev": null,
    "next": "/provider_service_groups/527/costs?origin=36.1590872%2C-86.7784832&distance=25&offset=10"
  },
  "highestRatingNumber": 0,
  "nationalAverage": {
    "minValue": 279,
    "maxValue": 577
  },
  "totalCount": 12,
  "hasReviewSummary": true
}
