[
  {
    "requestId": "1941804a-071d-4bcc-b859-e898514646c8",
    "humanName": {
      "family": "MyChart",
      "given": ["Damon"],
      "prefix": null,
      "suffix": null,
      "fullName": "MyChart, Damon",
      "use": "usual",
      "period": {
        "start": "2006-04-27T15:19:13.550-05:00",
        "end": null
      }
    },
    "payerId": "leonhealth",
    "requestDate": "2022-02-17T13:49:03",
    "status": "received"
  },
  {
    "requestId": "4921c1c0-0507-4825-b2a3-3912d80247f0",
    "humanName": {
      "family": "MyChart",
      "given": ["Damon"],
      "prefix": null,
      "suffix": null,
      "fullName": "MyChart, Damon",
      "use": "usual",
      "period": {
        "start": "2006-04-27T15:19:13.550-05:00",
        "end": null
      }
    },
    "payerId": "leonhealth",
    "requestDate": "2022-02-22T16:57:51",
    "status": "received"
  },
  {
    "requestId": "b42e5fd3-aab9-426d-98a7-f3a8801bfc8d",
    "humanName": {
      "family": "MyChart",
      "given": ["Damon"],
      "prefix": null,
      "suffix": null,
      "fullName": "MyChart, Damon",
      "use": "usual",
      "period": {
        "start": "2006-04-27T15:19:13.550-05:00",
        "end": null
      }
    },
    "payerId": "leonhealth",
    "requestDate": "2022-02-23T15:06:35",
    "status": "received"
  },
  {
    "requestId": "ba41e440-8ea0-4a0b-bf68-a6c9f6d3a4a6",
    "humanName": {
      "family": "MyChart",
      "given": ["Damon"],
      "prefix": null,
      "suffix": null,
      "fullName": "MyChart, Damon",
      "use": "usual",
      "period": {
        "start": "2006-04-27T15:19:13.550-05:00",
        "end": null
      }
    },
    "payerId": "leonhealth",
    "requestDate": "2022-02-17T13:38:02",
    "status": "received"
  },
  {
    "requestId": "f062ae84-616f-4dc8-970f-7e21e33e8c8b",
    "humanName": {
      "family": "MyChart",
      "given": ["Damon"],
      "prefix": null,
      "suffix": null,
      "fullName": "MyChart, Damon",
      "use": "usual",
      "period": {
        "start": "2006-04-27T15:19:13.550-05:00",
        "end": null
      }
    },
    "payerId": "leonhealth",
    "requestDate": "2022-02-23T15:06:36",
    "status": "received"
  }
]
