[
    {
      "customer_internal_id": "07AE89BA7CA144B1949061F45E978ACC",
      "customer_id": "b86b86e9-6f7a-40c4-a7b8-4c2d20a1abd4",
      "tax_id": "382356288",
      "customer_name": "Physicians health Plan Medicare",
      "short_name": "physicianshealthmedicare",
      "mdm_id": "050314727",
      "sftp_test": "sftp://@cert.mftgateway.changehealthcare.com",
      "sftp_preprod": "sftp://@cert.mftgateway.changehealthcare.com",
      "sftp_prod": "sftp://@mftgateway.changehealthcare.com",
      "member_url": "http://cch.changehealthcare.com/physicianshealthmedicare",
      "member_test_url": "https://test-cch.changehealthcare.com/physicianshealthmedicare",
      "payer_id": "83276",
      "payer_url": "https://connectedhealth.changehealthcare.com",
      "payer_test_url": "https://test-connectedhealth.changehealthcare.com",
      "customer_type": 1,
      "customer_fhir_base": "test",
      "customer_fhir_base_pharm": "",
      "customer_email_address": "",
      "customer_logo_url": "",
      "globalscape_mailbox_id": "PED001806",
      "globalscape_credential": "r\\1Uz3-R",
      "roster_validation_status": "",
      "eob_validation_status": "",
      "provider_validation_status": "",
      "formulary_validation_status": "",
      "clinical_validation_status": "",
      "encounters_validation_status": "",
      "created": "2021-03-15T19:12:33.000Z",
      "updated": "2021-07-27T20:33:09.000Z",
      "updated_by": "rohan.patel@changehealthcare.com"
    },
    {
      "customer_internal_id": "089E6BC649154164BF35A9F75D731862",
      "customer_id": "02f908cb-099a-4849-a14c-100b0c7c6a63",
      "tax_id": "810795815",
      "customer_name": "BayCare Health Plans",
      "short_name": "baycarehealth",
      "mdm_id": "50967297",
      "sftp_test": "sftp://@cert.mftgateway.changehealthcare.com",
      "sftp_preprod": "sftp://@cert.mftgateway.changehealthcare.com",
      "sftp_prod": "sftp://@mftgateway.changehealthcare.com",
      "member_url": "http://cch.changehealthcare.com/baycarehealth",
      "member_test_url": "https://test-cch.changehealthcare.com/baycarehealth",
      "payer_id": "81079",
      "payer_url": "https://connectedhealth.changehealthcare.com",
      "payer_test_url": "https://test-connectedhealth.changehealthcare.com",
      "customer_type": 1,
      "customer_fhir_base": "test",
      "customer_fhir_base_pharm": "",
      "customer_email_address": "",
      "customer_logo_url": "",
      "globalscape_mailbox_id": "PED001773",
      "globalscape_credential": "5`BG8(%c2b",
      "roster_validation_status": "",
      "eob_validation_status": "",
      "provider_validation_status": "",
      "formulary_validation_status": "",
      "clinical_validation_status": "",
      "encounters_validation_status": "",
      "created": "2021-02-17T19:29:59.000Z",
      "updated": "2021-07-27T17:07:51.000Z",
      "updated_by": "rohan.patel@changehealthcare.com"
    },
    {
      "customer_internal_id": "0A2FBCCBCD1341758CBD3D19CA38B677",
      "customer_id": "b1772d97-d43d-4dc6-88d0-ffec298c02ad",
      "tax_id": "582335921",
      "customer_name": "Alliant Health Plan",
      "short_name": "alliant",
      "mdm_id": "50061638",
      "sftp_test": "sftp://@cert.mftgateway.changehealthcare.com",
      "sftp_preprod": "sftp://@cert.mftgateway.changehealthcare.com",
      "sftp_prod": "sftp://@mftgateway.changehealthcare.com",
      "member_url": "http://cch.changehealthcare.com/alliant",
      "member_test_url": "https://test-cch.changehealthcare.com/alliant",
      "payer_id": "58234",
      "payer_url": "https://connectedhealth.changehealthcare.com",
      "payer_test_url": "https://test-connectedhealth.changehealthcare.com",
      "customer_type": 1,
      "customer_fhir_base": "",
      "customer_fhir_base_pharm": "",
      "customer_email_address": "",
      "customer_logo_url": "",
      "globalscape_mailbox_id": "c058234",
      "globalscape_credential": "661$C%|.1g",
      "roster_validation_status": "",
      "eob_validation_status": "",
      "provider_validation_status": "",
      "formulary_validation_status": "",
      "clinical_validation_status": "",
      "encounters_validation_status": "",
      "created": "2021-05-04T13:36:16.000Z",
      "updated": "2021-07-27T17:11:24.000Z",
      "updated_by": "rohan.patel@changehealthcare.com"
    },
    {
      "customer_internal_id": "10764EE705B24D96ABF58A1E78FA7592",
      "customer_id": "9bf5bfce-1c1d-4c37-a4cc-51c83a03e67d",
      "tax_id": "391264667",
      "customer_name": "Community Care Inc",
      "short_name": "communitycare",
      "mdm_id": "50262273",
      "sftp_test": "sftp://@cert.mftgateway.changehealthcare.com",
      "sftp_preprod": "sftp://@cert.mftgateway.changehealthcare.com",
      "sftp_prod": "sftp://@mftgateway.changehealthcare.com",
      "member_url": "https://cch.changehealthcare.com/communitycare",
      "member_test_url": "https://test-cch.changehealthcare.com/communitycare",
      "payer_id": "39126",
      "payer_url": "https://connectedhealth.changehealthcare.com",
      "payer_test_url": "https://test-connectedhealth.changehealthcare.com",
      "customer_type": 1,
      "customer_fhir_base": "",
      "customer_fhir_base_pharm": "",
      "customer_email_address": "",
      "customer_logo_url": "",
      "globalscape_mailbox_id": "PED001845",
      "globalscape_credential": "11-1#cNb'1",
      "roster_validation_status": "",
      "eob_validation_status": "",
      "provider_validation_status": "",
      "formulary_validation_status": "",
      "clinical_validation_status": "",
      "encounters_validation_status": "",
      "created": "2021-04-22T18:54:55.000Z",
      "updated": "2021-07-27T17:36:16.000Z",
      "updated_by": "rohan.patel@changehealthcare.com"
    },
    {
      "customer_internal_id": "1C7758BDDEE041CA9E05B191F76DC4D8",
      "customer_id": "d3aa3630-bbb3-4f5c-bbfe-f155e5a2b451",
      "tax_id": "474391083",
      "customer_name": "Aspire Health",
      "short_name": "aspire",
      "mdm_id": "50030892",
      "sftp_test": "sftp://@cert.mftgateway.changehealthcare.com",
      "sftp_preprod": "sftp://@cert.mftgateway.changehealthcare.com",
      "sftp_prod": "sftp://@cert.mftgateway.changehealthcare.com",
      "member_url": "https://cch.changehealthcare.com/aspire",
      "member_test_url": "https://test-cch.changehealthcare.com/aspire",
      "payer_id": "46156",
      "payer_url": "https://connectedhealth.changehealthcare.com",
      "payer_test_url": "https://test-connectedhealth.changehealthcare.com",
      "customer_type": 1,
      "customer_fhir_base": "test",
      "customer_fhir_base_pharm": "",
      "customer_email_address": "enroll.connectedhealth@changehealthcare.com",
      "customer_logo_url": "https://www.changehealthcare.com/content/dam/change-healthcare/brand_core_content/logos/change_healthcare/change-healthcare-logo-2020-tagline-web.png",
      "globalscape_mailbox_id": "PED001703",
      "globalscape_credential": "OR_5v<2t",
      "roster_validation_status": "",
      "eob_validation_status": "",
      "provider_validation_status": "",
      "formulary_validation_status": "",
      "clinical_validation_status": "",
      "encounters_validation_status": "",
      "created": "2020-12-17T20:22:12.000Z",
      "updated": "2021-07-27T17:15:20.000Z",
      "updated_by": "rohan.patel@changehealthcare.com"
    },
    {
      "customer_internal_id": "204644834C054166988267AF2EB5FA46",
      "customer_id": "ce4d7cb3-2b5f-4325-9181-62c03ddd2cba",
      "tax_id": "232221740",
      "customer_name": "RAM Technologies",
      "short_name": "ram",
      "mdm_id": "50567707",
      "sftp_test": "sftp://@cert.mftgateway.changehealthcare.com",
      "sftp_preprod": "sftp://@cert.mftgateway.changehealthcare.com",
      "sftp_prod": "sftp://@mftgateway.changehealthcare.com",
      "member_url": "https://cch.changehealthcare.com/ram",
      "member_test_url": "https://test-cch.changehealthcare.com/ram",
      "payer_id": "",
      "payer_url": "https://connectedhealth.changehealthcare.com",
      "payer_test_url": "https://test-connectedhealth.changehealthcare.com",
      "customer_type": 1,
      "customer_fhir_base": "test",
      "customer_fhir_base_pharm": "",
      "customer_email_address": "",
      "customer_logo_url": "",
      "globalscape_mailbox_id": "PED001796",
      "globalscape_credential": "K2`5c|J*46",
      "roster_validation_status": "",
      "eob_validation_status": "",
      "provider_validation_status": "",
      "formulary_validation_status": "",
      "clinical_validation_status": "",
      "encounters_validation_status": "",
      "created": "2021-04-05T12:47:50.000Z",
      "updated": "2021-07-28T17:53:34.000Z",
      "updated_by": "rohan.patel@changehealthcare.com"
    },
    {
      "customer_internal_id": "226F3FCD943843A5B696C0F162D586AA",
      "customer_id": "1bc63d15-7eab-48f5-8d64-0d6783d663bc",
      "tax_id": "931185622",
      "customer_name": "Cascade Comprehensive Care",
      "short_name": "cascadecomprehensive",
      "mdm_id": "50016112",
      "sftp_test": "sftp://@cert.mftgateway.changehealthcare.com",
      "sftp_preprod": "sftp://@cert.mftgateway.changehealthcare.com",
      "sftp_prod": "sftp://@mftgateway.changehealthcare.com",
      "member_url": "https://cch.changehealthcare.com/cascadecomprehensive",
      "member_test_url": "https://test-cch.changehealthcare.com/cascadecomprehensive",
      "payer_id": "CHA01",
      "payer_url": "https://test-connectedhealth.changehealthcare.com",
      "payer_test_url": "https://test-connectedhealth.changehealthcare.com",
      "customer_type": 1,
      "customer_fhir_base": "test",
      "customer_fhir_base_pharm": "",
      "customer_email_address": "",
      "customer_logo_url": "",
      "globalscape_mailbox_id": "PED001793",
      "globalscape_credential": "CB2f^5^`1#",
      "roster_validation_status": "",
      "eob_validation_status": "",
      "provider_validation_status": "",
      "formulary_validation_status": "",
      "clinical_validation_status": "",
      "encounters_validation_status": "",
      "created": "2021-03-03T19:23:58.000Z",
      "updated": "2021-07-27T17:05:51.000Z",
      "updated_by": "rohan.patel@changehealthcare.com"
    },
    {
      "customer_internal_id": "243468561540477CB2A0009AA0C16CD4",
      "customer_id": "3d15f866-22b7-4362-ba2a-fdc43917f2e3",
      "tax_id": "888977778",
      "customer_name": "Acme",
      "short_name": "acme",
      "mdm_id": "2222222",
      "sftp_test": "sftp://@cert.mftgateway.changehealthcare.com",
      "sftp_preprod": "sftp://@cert.mftgateway.changehealthcare.com",
      "sftp_prod": "sftp://@mftgateway.changehealthcare.com",
      "member_url": "https://cch.changehealthcare.com/acme",
      "member_test_url": "https://test-cch.changehealthcare.com/acme",
      "payer_id": "",
      "payer_url": "https://cch.changehealthcare.com",
      "payer_test_url": "https://test-cch.changehealthcare.com",
      "customer_type": 1,
      "customer_fhir_base": "Test1",
      "customer_fhir_base_pharm": "Test2",
      "customer_email_address": "enroll.connectedhealth@changehealthcare.com",
      "customer_logo_url": "https://www.changehealthcare.com/content/dam/change-healthcare/brand_core_content/logos/change_healthcare/change-healthcare-logo-2020-tagline-web.png",
      "globalscape_mailbox_id": "Mailbox1",
      "globalscape_credential": "Global SCAPE 1",
      "roster_validation_status": "",
      "eob_validation_status": "",
      "provider_validation_status": "",
      "formulary_validation_status": "",
      "clinical_validation_status": "",
      "encounters_validation_status": "",
      "created": "2020-12-28T19:50:45.000Z",
      "updated": "2021-07-27T16:07:43.000Z",
      "updated_by": "rohan.patel@changehealthcare.com"
    },
    {
      "customer_internal_id": "263566C31D9649BE9EF8668491F137DC",
      "customer_id": "d1ec0ac7-b679-41d2-aa36-46003fb81183",
      "tax_id": "123242336",
      "customer_name": "Customer_MVP44",
      "short_name": "MVP44",
      "mdm_id": "MVP44",
      "sftp_test": "ftp://goooooo.com",
      "sftp_preprod": "ftp://comeeeee.us",
      "sftp_prod": "ftp://runnnnnnn.ca",
      "member_url": "https://cch.changehealthcare.com/alden/landing",
      "member_test_url": "https://test-cch.changehealthcare.com/alden/landing",
      "payer_id": "payerID test",
      "payer_url": "https://connectedhealth.changehealthcare.com",
      "payer_test_url": "https://test-connectedhealth.changehealthcare.com",
      "customer_type": 1,
      "customer_fhir_base": "S3://123.com",
      "customer_fhir_base_pharm": "S3://xyz.com",
      "customer_email_address": "sa@chc.com",
      "customer_logo_url": "logoURL.com",
      "globalscape_mailbox_id": "mailboxid@id.com",
      "globalscape_credential": "credential123$$$",
      "roster_validation_status": "Accepted  with Errors",
      "eob_validation_status": "Rejected",
      "provider_validation_status": "Accepted",
      "formulary_validation_status": "Accepted",
      "clinical_validation_status": "Rejected",
      "encounters_validation_status": "Accepted  with Errors",
      "created": "2021-04-09T21:29:24.000Z",
      "updated": "2021-04-15T20:47:47.000Z",
      "updated_by": "jack.shi@changehealthcare.com"
    },
    {
      "customer_internal_id": "267161FD098B11EB83A6124E422C9EF1",
      "customer_id": "c183e0d9-9a16-4f6a-862d-27f9ee0d749a",
      "tax_id": "431861242",
      "customer_name": "Lumeris",
      "short_name": "lumeris",
      "mdm_id": "50071457",
      "sftp_test": "sftp://@cert.mftgateway.changehealthcare.com",
      "sftp_preprod": "sftp://@cert.mftgateway.changehealthcare.com",
      "sftp_prod": "sftp://@mftgateway.changehealthcare.com",
      "member_url": "https://cch.changehealthcare.com/lumeris",
      "member_test_url": "https://test-cch.changehealthcare.com/lumeris",
      "payer_id": "",
      "payer_url": "https://connectedhealth.changehealthcare.com",
      "payer_test_url": "https://test-connectedhealth.changehealthcare.com",
      "customer_type": 1,
      "customer_fhir_base": "test",
      "customer_fhir_base_pharm": "",
      "customer_email_address": "enroll.connectedhealth@changehealthcare.com",
      "customer_logo_url": "https://info.changehealthcare.com/logos-repository/_jcr_content/root/main-par/image_1268927423.coreimg.82.1440.jpeg/1606873952051/lumeris-logo-reg-300x120.jpeg",
      "globalscape_mailbox_id": "PED001696",
      "globalscape_credential": "$V41(mNv",
      "roster_validation_status": "",
      "eob_validation_status": "",
      "provider_validation_status": "",
      "formulary_validation_status": "",
      "clinical_validation_status": "",
      "encounters_validation_status": "",
      "created": "2020-10-08T17:24:41.000Z",
      "updated": "2021-07-27T18:46:24.000Z",
      "updated_by": "rohan.patel@changehealthcare.com"
    },
    {
      "customer_internal_id": "28853FF7DD1B4DD1BC4680E62EBBAE62",
      "customer_id": "b01d62ab-5a9e-474b-8ca9-b5e8c24b89c5",
      "tax_id": "251505506",
      "customer_name": "Gateway Health Plan",
      "short_name": "gateway",
      "mdm_id": "50018177",
      "sftp_test": "sftp://@cert.mftgateway.changehealthcare.com",
      "sftp_preprod": "sftp://@cert.mftgateway.changehealthcare.com",
      "sftp_prod": "sftp://@mftgateway.changehealthcare.com",
      "member_url": "https://cch.changehealthcare.com/gateway",
      "member_test_url": "https://test-cch.changehealthcare.com/gateway",
      "payer_id": "25169",
      "payer_url": "https://connectedhealth.changehealthcare.com",
      "payer_test_url": "https://test-connectedhealth.changehealthcare.com",
      "customer_type": 1,
      "customer_fhir_base": "",
      "customer_fhir_base_pharm": "",
      "customer_email_address": "",
      "customer_logo_url": "",
      "globalscape_mailbox_id": "PED001821",
      "globalscape_credential": "L(D712s7^?",
      "roster_validation_status": "",
      "eob_validation_status": "",
      "provider_validation_status": "",
      "formulary_validation_status": "",
      "clinical_validation_status": "",
      "encounters_validation_status": "",
      "created": "2021-04-26T20:17:44.000Z",
      "updated": "2021-07-27T18:08:50.000Z",
      "updated_by": "rohan.patel@changehealthcare.com"
    },
    {
      "customer_internal_id": "2B25CFE52F3B11EB83A6124E422C9EF1",
      "customer_id": "04ef484d-ff88-41e3-904a-8c127648a197",
      "tax_id": "351747218",
      "customer_name": "Indiana University Health Plans",
      "short_name": "iuhealth",
      "mdm_id": "50019144",
      "sftp_test": "sftp://@cert.mftgateway.changehealthcare.com",
      "sftp_preprod": "sftp://@cert.mftgateway.changehealthcare.com",
      "sftp_prod": "sftp://@mftgateway.changehealthcare.com",
      "member_url": "https://cch.changehealthcare.com/iuhealth",
      "member_test_url": "https://test-cch.changehealthcare.com/iuhealth",
      "payer_id": "26212",
      "payer_url": "https://connectedhealth.changehealthcare.com",
      "payer_test_url": "https://test-connectedhealth.changehealthcare.com",
      "customer_type": 1,
      "customer_fhir_base": "test",
      "customer_fhir_base_pharm": "",
      "customer_email_address": "enroll.connectedhealth@changehealthcare.com",
      "customer_logo_url": "https://info.changehealthcare.com/logos-repository/_jcr_content/root/main-par/image_1696634175.coreimg.82.1440.png/1606873976462/iuhealth-logo-reg-388x132.png",
      "globalscape_mailbox_id": "PED001697",
      "globalscape_credential": "oP68j/H^",
      "roster_validation_status": "",
      "eob_validation_status": "",
      "provider_validation_status": "",
      "formulary_validation_status": "",
      "clinical_validation_status": "",
      "encounters_validation_status": "",
      "created": "2020-11-25T16:27:53.000Z",
      "updated": "2021-06-24T13:12:02.000Z",
      "updated_by": "rohan.patel@changehealthcare.com"
    },
    {
      "customer_internal_id": "367F8DC1E0364CF188166951DF9A362F",
      "customer_id": "0d97cd53-49f5-4b4c-b35c-95e8add4dcde",
      "tax_id": "208295948",
      "customer_name": "UCare",
      "short_name": "ucare",
      "mdm_id": "50262535",
      "sftp_test": "sftp://@cert.mftgateway.changehealthcare.com",
      "sftp_preprod": "sftp://@cert.mftgateway.changehealthcare.com",
      "sftp_prod": "sftp://@mftgateway.changehealthcare.com",
      "member_url": "https://cch.changehealthcare.com/ucare",
      "member_test_url": "https://test-cch.changehealthcare.com/ucare",
      "payer_id": "",
      "payer_url": "https://connectedhealth.changehealthcare.com",
      "payer_test_url": "https://test-connectedhealth.changehealthcare.com",
      "customer_type": 1,
      "customer_fhir_base": "test",
      "customer_fhir_base_pharm": "test",
      "customer_email_address": "enroll.connectedhealth@changehealthcare.com",
      "customer_logo_url": "https://www.changehealthcare.com/content/dam/change-healthcare/brand_core_content/logos/change_healthcare/change-healthcare-logo-2020-tagline-web.png",
      "globalscape_mailbox_id": "PED001722",
      "globalscape_credential": "&Zg}z57R",
      "roster_validation_status": "",
      "eob_validation_status": "",
      "provider_validation_status": "",
      "formulary_validation_status": "",
      "clinical_validation_status": "",
      "encounters_validation_status": "",
      "created": "2020-12-27T23:10:44.000Z",
      "updated": "2021-06-09T17:53:17.000Z",
      "updated_by": "rohan.patel@changehealthcare.com"
    },
    {
      "customer_internal_id": "3FA7DF8754AC4C6A87576F506B15C6FD",
      "customer_id": "bf2e4869-7a04-4738-82dd-74c2517e3805",
      "tax_id": "452106295",
      "customer_name": "Christus Health Plan",
      "short_name": "christushealth",
      "mdm_id": "50962956",
      "sftp_test": "sftp://@cert.mftgateway.changehealthcare.com",
      "sftp_preprod": "sftp://@cert.mftgateway.changehealthcare.com",
      "sftp_prod": "sftp://@mftgateway.changehealthcare.com",
      "member_url": "https://cch.changehealthcare.com/christushealth",
      "member_test_url": "https://test-cch.changehealthcare.com/christushealth",
      "payer_id": "52106",
      "payer_url": "https://connectedhealth.changehealthcare.com",
      "payer_test_url": "https://test-connectedhealth.changehealthcare.com",
      "customer_type": 1,
      "customer_fhir_base": "test",
      "customer_fhir_base_pharm": "",
      "customer_email_address": "",
      "customer_logo_url": "",
      "globalscape_mailbox_id": "c0cfmhp",
      "globalscape_credential": "",
      "roster_validation_status": "",
      "eob_validation_status": "",
      "provider_validation_status": "",
      "formulary_validation_status": "",
      "clinical_validation_status": "",
      "encounters_validation_status": "",
      "created": "2021-03-23T14:37:20.000Z",
      "updated": "2021-06-25T16:08:06.000Z",
      "updated_by": "rohan.patel@changehealthcare.com"
    },
    {
      "customer_internal_id": "40411026C2AA4C7E8A16BA649233DD73",
      "customer_id": "9e3902d6-1e9f-49fa-9938-88137ee9ffb9",
      "tax_id": "208185682",
      "customer_name": "Essence Healthcare Advantage Plans",
      "short_name": "essencehealthcare",
      "mdm_id": "50024674",
      "sftp_test": "sftp://@cert.mftgateway.changehealthcare.com",
      "sftp_preprod": "sftp://@cert.mftgateway.changehealthcare.com",
      "sftp_prod": "sftp://@mftgateway.changehealthcare.com",
      "member_url": "http://cch.changehealthcare.com/essencehealthcare",
      "member_test_url": "https://test-cch.changehealthcare.com/essencehealthcare",
      "payer_id": "20818",
      "payer_url": "https://connectedhealth.changehealthcare.com",
      "payer_test_url": "https://test-connectedhealth.changehealthcare.com",
      "customer_type": 1,
      "customer_fhir_base": "TEST",
      "customer_fhir_base_pharm": "",
      "customer_email_address": "",
      "customer_logo_url": "",
      "globalscape_mailbox_id": "PED001777",
      "globalscape_credential": "g4%i*($1IP",
      "roster_validation_status": "",
      "eob_validation_status": "",
      "provider_validation_status": "",
      "formulary_validation_status": "",
      "clinical_validation_status": "",
      "encounters_validation_status": "",
      "created": "2021-02-18T15:49:43.000Z",
      "updated": "2021-07-27T17:55:14.000Z",
      "updated_by": "rohan.patel@changehealthcare.com"
    },
    {
      "customer_internal_id": "416DB822AA974709B52C79E6DC8F1685",
      "customer_id": "d830b1d5-8a0d-403b-af93-1fc1282fe0e9",
      "tax_id": "161483069",
      "customer_name": "Nascentia Health Inc",
      "short_name": "nascentia",
      "mdm_id": "50263203",
      "sftp_test": "sftp://@cert.mftgateway.changehealthcare.com",
      "sftp_preprod": "sftp://@cert.mftgateway.changehealthcare.com",
      "sftp_prod": "sftp://@mftgateway.changehealthcare.com",
      "member_url": "https://cch.changehealthcare.com/nascentia",
      "member_test_url": "https://test-cch.changehealthcare.com/nascentia",
      "payer_id": "45529",
      "payer_url": "https://connectedhealth.changehealthcare.com",
      "payer_test_url": "https://test-connectedhealth.changehealthcare.com",
      "customer_type": 1,
      "customer_fhir_base": "",
      "customer_fhir_base_pharm": "",
      "customer_email_address": "",
      "customer_logo_url": "",
      "globalscape_mailbox_id": "PED001825",
      "globalscape_credential": "f48.{Sd^51",
      "roster_validation_status": "",
      "eob_validation_status": "",
      "provider_validation_status": "",
      "formulary_validation_status": "",
      "clinical_validation_status": "",
      "encounters_validation_status": "",
      "created": "2021-04-22T19:10:04.000Z",
      "updated": "2021-07-27T20:10:40.000Z",
      "updated_by": "rohan.patel@changehealthcare.com"
    },
    {
      "customer_internal_id": "443224A36B2845D28B7AA818ECC6198C",
      "customer_id": "23ab5ed6-3b55-4a42-87fd-34a86a768e47",
      "tax_id": "391442058",
      "customer_name": "Network Health Plan",
      "short_name": "network",
      "mdm_id": "50009264",
      "sftp_test": "sftp://@cert.mftgateway.changehealthcare.com",
      "sftp_preprod": "sftp://@cert.mftgateway.changehealthcare.com",
      "sftp_prod": "sftp://@mftgateway.changehealthcare.com",
      "member_url": "https://cch.changehealthcare.com/network",
      "member_test_url": "https://test-cch.changehealthcare.com/network",
      "payer_id": "39111",
      "payer_url": "https://connectedhealth.changehealthcare.com",
      "payer_test_url": "https://test-connectedhealth.changehealthcare.com",
      "customer_type": 1,
      "customer_fhir_base": "test",
      "customer_fhir_base_pharm": "",
      "customer_email_address": "enroll.connectedhealth@changehealthcare.com",
      "customer_logo_url": "https://www.changehealthcare.com/content/dam/change-healthcare/brand_core_content/logos/change_healthcare/change-healthcare-logo-2020-tagline-web.png",
      "globalscape_mailbox_id": "PED001721",
      "globalscape_credential": "F46w]sG[",
      "roster_validation_status": "",
      "eob_validation_status": "",
      "provider_validation_status": "",
      "formulary_validation_status": "",
      "clinical_validation_status": "",
      "encounters_validation_status": "",
      "created": "2020-12-27T23:14:17.000Z",
      "updated": "2021-07-27T20:18:52.000Z",
      "updated_by": "rohan.patel@changehealthcare.com"
    },
    {
      "customer_internal_id": "4A13EAC43F4442D5A70FBF11C1207CA8",
      "customer_id": "84d3f4e1-9eb9-430f-8cd7-4677e00ec834",
      "tax_id": "811970070",
      "customer_name": "My Choice Wisconsin",
      "short_name": "mychoice",
      "mdm_id": "51194857",
      "sftp_test": "sftp://@cert.mftgateway.changehealthcare.com",
      "sftp_preprod": "sftp://@cert.mftgateway.changehealthcare.com",
      "sftp_prod": "sftp://@mftgateway.changehealthcare.com",
      "member_url": "https://cch.changehealthcare.com/mychoice",
      "member_test_url": "https://test-cch.changehealthcare.com/mychoice",
      "payer_id": "27004",
      "payer_url": "https://connectedhealth.changehealthcare.com",
      "payer_test_url": "https://test-connectedhealth.changehealthcare.com",
      "customer_type": 1,
      "customer_fhir_base": "",
      "customer_fhir_base_pharm": "",
      "customer_email_address": "",
      "customer_logo_url": "",
      "globalscape_mailbox_id": "c027004",
      "globalscape_credential": "1*k@2FP7i]",
      "roster_validation_status": "",
      "eob_validation_status": "",
      "provider_validation_status": "",
      "formulary_validation_status": "",
      "clinical_validation_status": "",
      "encounters_validation_status": "",
      "created": "2021-05-17T19:35:50.000Z",
      "updated": "2021-07-27T20:02:40.000Z",
      "updated_by": "rohan.patel@changehealthcare.com"
    },
    {
      "customer_internal_id": "53BCD52D2D664E2CA5A475E40A22AE87",
      "customer_id": "e42db82f-ab70-4806-a9be-552646e0a375",
      "tax_id": "742838488",
      "customer_name": "Driscoll Childrens Health Plan",
      "short_name": "driscoll",
      "mdm_id": "50019062",
      "sftp_test": "sftp://@cert.mftgateway.changehealthcare.com",
      "sftp_preprod": "sftp://@cert.mftgateway.changehealthcare.com",
      "sftp_prod": "sftp://@mftgateway.changehealthcare.com",
      "member_url": "https://cch.changehealthcare.com/driscoll",
      "member_test_url": "https://test-cch.changehealthcare.com/driscoll",
      "payer_id": "74284",
      "payer_url": "https://connectedhealth.changehealthcare.com",
      "payer_test_url": "https://test-connectedhealth.changehealthcare.com",
      "customer_type": 1,
      "customer_fhir_base": "TEST",
      "customer_fhir_base_pharm": "",
      "customer_email_address": "",
      "customer_logo_url": "",
      "globalscape_mailbox_id": "c074284",
      "globalscape_credential": "",
      "roster_validation_status": "",
      "eob_validation_status": "",
      "provider_validation_status": "",
      "formulary_validation_status": "",
      "clinical_validation_status": "",
      "encounters_validation_status": "",
      "created": "2021-04-09T20:34:12.000Z",
      "updated": "2021-06-28T13:39:05.000Z",
      "updated_by": "rohan.patel@changehealthcare.com"
    },
    {
      "customer_internal_id": "5E1E6D6EA57440B6A30093614520A98D",
      "customer_id": "e19b4e05-b9e4-4bbd-ba57-dda8cc635cbd",
      "tax_id": "200982649",
      "customer_name": "Health Sun",
      "short_name": "healthsun",
      "mdm_id": "50261665",
      "sftp_test": "sftp://@cert.mftgateway.changehealthcare.com",
      "sftp_preprod": "sftp://@cert.mftgateway.changehealthcare.com",
      "sftp_prod": "sftp://@mftgateway.changehealthcare.com",
      "member_url": "https://cch.changehealthcare.com/healthsun",
      "member_test_url": "https://test-cch.changehealthcare.com/healthsun",
      "payer_id": "HESUN",
      "payer_url": "https://connectedhealth.changehealthcare.com",
      "payer_test_url": "https://test-connectedhealth.changehealthcare.com",
      "customer_type": 1,
      "customer_fhir_base": "",
      "customer_fhir_base_pharm": "",
      "customer_email_address": "",
      "customer_logo_url": "",
      "globalscape_mailbox_id": "PED001730",
      "globalscape_credential": "_O9r&4iF",
      "roster_validation_status": "",
      "eob_validation_status": "",
      "provider_validation_status": "",
      "formulary_validation_status": "",
      "clinical_validation_status": "",
      "encounters_validation_status": "",
      "created": "2021-05-04T14:00:45.000Z",
      "updated": "2021-07-27T18:23:11.000Z",
      "updated_by": "rohan.patel@changehealthcare.com"
    },
    {
      "customer_internal_id": "5EA2BAF3CF7045159514C7E91C24B528",
      "customer_id": "6e298506-c7b9-41e2-9832-0d1e6d69df0d",
      "tax_id": "275219887",
      "customer_name": "Sendero Health Plan",
      "short_name": "sendero",
      "mdm_id": "50110916",
      "sftp_test": "sftp://@cert.mftgateway.changehealthcare.com",
      "sftp_preprod": "sftp://@cert.mftgateway.changehealthcare.com",
      "sftp_prod": "sftp://@mftgateway.changehealthcare.com",
      "member_url": "https://cch.changehealthcare.com/sendero",
      "member_test_url": "https://test-cch.changehealthcare.com/sendero",
      "payer_id": "SCS17",
      "payer_url": "https://connectedhealth.changehealthcare.com",
      "payer_test_url": "https://test-connectedhealth.changehealthcare.com",
      "customer_type": 1,
      "customer_fhir_base": "",
      "customer_fhir_base_pharm": "",
      "customer_email_address": "",
      "customer_logo_url": "",
      "globalscape_mailbox_id": "PED001876",
      "globalscape_credential": "2,6|bGH2[g",
      "roster_validation_status": "",
      "eob_validation_status": "",
      "provider_validation_status": "",
      "formulary_validation_status": "",
      "clinical_validation_status": "",
      "encounters_validation_status": "",
      "created": "2021-06-07T20:49:10.000Z",
      "updated": "2021-07-28T18:33:50.000Z",
      "updated_by": "rohan.patel@changehealthcare.com"
    },
    {
      "customer_internal_id": "62DCE6B01F8011EB83A6124E422C9EF1",
      "customer_id": "4299dbb0-60e3-47a0-afd1-3a0204a08c70",
      "tax_id": "631140000",
      "customer_name": "Viva Health",
      "short_name": "vivahealth",
      "mdm_id": "50270855",
      "sftp_test": "sftp://@cert.mftgateway.changehealthcare.com",
      "sftp_preprod": "sftp://@cert.mftgateway.changehealthcare.com",
      "sftp_prod": "sftp://@mftgateway.changehealthcare.com",
      "member_url": "https://cch.changehealthcare.com/vivahealth",
      "member_test_url": "https://test-cch.changehealthcare.com/vivahealth",
      "payer_id": "",
      "payer_url": "https://connectedhealth.changehealthcare.com",
      "payer_test_url": "https://test-connectedhealth.changehealthcare.com",
      "customer_type": 1,
      "customer_fhir_base": "test",
      "customer_fhir_base_pharm": "test",
      "customer_email_address": "enroll.connectedhealth@changehealthcare.com",
      "customer_logo_url": "https://info.changehealthcare.com/logos-repository/_jcr_content/root/main-par/image_531722399.coreimg.82.1440.png/1606873970796/vivahealth-logo-reg-612x127.png",
      "globalscape_mailbox_id": "PED001698",
      "globalscape_credential": "0jVe#6Z^",
      "roster_validation_status": "",
      "eob_validation_status": "",
      "provider_validation_status": "",
      "formulary_validation_status": "",
      "clinical_validation_status": "",
      "encounters_validation_status": "",
      "created": "2020-11-05T16:03:03.000Z",
      "updated": "2021-07-20T17:56:36.000Z",
      "updated_by": "shanker.rakasi@changehealthcare.com"
    },
    {
      "customer_internal_id": "6406440EB69D468DA4214E9C541E4A0D",
      "customer_id": "09693e8f-9b88-42ab-acac-4c6f0a0d378a",
      "tax_id": "815365256",
      "customer_name": "Doctors Healthcare Plans",
      "short_name": "doctors",
      "mdm_id": "50964528",
      "sftp_test": "sftp://@cert.mftgateway.changehealthcare.com",
      "sftp_preprod": "sftp://@cert.mftgateway.changehealthcare.com",
      "sftp_prod": "sftp://@mftgateway.changehealthcare.com",
      "member_url": "http://cch.changehealthcare.com/doctors",
      "member_test_url": "https://test-cch.changehealthcare.com/doctors",
      "payer_id": "DRHCP",
      "payer_url": "https://connectedhealth.changehealthcare.com",
      "payer_test_url": "https://test-connectedhealth.changehealthcare.com",
      "customer_type": 1,
      "customer_fhir_base": "",
      "customer_fhir_base_pharm": "",
      "customer_email_address": "",
      "customer_logo_url": "",
      "globalscape_mailbox_id": "PED001824",
      "globalscape_credential": "%&DbfD344{",
      "roster_validation_status": "",
      "eob_validation_status": "",
      "provider_validation_status": "",
      "formulary_validation_status": "",
      "clinical_validation_status": "",
      "encounters_validation_status": "",
      "created": "2021-04-22T19:04:29.000Z",
      "updated": "2021-07-27T17:44:54.000Z",
      "updated_by": "rohan.patel@changehealthcare.com"
    },
    {
      "customer_internal_id": "64A437F22BBA4037B8DB8D46852136E4",
      "customer_id": "ea88c544-80fa-4c4d-a850-05bd8eff4d76",
      "tax_id": "464071746",
      "customer_name": "Stanford Healthcare Advantage Plan",
      "short_name": "stanfordhealthcare",
      "mdm_id": "50167093",
      "sftp_test": "sftp://@cert.mftgateway.changehealthcare.com",
      "sftp_preprod": "sftp://@cert.mftgateway.changehealthcare.com",
      "sftp_prod": "sftp://@mftgateway.changehealthcare.com",
      "member_url": "https://cch.changehealthcare.com/stanfordhealthcare",
      "member_test_url": "https://test-cch.changehealthcare.com/stanfordhealthcare",
      "payer_id": "46407",
      "payer_url": "https://connectedhealth.changehealthcare.com",
      "payer_test_url": "https://test-connectedhealth.changehealthcare.com",
      "customer_type": 1,
      "customer_fhir_base": "test",
      "customer_fhir_base_pharm": "",
      "customer_email_address": "",
      "customer_logo_url": "",
      "globalscape_mailbox_id": "PED001772",
      "globalscape_credential": "fBb%11$3(4",
      "roster_validation_status": "",
      "eob_validation_status": "",
      "provider_validation_status": "",
      "formulary_validation_status": "",
      "clinical_validation_status": "",
      "encounters_validation_status": "",
      "created": "2021-02-17T19:33:04.000Z",
      "updated": "2021-06-09T18:13:55.000Z",
      "updated_by": "rohan.patel@changehealthcare.com"
    },
    {
      "customer_internal_id": "659602387A50487F9D0099BF628C036E",
      "customer_id": "478f1486-44fc-4c93-b814-7572afcee0e9",
      "tax_id": "300743059",
      "customer_name": "Agewell Newyork",
      "short_name": "agewell",
      "mdm_id": "50106984",
      "sftp_test": "sftp://@cert.mftgateway.changehealthcare.com",
      "sftp_preprod": "sftp://@cert.mftgateway.changehealthcare.com",
      "sftp_prod": "sftp://@mftgateway.changehealthcare.com",
      "member_url": "http://cch.changehealthcare.com/agewell",
      "member_test_url": "https://test-cch.changehealthcare.com/agewell",
      "payer_id": "",
      "payer_url": "https://connectedhealth.changehealthcare.com",
      "payer_test_url": "https://test-connectedhealth.changehealthcare.com",
      "customer_type": 1,
      "customer_fhir_base": "test",
      "customer_fhir_base_pharm": "",
      "customer_email_address": "",
      "customer_logo_url": "",
      "globalscape_mailbox_id": "PED001768",
      "globalscape_credential": "^y15h%^J3D",
      "roster_validation_status": "",
      "eob_validation_status": "",
      "provider_validation_status": "",
      "formulary_validation_status": "",
      "clinical_validation_status": "",
      "encounters_validation_status": "",
      "created": "2021-03-11T21:21:44.000Z",
      "updated": "2021-07-27T17:09:37.000Z",
      "updated_by": "rohan.patel@changehealthcare.com"
    },
    {
      "customer_internal_id": "68AC266D08A7441FB52C72E76114B207",
      "customer_id": "027fd45a-a40e-4391-9c52-8abd5c81e07f",
      "tax_id": "821945488",
      "customer_name": "Vivida Health",
      "short_name": "vivida",
      "mdm_id": "50769473",
      "sftp_test": "sftp://@cert.mftgateway.changehealthcare.com",
      "sftp_preprod": "sftp://@cert.mftgateway.changehealthcare.com",
      "sftp_prod": "sftp://@mftgateway.changehealthcare.com",
      "member_url": "http://cch.changehealthcare.com/vivida",
      "member_test_url": "https://test-cch.changehealthcare.com/vivida",
      "payer_id": "A0102",
      "payer_url": "https://connectedhealth.changehealthcare.com",
      "payer_test_url": "https://test-connectedhealth.changehealthcare.com",
      "customer_type": 1,
      "customer_fhir_base": "",
      "customer_fhir_base_pharm": "",
      "customer_email_address": "",
      "customer_logo_url": "",
      "globalscape_mailbox_id": "c045488",
      "globalscape_credential": "pJc?G7'61@",
      "roster_validation_status": "",
      "eob_validation_status": "",
      "provider_validation_status": "",
      "formulary_validation_status": "",
      "clinical_validation_status": "",
      "encounters_validation_status": "",
      "created": "2021-07-13T20:25:36.000Z",
      "updated": "2021-07-28T18:38:25.000Z",
      "updated_by": "rohan.patel@changehealthcare.com"
    },
    {
      "customer_internal_id": "6918AA98A6654AC2A14C73EE7CF11AC3",
      "customer_id": "3e3445a4-b6a5-4df3-b592-7c83de8d60fb",
      "tax_id": "520591656",
      "customer_name": "Johns Hopkins",
      "short_name": "johnshopkins",
      "mdm_id": "50017387",
      "sftp_test": "sftp://@cert.mftgateway.changehealthcare.com",
      "sftp_preprod": "sftp://@cert.mftgateway.changehealthcare.com",
      "sftp_prod": "sftp://@mftgateway.changehealthcare.com",
      "member_url": "https://cch.changehealthcare.com/johnshopkins",
      "member_test_url": "https://test-cch.changehealthcare.com/johnshopkins",
      "payer_id": "52123",
      "payer_url": "https://connectedhealth.changehealthcare.com",
      "payer_test_url": "https://test-connectedhealth.changehealthcare.com",
      "customer_type": 1,
      "customer_fhir_base": "tester",
      "customer_fhir_base_pharm": "",
      "customer_email_address": "enroll.connectedhealth@changehealthcare.com",
      "customer_logo_url": "https://www.changehealthcare.com/content/dam/change-healthcare/brand_core_content/logos/change_healthcare/change-healthcare-logo-2020-tagline-web.png",
      "globalscape_mailbox_id": "PED001699",
      "globalscape_credential": "*JI47sp)",
      "roster_validation_status": "",
      "eob_validation_status": "",
      "provider_validation_status": "",
      "formulary_validation_status": "",
      "clinical_validation_status": "",
      "encounters_validation_status": "",
      "created": "2020-12-17T20:03:02.000Z",
      "updated": "2021-07-27T18:33:51.000Z",
      "updated_by": "rohan.patel@changehealthcare.com"
    },
    {
      "customer_internal_id": "6C3EED385F944A19AEF654E06824022C",
      "customer_id": "b02672d3-3dce-43bd-8704-ee8692c27958",
      "tax_id": "",
      "customer_name": "Priority Partner",
      "short_name": "priority",
      "mdm_id": "50262480",
      "sftp_test": "",
      "sftp_preprod": "",
      "sftp_prod": "",
      "member_url": "",
      "member_test_url": "",
      "payer_id": "",
      "payer_url": "",
      "payer_test_url": "",
      "customer_type": null,
      "customer_fhir_base": "",
      "customer_fhir_base_pharm": "",
      "customer_email_address": "",
      "customer_logo_url": "",
      "globalscape_mailbox_id": "",
      "globalscape_credential": "",
      "roster_validation_status": "",
      "eob_validation_status": "",
      "provider_validation_status": "",
      "formulary_validation_status": "",
      "clinical_validation_status": "",
      "encounters_validation_status": "",
      "created": "2021-04-22T19:24:28.000Z",
      "updated": "2021-04-22T19:24:28.000Z",
      "updated_by": "rohan.patel@changehealthcare.com"
    },
    {
      "customer_internal_id": "73D38B65094C4532B31C1AE21ECAED78",
      "customer_id": "cc864f95-a584-4490-80ca-e2aca7f0aaef",
      "tax_id": "042932021",
      "customer_name": "Allways Health Partners",
      "short_name": "allwayshealth",
      "mdm_id": "50019162",
      "sftp_test": "sftp://@cert.mftgateway.changehealthcare.com",
      "sftp_preprod": "sftp://@cert.mftgateway.changehealthcare.com",
      "sftp_prod": "sftp://@mftgateway.changehealthcare.com",
      "member_url": "http://cch.changehealthcare.com/allwayshealth",
      "member_test_url": "https://test-cch.changehealthcare.com/allwayshealth",
      "payer_id": "04293",
      "payer_url": "https://connectedhealth.changehealthcare.com",
      "payer_test_url": "https://test-connectedhealth.changehealthcare.com",
      "customer_type": 1,
      "customer_fhir_base": "test",
      "customer_fhir_base_pharm": "",
      "customer_email_address": "",
      "customer_logo_url": "",
      "globalscape_mailbox_id": "PED001726",
      "globalscape_credential": "P`^m73Gq",
      "roster_validation_status": "",
      "eob_validation_status": "",
      "provider_validation_status": "",
      "formulary_validation_status": "",
      "clinical_validation_status": "",
      "encounters_validation_status": "",
      "created": "2021-03-11T21:45:25.000Z",
      "updated": "2021-07-27T17:12:41.000Z",
      "updated_by": "rohan.patel@changehealthcare.com"
    },
    {
      "customer_internal_id": "75C106CD845D467DB78AE7C060C5A5BB",
      "customer_id": "daa9540a-c426-4af2-9098-665cde9cf33d",
      "tax_id": "947187423",
      "customer_name": "Health First Health Plan",
      "short_name": "healthfirst",
      "mdm_id": "50018824",
      "sftp_test": "sftp://@cert.mftgateway.changehealthcare.com",
      "sftp_preprod": "sftp://@cert.mftgateway.changehealthcare.com",
      "sftp_prod": "sftp://@mftgateway.changehealthcare.com",
      "member_url": "https://cch.changehealthcare.com/healthfirst",
      "member_test_url": "https://test-cch.changehealthcare.com/healthfirst",
      "payer_id": "95019",
      "payer_url": "https://connectedhealth.changehealthcare.com",
      "payer_test_url": "https://test-connectedhealth.changehealthcare.com",
      "customer_type": 1,
      "customer_fhir_base": "",
      "customer_fhir_base_pharm": "",
      "customer_email_address": "",
      "customer_logo_url": "",
      "globalscape_mailbox_id": "PED001856",
      "globalscape_credential": "%56#Eb23#p",
      "roster_validation_status": "",
      "eob_validation_status": "",
      "provider_validation_status": "",
      "formulary_validation_status": "",
      "clinical_validation_status": "",
      "encounters_validation_status": "",
      "created": "2021-05-04T13:53:59.000Z",
      "updated": "2021-07-27T18:19:50.000Z",
      "updated_by": "rohan.patel@changehealthcare.com"
    },
    {
      "customer_internal_id": "7616A5EC4B344DEBA0B2A24DDC57B45F",
      "customer_id": "9f0b347a-41ff-48d5-9939-70050fac34b7",
      "tax_id": "450481642",
      "customer_name": "Independent Living Systems",
      "short_name": "independentliving",
      "mdm_id": "50929078",
      "sftp_test": "sftp://@cert.mftgateway.changehealthcare.com",
      "sftp_preprod": "sftp://@cert.mftgateway.changehealthcare.com",
      "sftp_prod": "sftp://@mftgateway.changehealthcare.com",
      "member_url": "https://cch.changehealthcare.com/independentliving",
      "member_test_url": "https://test-cch.changehealthcare.com/independentliving",
      "payer_id": "45048",
      "payer_url": "https://connectedhealth.changehealthcare.com",
      "payer_test_url": "https://test-connectedhealth.changehealthcare.com",
      "customer_type": 1,
      "customer_fhir_base": "",
      "customer_fhir_base_pharm": "",
      "customer_email_address": "",
      "customer_logo_url": "",
      "globalscape_mailbox_id": "c045048",
      "globalscape_credential": "D6$c4$B71(",
      "roster_validation_status": "",
      "eob_validation_status": "",
      "provider_validation_status": "",
      "formulary_validation_status": "",
      "clinical_validation_status": "",
      "encounters_validation_status": "",
      "created": "2021-04-22T19:32:16.000Z",
      "updated": "2021-07-27T18:27:19.000Z",
      "updated_by": "rohan.patel@changehealthcare.com"
    },
    {
      "customer_internal_id": "895CF21043C84A619470CACF72D7DB20",
      "customer_id": "3e117612-39c9-44c4-a038-c42952caec61",
      "tax_id": "860201136",
      "customer_name": "Clear Spring Health",
      "short_name": "clearspring",
      "mdm_id": "51194442",
      "sftp_test": "sftp://@cert.mftgateway.changehealthcare.com",
      "sftp_preprod": "sftp://@cert.mftgateway.changehealthcare.com",
      "sftp_prod": "sftp://@mftgateway.changehealthcare.com",
      "member_url": "http://cch.changehealthcare.com/clearspring",
      "member_test_url": "https://test-cch.changehealthcare.com/clearspring",
      "payer_id": "85468",
      "payer_url": "https://connectedhealth.changehealthcare.com",
      "payer_test_url": "https://test-connectedhealth.changehealthcare.com",
      "customer_type": 1,
      "customer_fhir_base": "",
      "customer_fhir_base_pharm": "",
      "customer_email_address": "",
      "customer_logo_url": "",
      "globalscape_mailbox_id": "PED001881",
      "globalscape_credential": "1f#C1$M2z3",
      "roster_validation_status": "",
      "eob_validation_status": "",
      "provider_validation_status": "",
      "formulary_validation_status": "",
      "clinical_validation_status": "",
      "encounters_validation_status": "",
      "created": "2021-06-09T21:04:11.000Z",
      "updated": "2021-06-29T13:27:05.000Z",
      "updated_by": "paul.olstad@changehealthcare.com"
    },
    {
      "customer_internal_id": "8B804259353A45448D9C79A2CA5830D0",
      "customer_id": "6b95a181-e4a8-4654-9953-e47b045dfbc1",
      "tax_id": "",
      "customer_name": "Physicians Health Plan Sparrow",
      "short_name": "physicianshealth",
      "mdm_id": "50314727",
      "sftp_test": "",
      "sftp_preprod": "",
      "sftp_prod": "",
      "member_url": "https://cch.changehealthcare.com/physicianshealth",
      "member_test_url": "https://test-cch.changehealthcare.com/physicianshealth",
      "payer_id": "",
      "payer_url": "",
      "payer_test_url": "",
      "customer_type": 1,
      "customer_fhir_base": "test",
      "customer_fhir_base_pharm": "",
      "customer_email_address": "",
      "customer_logo_url": "",
      "globalscape_mailbox_id": "PED001729",
      "globalscape_credential": "",
      "roster_validation_status": "",
      "eob_validation_status": "",
      "provider_validation_status": "",
      "formulary_validation_status": "",
      "clinical_validation_status": "",
      "encounters_validation_status": "",
      "created": "2021-03-15T17:37:13.000Z",
      "updated": "2021-04-21T23:00:34.000Z",
      "updated_by": "rohan.patel@changehealthcare.com"
    },
    {
      "customer_internal_id": "8CD1A590350B47E69BF44247AF189DCB",
      "customer_id": "4477d62d-e20e-4f90-9fad-12e5c757d0aa",
      "tax_id": "742930226",
      "customer_name": "El Paso Health",
      "short_name": "elpaso",
      "mdm_id": "50026100",
      "sftp_test": "sftp://@cert.mftgateway.changehealthcare.com",
      "sftp_preprod": "sftp://@cert.mftgateway.changehealthcare.com",
      "sftp_prod": "sftp://@mftgateway.changehealthcare.com",
      "member_url": "http://cch.changehealthcare.com/elpaso",
      "member_test_url": "https://test-cch.changehealthcare.com/elpaso",
      "payer_id": "",
      "payer_url": "https://connectedhealth.changehealthcare.com",
      "payer_test_url": "https://test-connectedhealth.changehealthcare.com",
      "customer_type": 1,
      "customer_fhir_base": "",
      "customer_fhir_base_pharm": "",
      "customer_email_address": "",
      "customer_logo_url": "",
      "globalscape_mailbox_id": "PED001886",
      "globalscape_credential": "e6^%$1E3m5",
      "roster_validation_status": "",
      "eob_validation_status": "",
      "provider_validation_status": "",
      "formulary_validation_status": "",
      "clinical_validation_status": "",
      "encounters_validation_status": "",
      "created": "2021-06-17T21:17:26.000Z",
      "updated": "2021-07-27T17:52:17.000Z",
      "updated_by": "rohan.patel@changehealthcare.com"
    },
    {
      "customer_internal_id": "8E661FD116044898B4232A44BAE5AE23",
      "customer_id": "dac2a167-77f8-4aba-991a-743829e69f70",
      "tax_id": "273142522",
      "customer_name": "Global Health",
      "short_name": "globalhealth",
      "mdm_id": "50041395",
      "sftp_test": "sftp://@cert.mftgateway.changehealthcare.com",
      "sftp_preprod": "sftp://@cert.mftgateway.changehealthcare.com",
      "sftp_prod": "sftp://@mftgateway.changehealthcare.com",
      "member_url": "https://cch.changehealthcare.com/globalhealth",
      "member_test_url": "https://test-cch.changehealthcare.com/globalhealth",
      "payer_id": "GHOKC",
      "payer_url": "https://connectedhealth.changehealthcare.com",
      "payer_test_url": "https://test-connectedhealth.changehealthcare.com",
      "customer_type": 1,
      "customer_fhir_base": "test",
      "customer_fhir_base_pharm": "",
      "customer_email_address": "",
      "customer_logo_url": "logourl.url",
      "globalscape_mailbox_id": "c0ghokc",
      "globalscape_credential": "",
      "roster_validation_status": "",
      "eob_validation_status": "",
      "provider_validation_status": "",
      "formulary_validation_status": "",
      "clinical_validation_status": "",
      "encounters_validation_status": "",
      "created": "2021-03-03T20:02:44.000Z",
      "updated": "2021-07-27T18:15:44.000Z",
      "updated_by": "rohan.patel@changehealthcare.com"
    },
    {
      "customer_internal_id": "8FE3FDF60C1A4FA09C6FB2D38D27BB08",
      "customer_id": "06457a8f-ead2-4e54-bc83-bf3fde2d930b",
      "tax_id": "472847536",
      "customer_name": "Care N Care of North Carolina DBA Healthteam Advantage",
      "short_name": "healthteamadvantage",
      "mdm_id": "50261922",
      "sftp_test": "sftp://@cert.mftgateway.changehealthcare.com",
      "sftp_preprod": "sftp://@cert.mftgateway.changehealthcare.com",
      "sftp_prod": "sftp://@mftgateway.changehealthcare.com",
      "member_url": "https://cch.changehealthcare.com/healthteamadvantage",
      "member_test_url": "https://test-cch.changehealthcare.com/healthteamadvantage",
      "payer_id": "66010",
      "payer_url": "https://connectedhealth.changehealthcare.com",
      "payer_test_url": "https://test-connectedhealth.changehealthcare.com",
      "customer_type": 1,
      "customer_fhir_base": "test",
      "customer_fhir_base_pharm": "",
      "customer_email_address": "",
      "customer_logo_url": "",
      "globalscape_mailbox_id": "PED001781",
      "globalscape_credential": "4e<`]?34B2",
      "roster_validation_status": "",
      "eob_validation_status": "",
      "provider_validation_status": "",
      "formulary_validation_status": "",
      "clinical_validation_status": "",
      "encounters_validation_status": "",
      "created": "2021-04-08T04:32:47.000Z",
      "updated": "2021-06-25T15:49:23.000Z",
      "updated_by": "rohan.patel@changehealthcare.com"
    },
    {
      "customer_internal_id": "910FF74C3B22431098D672DB25FC61B0",
      "customer_id": "8f52868d-f9c4-457a-8170-15e827fd37cc",
      "tax_id": "201336412",
      "customer_name": "Optimum Healthcare",
      "short_name": "optimum",
      "mdm_id": "50262019",
      "sftp_test": "sftp://@cert.mftgateway.changehealthcare.com",
      "sftp_preprod": "sftp://@cert.mftgateway.changehealthcare.com",
      "sftp_prod": "sftp://@mftgateway.changehealthcare.com",
      "member_url": "https://cch.changehealthcare.com/optimum",
      "member_test_url": "https://test-cch.changehealthcare.com/optimum",
      "payer_id": "20133",
      "payer_url": "https://connectedhealth.changehealthcare.com",
      "payer_test_url": "https://test-connectedhealth.changehealthcare.com",
      "customer_type": 1,
      "customer_fhir_base": "test",
      "customer_fhir_base_pharm": "",
      "customer_email_address": "",
      "customer_logo_url": "",
      "globalscape_mailbox_id": "PED001822",
      "globalscape_credential": "jT11h^#H}2",
      "roster_validation_status": "",
      "eob_validation_status": "",
      "provider_validation_status": "",
      "formulary_validation_status": "",
      "clinical_validation_status": "",
      "encounters_validation_status": "",
      "created": "2021-04-08T12:26:16.000Z",
      "updated": "2021-07-27T20:24:29.000Z",
      "updated_by": "rohan.patel@changehealthcare.com"
    },
    {
      "customer_internal_id": "9C51A8B521634DD8B0E2F3A8C192251F",
      "customer_id": "d42e87d2-9bd0-4d5d-bda3-974acf1703f2",
      "tax_id": "954518790",
      "customer_name": "LA Care",
      "short_name": "lacare",
      "mdm_id": "50018257",
      "sftp_test": "sftp://@cert.mftgateway.changehealthcare.com",
      "sftp_preprod": "sftp://@cert.mftgateway.changehealthcare.com",
      "sftp_prod": "sftp://@mftgateway.changehealthcare.com",
      "member_url": "https://cch.changehealthcare.com/lacare",
      "member_test_url": "https://test-cch.changehealthcare.com/lacare",
      "payer_id": "LACAR",
      "payer_url": "https://connectedhealth.changehealthcare.com",
      "payer_test_url": "https://test-connectedhealth.changehealthcare.com",
      "customer_type": 1,
      "customer_fhir_base": "",
      "customer_fhir_base_pharm": "",
      "customer_email_address": "",
      "customer_logo_url": "",
      "globalscape_mailbox_id": "PED001853",
      "globalscape_credential": "7)cB#(2]9i",
      "roster_validation_status": "",
      "eob_validation_status": "",
      "provider_validation_status": "",
      "formulary_validation_status": "",
      "clinical_validation_status": "",
      "encounters_validation_status": "",
      "created": "2021-05-04T13:47:52.000Z",
      "updated": "2021-07-27T18:41:05.000Z",
      "updated_by": "rohan.patel@changehealthcare.com"
    },
    {
      "customer_internal_id": "9E9CE8B93DE54BA89844A91A0E9A3893",
      "customer_id": "930ea2d7-572c-4023-abe8-0636c099dbd6",
      "tax_id": "",
      "customer_name": "Alden",
      "short_name": "alden",
      "mdm_id": "1111111",
      "sftp_test": "sftp://@cert.mftgateway.changehealthcare.com",
      "sftp_preprod": "sftp://@cert.mftgateway.changehealthcare.com",
      "sftp_prod": "sftp://@cert.mftgateway.changehealthcare.com",
      "member_url": "https://cch.changehealthcare.com/alden",
      "member_test_url": "https://test-cch.changehealthcare.com/alden",
      "payer_id": "1234",
      "payer_url": "https://cch.changehealthcare.com",
      "payer_test_url": "https://test-cch.changehealthcare.com",
      "customer_type": 1,
      "customer_fhir_base": "test",
      "customer_fhir_base_pharm": "",
      "customer_email_address": "enroll.connectedhealth@changehealthcare.com",
      "customer_logo_url": "https://www.changehealthcare.com/content/dam/change-healthcare/brand_core_content/logos/change_healthcare/change-healthcare-logo-2020-tagline-web.png",
      "globalscape_mailbox_id": "",
      "globalscape_credential": "",
      "roster_validation_status": "Accepted  with Errors",
      "eob_validation_status": "",
      "provider_validation_status": "",
      "formulary_validation_status": "Accepted",
      "clinical_validation_status": "",
      "encounters_validation_status": "",
      "created": "2020-12-28T19:32:45.000Z",
      "updated": "2021-07-27T16:14:57.000Z",
      "updated_by": "rohan.patel@changehealthcare.com"
    },
    {
      "customer_internal_id": "A260699EC3574AD5AC1CBF23479D9BC3",
      "customer_id": "5fb0206b-21c8-4f5a-abd7-e9faa1a1284b",
      "tax_id": "",
      "customer_name": "Evolent Health",
      "short_name": "evolent",
      "mdm_id": "50023265",
      "sftp_test": "sftp://@cert.mftgateway.changehealthcare.com",
      "sftp_preprod": "sftp://@cert.mftgateway.changehealthcare.com",
      "sftp_prod": "sftp://@mftgateway.changehealthcare.com",
      "member_url": "https://cch.changehealthcare.com/evolent",
      "member_test_url": "https://test-cch.changehealthcare.com/evolent",
      "payer_id": "",
      "payer_url": "https://connectedhealth.changehealthcare.com",
      "payer_test_url": "https://test-connectedhealth.changehealthcare.com",
      "customer_type": 1,
      "customer_fhir_base": "TEST",
      "customer_fhir_base_pharm": "",
      "customer_email_address": "enroll.connectedhealth@changehealthcare.com",
      "customer_logo_url": "https://www.changehealthcare.com/content/dam/change-healthcare/brand_core_content/logos/change_healthcare/change-healthcare-logo-2020-tagline-web.png",
      "globalscape_mailbox_id": "",
      "globalscape_credential": "",
      "roster_validation_status": "",
      "eob_validation_status": "",
      "provider_validation_status": "",
      "formulary_validation_status": "",
      "clinical_validation_status": "",
      "encounters_validation_status": "",
      "created": "2020-12-16T22:12:11.000Z",
      "updated": "2021-07-27T17:57:20.000Z",
      "updated_by": "rohan.patel@changehealthcare.com"
    },
    {
      "customer_internal_id": "A40F1A3474AA4F0AA1E43B185845F47C",
      "customer_id": "9504eff8-1f6a-4f39-a83f-533f67d51e44",
      "tax_id": "453309488",
      "customer_name": "COMMON GROUND HEALTHCARE COOPERATIVE",
      "short_name": "commonground",
      "mdm_id": "50261481",
      "sftp_test": "sftp://@cert.mftgateway.changehealthcare.com",
      "sftp_preprod": "sftp://@cert.mftgateway.changehealthcare.com",
      "sftp_prod": "sftp://@mftgateway.changehealthcare.com",
      "member_url": "https://cch.changehealthcare.com/commonground",
      "member_test_url": "https://test-cch.changehealthcare.com/commonground",
      "payer_id": "77170",
      "payer_url": "https://connectedhealth.changehealthcare.com",
      "payer_test_url": "https://test-connectedhealth.changehealthcare.com",
      "customer_type": 1,
      "customer_fhir_base": "test",
      "customer_fhir_base_pharm": "",
      "customer_email_address": "",
      "customer_logo_url": "",
      "globalscape_mailbox_id": "PED001724",
      "globalscape_credential": "7N2J|c?x",
      "roster_validation_status": "",
      "eob_validation_status": "",
      "provider_validation_status": "",
      "formulary_validation_status": "",
      "clinical_validation_status": "",
      "encounters_validation_status": "",
      "created": "2021-03-11T21:33:10.000Z",
      "updated": "2021-07-27T17:32:35.000Z",
      "updated_by": "rohan.patel@changehealthcare.com"
    },
    {
      "customer_internal_id": "AEAF65262D484497B92D8ACD643C5A6D",
      "customer_id": "1234-2345-345678-345345345",
      "tax_id": "",
      "customer_name": "Paul Olstad Insurances",
      "short_name": "paulins",
      "mdm_id": "85332467AA",
      "sftp_test": "",
      "sftp_preprod": "",
      "sftp_prod": "",
      "member_url": "",
      "member_test_url": "",
      "payer_id": "",
      "payer_url": "",
      "payer_test_url": "",
      "customer_type": 1,
      "customer_fhir_base": "test",
      "customer_fhir_base_pharm": "",
      "customer_email_address": "",
      "customer_logo_url": "",
      "globalscape_mailbox_id": "",
      "globalscape_credential": "",
      "roster_validation_status": "",
      "eob_validation_status": "",
      "provider_validation_status": "",
      "formulary_validation_status": "",
      "clinical_validation_status": "",
      "encounters_validation_status": "",
      "created": "2021-01-11T20:23:18.000Z",
      "updated": "2021-04-15T20:54:26.000Z",
      "updated_by": "jack.shi@changehealthcare.com"
    },
    {
      "customer_internal_id": "B1D1C81D22B711EB83A6124E422C9EF1",
      "customer_id": "b1d1c84e-22b7-11eb-83a6-124e422c9ef1",
      "tax_id": "",
      "customer_name": "Slalom",
      "short_name": "slalom",
      "mdm_id": "1223334444",
      "sftp_test": "sftp://@cert.mftgateway.changehealthcare.com",
      "sftp_preprod": "sftp://@cert.mftgateway.changehealthcare.com",
      "sftp_prod": "sftp://@cert.mftgateway.changehealthcare.com",
      "member_url": "https://cch.changehealthcare.com/slalom",
      "member_test_url": "https://test-cch.changehealthcare.com/slalom",
      "payer_id": "",
      "payer_url": "",
      "payer_test_url": "",
      "customer_type": 1,
      "customer_fhir_base": "test",
      "customer_fhir_base_pharm": "",
      "customer_email_address": "enroll.connectedhealth@changehealthcare.com",
      "customer_logo_url": "https://www.changehealthcare.com/content/dam/change-healthcare/brand_core_content/logos/change_healthcare/change-healthcare-logo-2020-tagline-web.png",
      "globalscape_mailbox_id": "",
      "globalscape_credential": "",
      "roster_validation_status": "",
      "eob_validation_status": "",
      "provider_validation_status": "",
      "formulary_validation_status": "",
      "clinical_validation_status": "",
      "encounters_validation_status": "",
      "created": "2020-11-09T18:16:32.000Z",
      "updated": "2021-06-04T01:41:16.000Z",
      "updated_by": "paul.olstad@changehealthcare.com"
    },
    {
      "customer_internal_id": "BB553EF425D311EB83A6124E422C9EF1",
      "customer_id": "dd3f0fbd-b2b3-449e-8823-322e200e1f7a",
      "tax_id": "341488123",
      "customer_name": "AultCare",
      "short_name": "aultcare",
      "mdm_id": "50019086",
      "sftp_test": "sftp://@cert.mftgateway.changehealthcare.com",
      "sftp_preprod": "sftp://@cert.mftgateway.changehealthcare.com",
      "sftp_prod": "sftp://@mftgateway.changehealthcare.com",
      "member_url": "https://cch.changehealthcare.com/aultcare",
      "member_test_url": "https://test-cch.changehealthcare.com/aultcare",
      "payer_id": "34148",
      "payer_url": "https://connectedhealth.changehealthcare.com",
      "payer_test_url": "https://test-connectedhealth.changehealthcare.com",
      "customer_type": 1,
      "customer_fhir_base": "test",
      "customer_fhir_base_pharm": "",
      "customer_email_address": "enroll.connectedhealth@changehealthcare.com",
      "customer_logo_url": "https://info.changehealthcare.com/logos-repository/_jcr_content/root/main-par/image_275330646.coreimg.82.1440.png/1606873940304/aultcare-logo-reg-200x200.png",
      "globalscape_mailbox_id": "PED001648",
      "globalscape_credential": "GcW84u({",
      "roster_validation_status": "",
      "eob_validation_status": "",
      "provider_validation_status": "",
      "formulary_validation_status": "",
      "clinical_validation_status": "",
      "encounters_validation_status": "",
      "created": "2020-11-13T17:14:47.000Z",
      "updated": "2021-07-27T17:25:51.000Z",
      "updated_by": "rohan.patel@changehealthcare.com"
    },
    {
      "customer_internal_id": "C0A00B2D2CB5499791FA2FBD9843CAA5",
      "customer_id": "666f148644fc4c93b8147572afcee0e9",
      "tax_id": "",
      "customer_name": "San Insurance Software Developers",
      "short_name": "Acme",
      "mdm_id": "666666",
      "sftp_test": "",
      "sftp_preprod": "",
      "sftp_prod": "",
      "member_url": "https://cch.changehealthcare.com/san",
      "member_test_url": "https://test-cch.changehealthcare.com/san",
      "payer_id": "",
      "payer_url": "https://cch.changehealthcare.com",
      "payer_test_url": "https://test-cch.changehealthcare.com",
      "customer_type": 1,
      "customer_fhir_base": "test",
      "customer_fhir_base_pharm": "",
      "customer_email_address": "",
      "customer_logo_url": "",
      "globalscape_mailbox_id": "",
      "globalscape_credential": "",
      "roster_validation_status": "Accepted  with Errors",
      "eob_validation_status": "",
      "provider_validation_status": "",
      "formulary_validation_status": "Rejected",
      "clinical_validation_status": "",
      "encounters_validation_status": "",
      "created": "2021-03-12T01:21:44.000Z",
      "updated": "2021-04-15T20:55:51.000Z",
      "updated_by": "jack.shi@changehealthcare.com"
    },
    {
      "customer_internal_id": "D3702503B00640AAA142392AD0B276DC",
      "customer_id": "9fb77454-8c58-4345-aa50-43f133e06d20",
      "tax_id": "",
      "customer_name": "Change Healthcare",
      "short_name": "changehealthcare",
      "mdm_id": "XXXXXXXX",
      "sftp_test": "sftp://@test.mftgateway.changehealthcare.com",
      "sftp_preprod": "sftp://@cert.mftgateway.changehealthcare.com",
      "sftp_prod": "sftp://@mftgateway.changehealthcare.com",
      "member_url": "https://cch.changehealthcare.com/changehealthcare",
      "member_test_url": "https://test-cch.changehealthcare.com/changehealthcare",
      "payer_id": "",
      "payer_url": "",
      "payer_test_url": "",
      "customer_type": null,
      "customer_fhir_base": "",
      "customer_fhir_base_pharm": "",
      "customer_email_address": "",
      "customer_logo_url": "",
      "globalscape_mailbox_id": "",
      "globalscape_credential": "",
      "roster_validation_status": "",
      "eob_validation_status": "",
      "provider_validation_status": "",
      "formulary_validation_status": "",
      "clinical_validation_status": "",
      "encounters_validation_status": "",
      "created": "2021-06-22T14:00:35.000Z",
      "updated": "2021-06-22T14:00:35.000Z",
      "updated_by": "aldenmarketing@mailinator.com"
    },
    {
      "customer_internal_id": "D697A4D7543C4700A70C5A55EFE01DD3",
      "customer_id": "50cb6fab-c6f5-4093-8a8f-e7b437f684ef",
      "tax_id": "015214976",
      "customer_name": "Cox Health Plan",
      "short_name": "coxhealth",
      "mdm_id": "50055808",
      "sftp_test": "sftp://@cert.mftgateway.changehealthcare.com",
      "sftp_preprod": "sftp://@cert.mftgateway.changehealthcare.com",
      "sftp_prod": "sftp://@mftgateway.changehealthcare.com",
      "member_url": "https://cch.changehealthcare.com/coxhealth",
      "member_test_url": "https://test-cch.changehealthcare.com/coxhealth",
      "payer_id": "19000",
      "payer_url": "https://connectedhealth.changehealthcare.com",
      "payer_test_url": "https://test-connectedhealth.changehealthcare.com",
      "customer_type": 1,
      "customer_fhir_base": "test",
      "customer_fhir_base_pharm": "",
      "customer_email_address": "",
      "customer_logo_url": "",
      "globalscape_mailbox_id": "PED001675",
      "globalscape_credential": "",
      "roster_validation_status": "",
      "eob_validation_status": "",
      "provider_validation_status": "",
      "formulary_validation_status": "",
      "clinical_validation_status": "",
      "encounters_validation_status": "",
      "created": "2021-02-10T13:29:45.000Z",
      "updated": "2021-06-25T16:21:36.000Z",
      "updated_by": "rohan.patel@changehealthcare.com"
    },
    {
      "customer_internal_id": "D9062EE4542E40319AEFBDBE660DF7E4",
      "customer_id": "a1a3b91e-0ff2-4382-b4fa-0237830825c8",
      "tax_id": "550585592",
      "customer_name": "The Health Plan of West VA",
      "short_name": "healthplan",
      "mdm_id": "50015229",
      "sftp_test": "sftp://@cert.mftgateway.changehealthcare.com",
      "sftp_preprod": "sftp://@cert.mftgateway.changehealthcare.com",
      "sftp_prod": "sftp://@mftgateway.changehealthcare.com",
      "member_url": "https://cch.changehealthcare.com/healthplan",
      "member_test_url": "https://test-cch.changehealthcare.com/healthplan",
      "payer_id": "34150",
      "payer_url": "https://connectedhealth.changehealthcare.com",
      "payer_test_url": "https://test-connectedhealth.changehealthcare.com",
      "customer_type": 1,
      "customer_fhir_base": "",
      "customer_fhir_base_pharm": "",
      "customer_email_address": "enroll.connectedhealth@changehealthcare.com",
      "customer_logo_url": "https://www.changehealthcare.com/content/dam/change-healthcare/brand_core_content/logos/change_healthcare/change-healthcare-logo-2020-tagline-web.png",
      "globalscape_mailbox_id": "PED001720",
      "globalscape_credential": "5cP#q]8P",
      "roster_validation_status": "",
      "eob_validation_status": "",
      "provider_validation_status": "",
      "formulary_validation_status": "",
      "clinical_validation_status": "",
      "encounters_validation_status": "",
      "created": "2020-12-27T23:05:19.000Z",
      "updated": "2021-06-09T17:58:13.000Z",
      "updated_by": "rohan.patel@changehealthcare.com"
    },
    {
      "customer_internal_id": "D917EFECF68A4ED6B06135FF41C3EF05",
      "customer_id": "a64947a0-6efc-4145-a2e7-45103943650f",
      "tax_id": "880231433",
      "customer_name": "Hometown Health Plan",
      "short_name": "hometown",
      "mdm_id": "50262731",
      "sftp_test": "sftp://@cert.mftgateway.changehealthcare.com",
      "sftp_preprod": "sftp://@cert.mftgateway.changehealthcare.com",
      "sftp_prod": "sftp://@mftgateway.changehealthcare.com",
      "member_url": "https://cch.changehealthcare.com/hometown",
      "member_test_url": "https://test-cch.changehealthcare.com/hometown",
      "payer_id": "34150",
      "payer_url": "https://connectedhealth.changehealthcare.com",
      "payer_test_url": "https://test-connectedhealth.changehealthcare.com",
      "customer_type": 1,
      "customer_fhir_base": "test",
      "customer_fhir_base_pharm": "",
      "customer_email_address": "",
      "customer_logo_url": "",
      "globalscape_mailbox_id": "PED001731",
      "globalscape_credential": "n^4Ht8O$",
      "roster_validation_status": "",
      "eob_validation_status": "",
      "provider_validation_status": "",
      "formulary_validation_status": "",
      "clinical_validation_status": "",
      "encounters_validation_status": "",
      "created": "2021-04-08T04:23:43.000Z",
      "updated": "2021-06-24T17:50:35.000Z",
      "updated_by": "rohan.patel@changehealthcare.com"
    },
    {
      "customer_internal_id": "E31BC5F26FCD4604A7B5E537D90807C3",
      "customer_id": "3444c3bb-937d-4d9d-9f19-71ffc492c8ec",
      "tax_id": "237442369",
      "customer_name": "Fallon Health",
      "short_name": "fallon",
      "mdm_id": "50014533",
      "sftp_test": "sftp://@cert.mftgateway.changehealthcare.com",
      "sftp_preprod": "sftp://@cert.mftgateway.changehealthcare.com",
      "sftp_prod": "sftp://@mftgateway.changehealthcare.com",
      "member_url": "https://cch.changehealthcare.com/fallon",
      "member_test_url": "https://test-cch.changehealthcare.com/fallon",
      "payer_id": "22254",
      "payer_url": "https://connectedhealth.changehealthcare.com",
      "payer_test_url": "https://test-connectedhealth.changehealthcare.com",
      "customer_type": 1,
      "customer_fhir_base": "TEST",
      "customer_fhir_base_pharm": "",
      "customer_email_address": "enroll.connectedhealth@changehealthcare.com",
      "customer_logo_url": "https://www.changehealthcare.com/content/dam/change-healthcare/brand_core_content/logos/change_healthcare/change-healthcare-logo-2020-tagline-web.png",
      "globalscape_mailbox_id": "PED001701",
      "globalscape_credential": "ROo]?i71",
      "roster_validation_status": "",
      "eob_validation_status": "",
      "provider_validation_status": "",
      "formulary_validation_status": "",
      "clinical_validation_status": "",
      "encounters_validation_status": "",
      "created": "2020-12-17T20:13:40.000Z",
      "updated": "2021-07-27T17:59:09.000Z",
      "updated_by": "rohan.patel@changehealthcare.com"
    },
    {
      "customer_internal_id": "ECA9417B2B8E4E61AB9C125B9CA45AD5",
      "customer_id": "ad72bfab-0526-4502-ba4c-765537d90fa9",
      "tax_id": "201106426",
      "customer_name": "Mary Washington Health  Plans",
      "short_name": "marywashington",
      "mdm_id": "50017619",
      "sftp_test": "sftp://@cert.mftgateway.changehealthcare.com",
      "sftp_preprod": "sftp://@cert.mftgateway.changehealthcare.com",
      "sftp_prod": "sftp://@mftgateway.changehealthcare.com",
      "member_url": "https://cch.changehealthcare.com/marywashington",
      "member_test_url": "https://test-cch.changehealthcare.com/marywashington",
      "payer_id": "83269",
      "payer_url": "https://connectedhealth.changehealthcare.com/",
      "payer_test_url": "https://test-connectedhealth.changehealthcare.com/",
      "customer_type": 1,
      "customer_fhir_base": "test",
      "customer_fhir_base_pharm": "",
      "customer_email_address": "",
      "customer_logo_url": "",
      "globalscape_mailbox_id": "PED001778",
      "globalscape_credential": "65ID&[15(d",
      "roster_validation_status": "",
      "eob_validation_status": "",
      "provider_validation_status": "",
      "formulary_validation_status": "",
      "clinical_validation_status": "",
      "encounters_validation_status": "",
      "created": "2021-03-03T19:07:47.000Z",
      "updated": "2021-07-27T18:52:02.000Z",
      "updated_by": "rohan.patel@changehealthcare.com"
    },
    {
      "customer_internal_id": "F04E372145E54A2E9734E701769BE14C",
      "customer_id": "3d85680f-04ee-49df-bb0b-22efbaf93d8f",
      "tax_id": "223476498",
      "customer_name": "Maryland Physicians Care",
      "short_name": "marylandphysicians",
      "mdm_id": "50261720",
      "sftp_test": "sftp://@cert.mftgateway.changehealthcare.com",
      "sftp_preprod": "sftp://@cert.mftgateway.changehealthcare.com",
      "sftp_prod": "sftp://@mftgateway.changehealthcare.com",
      "member_url": "https://cch.changehealthcare.com/marylandphysicians",
      "member_test_url": "https://test-cch.changehealthcare.com/marylandphysicians",
      "payer_id": "76498",
      "payer_url": "https://connectedhealth.changehealthcare.com",
      "payer_test_url": "https://test-connectedhealth.changehealthcare.com",
      "customer_type": 1,
      "customer_fhir_base": "",
      "customer_fhir_base_pharm": "",
      "customer_email_address": "",
      "customer_logo_url": "",
      "globalscape_mailbox_id": "c076498",
      "globalscape_credential": "x?26M2c_8@",
      "roster_validation_status": "",
      "eob_validation_status": "",
      "provider_validation_status": "",
      "formulary_validation_status": "",
      "clinical_validation_status": "",
      "encounters_validation_status": "",
      "created": "2021-05-11T15:25:35.000Z",
      "updated": "2021-07-27T19:55:19.000Z",
      "updated_by": "rohan.patel@changehealthcare.com"
    },
    {
      "customer_internal_id": "F4CF82752C544E108FE64A1B768A7529",
      "customer_id": "f5601197-bf5d-4eb7-8cd3-129ba0027ebc",
      "tax_id": "391328331",
      "customer_name": "Aspirus Health",
      "short_name": "aspirus",
      "mdm_id": "50000281",
      "sftp_test": "sftp://@cert.mftgateway.changehealthcare.com",
      "sftp_preprod": "sftp://@cert.mftgateway.changehealthcare.com",
      "sftp_prod": "sftp://@mftgateway.changehealthcare.com",
      "member_url": "https://cch.changehealthcare.com/aspirus",
      "member_test_url": "https://test-cch.changehealthcare.com/aspirus",
      "payer_id": "36483",
      "payer_url": "https://connectedhealth.changehealthcare.com",
      "payer_test_url": "https://test-connectedhealth.changehealthcare.com",
      "customer_type": 1,
      "customer_fhir_base": "",
      "customer_fhir_base_pharm": "",
      "customer_email_address": "",
      "customer_logo_url": "",
      "globalscape_mailbox_id": "PED001880",
      "globalscape_credential": "pC&e81%1B1",
      "roster_validation_status": "",
      "eob_validation_status": "",
      "provider_validation_status": "",
      "formulary_validation_status": "",
      "clinical_validation_status": "",
      "encounters_validation_status": "",
      "created": "2021-06-09T16:50:20.000Z",
      "updated": "2021-07-27T17:20:41.000Z",
      "updated_by": "rohan.patel@changehealthcare.com"
    },
    {
      "customer_internal_id": "F64158E7883E4950BB2314A6A52EC54F",
      "customer_id": "076818e0-7468-4e93-b827-1b6272a329b6",
      "tax_id": "760486264",
      "customer_name": "Texas Children Health Plan",
      "short_name": "texaschildrens",
      "mdm_id": "50262710",
      "sftp_test": "sftp://@cert.mftgateway.changehealthcare.com",
      "sftp_preprod": "sftp://@cert.mftgateway.changehealthcare.com",
      "sftp_prod": "sftp://@mftgateway.changehealthcare.com",
      "member_url": "https://cch.changehealthcare.com/texaschildrens",
      "member_test_url": "https://test-cch.changehealthcare.com/texaschildrens",
      "payer_id": "76048",
      "payer_url": "https://connectedhealth.changehealthcare.com",
      "payer_test_url": "https://test-connectedhealth.changehealthcare.com",
      "customer_type": 1,
      "customer_fhir_base": "",
      "customer_fhir_base_pharm": "",
      "customer_email_address": "enroll.connectedhealth@changehealthcare.com",
      "customer_logo_url": "https://www.changehealthcare.com/content/dam/change-healthcare/brand_core_content/logos/change_healthcare/change-healthcare-logo-2020-tagline-web.png",
      "globalscape_mailbox_id": "PED001719",
      "globalscape_credential": "a+1zP1Y(",
      "roster_validation_status": "",
      "eob_validation_status": "",
      "provider_validation_status": "",
      "formulary_validation_status": "",
      "clinical_validation_status": "",
      "encounters_validation_status": "",
      "created": "2020-12-27T22:59:17.000Z",
      "updated": "2021-06-28T18:39:35.000Z",
      "updated_by": "paul-tc@mailinator.com"
    },
    {
      "customer_internal_id": "F8D39E90073F4E0B90B87E697C2B7C66",
      "customer_id": "b5d5c6dd-3716-4e53-9f89-6332b77ba737",
      "tax_id": "364742731",
      "customer_name": "Yamhill Community Care Organization YCCO",
      "short_name": "yamhill",
      "mdm_id": "50031410",
      "sftp_test": "sftp://@cert.mftgateway.changehealthcare.com",
      "sftp_preprod": "sftp://@cert.mftgateway.changehealthcare.com",
      "sftp_prod": "sftp://@mftgateway.changehealthcare.com",
      "member_url": "http://cch.changehealthcare.com/yamhill",
      "member_test_url": "https://test-cch.changehealthcare.com/yamhill",
      "payer_id": "77946",
      "payer_url": "https://connectedhealth.changehealthcare.com",
      "payer_test_url": "https://test-connectedhealth.changehealthcare.com",
      "customer_type": 1,
      "customer_fhir_base": "",
      "customer_fhir_base_pharm": "",
      "customer_email_address": "",
      "customer_logo_url": "yamhill.url.logo",
      "globalscape_mailbox_id": "c077946",
      "globalscape_credential": "31Gh%8)N2{",
      "roster_validation_status": "",
      "eob_validation_status": "",
      "provider_validation_status": "",
      "formulary_validation_status": "",
      "clinical_validation_status": "",
      "encounters_validation_status": "",
      "created": "2021-04-26T19:31:54.000Z",
      "updated": "2021-06-09T17:44:15.000Z",
      "updated_by": "rohan.patel@changehealthcare.com"
    },
    {
      "customer_internal_id": "FF4BE0D6D861444AA8B3C6797D1DE3C7",
      "customer_id": "15e0e152-06eb-4a8f-81f3-290a0298cf2a",
      "tax_id": "412128275",
      "customer_name": "Freedom Health Plan",
      "short_name": "freedomhealth",
      "mdm_id": "50060155",
      "sftp_test": "sftp://@cert.mftgateway.changehealthcare.com",
      "sftp_preprod": "sftp://@cert.mftgateway.changehealthcare.com",
      "sftp_prod": "sftp://@mftgateway.changehealthcare.com",
      "member_url": "https://cch.changehealthcare.com/freedomhealth",
      "member_test_url": "https://test-cch.changehealthcare.com/freedomhealth",
      "payer_id": "41212",
      "payer_url": "https://connectedhealth.changehealthcare.com",
      "payer_test_url": "https://test-connectedhealth.changehealthcare.com",
      "customer_type": 1,
      "customer_fhir_base": "test",
      "customer_fhir_base_pharm": "",
      "customer_email_address": "",
      "customer_logo_url": "https://www.freedomhealth.com/sites/all/images/FH_logo.gif",
      "globalscape_mailbox_id": "PED001725",
      "globalscape_credential": "6G5#z)Bj",
      "roster_validation_status": "",
      "eob_validation_status": "",
      "provider_validation_status": "",
      "formulary_validation_status": "",
      "clinical_validation_status": "",
      "encounters_validation_status": "",
      "created": "2021-02-15T22:15:06.000Z",
      "updated": "2021-07-27T18:04:18.000Z",
      "updated_by": "rohan.patel@changehealthcare.com"
    }
  ]