{
  "data": [
    {
      "id": "L-rx_chain_costs-31254466-6993993-2250.000",
      "type": "rxExpectedCosts",
      "commonCostId": "rx_chain_costs-31254466",
      "costType": "rx_chain_cost",
      "expectedCost": 991.1,
      "dispensingFee": 1.1,
      "totalUnits": 2.25e3,
      "extendedDaySupply": false,
      "preferred": false,
      "pharmacyChainId": "6",
      "provider": {
        "id": "6993993",
        "type": "providers",
        "name": "WALGREENS",
        "locationAgnostic": false,
        "serviceLocation": {
          "id": "3006117",
          "type": "providerAddresses",
          "externalId": "",
          "address1": "226 5TH AVE N",
          "address2": "",
          "city": "NASHVILLE",
          "state": "TN",
          "zipcode": "37219",
          "latitude": 36.162216,
          "longitude": -86.779541,
          "distance": 0.2
        },
        "phoneNumber": "6152564600",
        "website": null,
        "designationPrimarySortingGroup": null,
        "forcedPreferred": false,
        "designationLabels": [],
        "designationLogos": []
      },
      "otherProviders": [
        "710680",
        "8937493",
        "7530724",
        "6994430",
        "6994423",
        "6994068",
        "7569976",
        "710687",
        "4589851",
        "6993994",
        "6994071",
        "6993995",
        "6994329",
        "6994427",
        "712356",
        "6994431",
        "6993992",
        "6994339",
        "7000444",
        "6994332",
        "6998317",
        "7000503",
        "4589858",
        "6993984",
        "714255",
        "7000280",
        "6994341",
        "7000654",
        "7000446",
        "7000903",
        "7000655",
        "747354",
        "7000892",
        "712286",
        "7000499",
        "7000370",
        "7000284",
        "6994006",
        "710544",
        "6994335",
        "6994839",
        "6986638",
        "714932",
        "7000896",
        "7102092",
        "7238566",
        "6994747",
        "6994737",
        "711129",
        "6994407",
        "7000895",
        "711762",
        "7306399",
        "6994422",
        "6994425",
        "6994740",
        "7000282",
        "7000501",
        "7001024",
        "7001025",
        "6994750",
        "8322794",
        "7000441",
        "7001030",
        "6967459",
        "7299546",
        "6994426",
        "6994748"
      ],
      "mop": null,
      "externalResponseInfo": {
        "source": "independent_health",
        "codes": null,
        "message": null,
        "explanation": null
      },
      "designationsRank": null
    },
    {
      "id": "L-rx_chain_costs-31402506-7037450-2250.000",
      "type": "rxExpectedCosts",
      "commonCostId": "rx_chain_costs-31402506",
      "costType": "rx_chain_cost",
      "expectedCost": 991.1,
      "dispensingFee": 1.1,
      "totalUnits": 2.25e3,
      "extendedDaySupply": false,
      "preferred": false,
      "pharmacyChainId": "1",
      "provider": {
        "id": "7037450",
        "type": "providers",
        "name": "CVS PHARMACY",
        "locationAgnostic": false,
        "serviceLocation": {
          "id": "3202715",
          "type": "providerAddresses",
          "externalId": "",
          "address1": "426 21ST AVE S",
          "address2": "",
          "city": "NASHVILLE",
          "state": "TN",
          "zipcode": "37203",
          "latitude": 36.145702,
          "longitude": -86.799423,
          "distance": 1.5
        },
        "phoneNumber": "6153212590",
        "website": null,
        "designationPrimarySortingGroup": null,
        "forcedPreferred": false,
        "designationLabels": [],
        "designationLogos": []
      },
      "otherProviders": [
        "7177857",
        "7036593",
        "7037124",
        "7037189",
        "7036265",
        "7037126",
        "7037133",
        "7037125",
        "7037454",
        "7309747",
        "7036594",
        "7036591",
        "4590814",
        "7037451",
        "4590750",
        "7570643",
        "4589864",
        "7037132",
        "7036276",
        "7038157",
        "7036643",
        "7040342",
        "7048416",
        "7037453",
        "7037137",
        "7036642",
        "7037136",
        "7037441",
        "7037122",
        "7036278",
        "4589853"
      ],
      "mop": null,
      "externalResponseInfo": {
        "source": "independent_health",
        "codes": null,
        "message": null,
        "explanation": null
      },
      "designationsRank": null
    }
  ],
  "offset": 0,
  "limit": 10,
  "links": {
    "first": "/rx_brands/667/dosages/1218/costs?origin=36.1590872%2C-86.7784832&distance=25&quantity=75&frequency=daily&offset=0",
    "last": "/rx_brands/667/dosages/1218/costs?origin=36.1590872%2C-86.7784832&distance=25&quantity=75&frequency=daily&offset=0",
    "prev": null,
    "next": null
  },
  "totalCount": 2
}
