{
  "data": {
    "indexName": "rxbrands",
    "hits": [
      {
        "id": 27439,
        "name": "ACAMPROSATE CALCIUM",
        "commonUses": "USES:  This medication is used along with counseling and support to help people who are alcohol dependent not drink alcohol. Acamprosate works by restoring the natural balance of chemicals in the brain (neurotransmitters).    Before starting this medication, you should no longer be drinking alcohol. Acamprosate has not been shown to work well if you are still drinking alcohol when you start taking it.",
        "genericName": "ACAMPROSATE CALCIUM"
      },
      {
        "id": 19095,
        "name": "VITAMIN C WITH ROSE HIPS",
        "commonUses": "USES:  Ascorbic acid (vitamin C) is used to prevent or treat low levels of vitamin C in people who do not get enough of the vitamin from their diets. Most people who eat a normal diet do not need extra ascorbic acid. Low levels of vitamin C can result in a condition called scurvy. Scurvy may cause symptoms such as rash, muscle weakness, joint pain, tiredness, or tooth loss.    Vitamin C plays an important role in the body. It is needed to maintain the health of skin, cartilage, teeth, bone, and blood vessels. It is also used to protect your body's cells from damage. It is known as an antioxidant.",
        "genericName": "VITAMIN C, C-1000, C-1000 WITH ROSE HIPS, VITAMIN C WITH ROSE HIPS, C-500, ASCORBIC ACID, ACEROLA C"
      },
      {
        "id": 1601,
        "name": "ASACOL HD",
        "commonUses": "USES:  This medication is used to treat a certain bowel disease (ulcerative colitis). It helps to reduce symptoms of ulcerative colitis such as diarrhea, rectal bleeding, and stomach pain. Mesalamine belongs to a class of drugs known as aminosalicylates. It works by decreasing swelling in the colon.",
        "genericName": "MESALAMINE"
      },
      {
        "id": 3037,
        "name": "CAMILA",
        "commonUses": "USES:  This medication is used to prevent pregnancy. It is often referred to as the 'mini-pill' because it does not contain any estrogen. Norethindrone (a form of progestin) is a hormone that prevents pregnancy by making vaginal fluid thicker to help prevent sperm from reaching an egg (fertilization) and changing the lining of the uterus (womb) to prevent attachment of a fertilized egg. If a fertilized egg does not attach to the uterus, it passes out of the body. This medication also stops the release of an egg (ovulation) in about half of a woman''s menstrual cycles.    While the 'mini-pill' is more effective than certain other methods of birth control (such as condoms, cervical cap, diaphragm), it is less effective than combination hormone (estrogen and progestin) birth control because it does not consistently prevent ovulation. It is usually used by women who cannot take estrogen. To reduce the risk of pregnancy, it is very important to take this medication exactly as prescribed.    Using this medication does not protect you or your partner against sexually transmitted diseases (such as HIV, gonorrhea, chlamydia).",
        "genericName": "NORETHINDRONE"
      },
      {
        "id": 121,
        "name": "ACCOLATE",
        "commonUses": "USES:  Zafirlukast is used to control and prevent symptoms (such as wheezing and shortness of breath) caused by asthma. Controlling symptoms of asthma helps you maintain your normal activities and cuts down on time lost from work or school.    This medication must be used regularly to be effective. It does not work right away and should not be used to relieve sudden asthma attacks. If an asthma attack occurs, use your quick-relief inhaler (such as albuterol, salbutamol) as prescribed.",
        "genericName": "ZAFIRLUKAST"
      },
      {
        "id": 19084,
        "name": "VITAMIN C",
        "commonUses": "USES:  Ascorbic acid (vitamin C) is used to prevent or treat low levels of vitamin C in people who do not get enough of the vitamin from their diets. Most people who eat a normal diet do not need extra ascorbic acid. Low levels of vitamin C can result in a condition called scurvy. Scurvy may cause symptoms such as rash, muscle weakness, joint pain, tiredness, or tooth loss.    Vitamin C plays an important role in the body. It is needed to maintain the health of skin, cartilage, teeth, bone, and blood vessels. It is also used to protect your body's cells from damage. It is known as an antioxidant.",
        "genericName": "VITAMIN C, C-1000, C-1000 WITH ROSE HIPS, VITAMIN C WITH ROSE HIPS, C-500, ASCORBIC ACID, ACEROLA C, VITAMIN C COUGH DROPS"
      },
      {
        "id": 1623,
        "name": "VITAMIN C",
        "commonUses": "USES:  Ascorbic acid (vitamin C) is used to prevent or treat low levels of vitamin C in people who do not get enough of the vitamin from their diets. Most people who eat a normal diet do not need extra ascorbic acid. Low levels of vitamin C can result in a condition called scurvy. Scurvy may cause symptoms such as rash, muscle weakness, joint pain, tiredness, or tooth loss.    Vitamin C plays an important role in the body. It is needed to maintain the health of skin, cartilage, teeth, bone, and blood vessels. It is also used to protect your body's cells from damage. It is known as an antioxidant.",
        "genericName": "ASCORBIC ACID, VITAMIN C, C-1000, C-1000 WITH ROSE HIPS, VITAMIN C WITH ROSE HIPS, C-500, ACEROLA C"
      }
    ],
    "query": "acamol",
    "totalHits": 7,
    "totalPages": 0,
    "type": "Search_rxbrands"
  }
}
