[

  {
    "userId": "615861c8-0cf9-11ec-b148-0a0d1d810fav",
    "humanName": {
      "family": "Smithy111",
      "given": ["Gaia111", "Middle111"],
      "prefix": null,
      "suffix": "MD",
      "fullName": "22Gaia Middle Smithy MD",
      "use": "usual",
      "period": {
        "start": null,
        "end": null
      }
    },
    "customerId": ["8d75d600-81d1-44fc-9645-137100133ed1"],
    "isMember": false,
    "delegateStartDate": null,
    "delegateEndDate": "2022-12-09T04:00:00.000-05:00"
  },
  {
    "userId": "615861c8-0cf9-11ec-b148-0a0d1d810fab",
    "humanName": {
      "family": "Smithy",
      "given": ["Gaia", "Middle"],
      "prefix": null,
      "suffix": "MD",
      "fullName": "Gaia Middle Smithy MD",
      "use": "usual",
      "period": {
        "start": null,
        "end": null
      }
    },
    "customerId": ["8d75d600-81d1-44fc-9645-137100133ed1"],
    "isMember": true,
    "delegateStartDate": null,
    "delegateEndDate":  "2022-12-09T04:00:00.000-05:00"
  },
  {
    "userId": "777861c8-0cf9-11ec-b148-0a0d1d810fab",
    "humanName": {
      "family": "Zviagin",
      "given": ["Jacob", "Putin"],
      "prefix": null,
      "suffix": "Sir",
      "fullName": "Sir Jacob Zviagin",
      "use": "usual",
      "period": {
        "start": "2020-12-09T04:00:00.000-05:00",
        "end": null
      }
    },
    "customerId": ["7775d600-81d1-44fc-9645-137100133ed1"],
    "isMember": false,
    "delegateStartDate": "2020-12-09T04:00:00.000-05:00",
    "delegateEndDate":  null
  },
  {
    "userId": "778861c8-0cf9-11ec-b148-0a0d1d810fab",
    "humanName": {
      "family": "Putin",
      "given": ["Jacob", "Putin"],
      "prefix": null,
      "suffix": "Sir",
      "fullName": "Vova putin",
      "use": "usual",
      "period": {
        "start": "2021-12-15T04:00:00.000-05:00",
        "end": null
      }
    },
    "customerId": ["7775d600-81d1-44fc-9645-137100133ed1"],
    "isMember": false,
    "delegateStartDate": "2021-12-11T04:00:00.000-05:00",
    "delegateEndDate":  "2020-12-09T04:00:00.000-05:00"
  },
  {
    "userId": "779861c8-0cf9-11ec-b148-0a0d1d810fab",
    "humanName": {
      "family": "Putin",
      "given": ["Jacob", "Putin"],
      "prefix": null,
      "suffix": "Sir",
      "fullName": "Cool Kadaffi",
      "use": "usual",
      "period": {
        "start": null,
        "end": "2021-12-15T04:00:00.000-05:00"
      }
    },
    "customerId": ["7775d600-81d1-44fc-9645-137100133ed1"],
    "isMember": false,
    "delegateStartDate": null,
    "delegateEndDate": "2021-12-11T04:00:00.000-05:00"
  },
  {
    "userId": "780861c8-0cf9-11ec-b148-0a0d1d810fab",
    "humanName": {
      "family": "Putin",
      "given": ["Jacob", "Putin"],
      "prefix": "mr",
      "suffix": "Sir",
      "fullName": null,
      "use": "usual",
      "period": {
        "start": null,
        "end": "2021-12-15T04:00:00.000-05:00"
      }
    },
    "customerId": ["7775d600-81d1-44fc-9645-137100133ed1"],
    "isMember": false,
    "delegateStartDate": null,
    "delegateEndDate": "2022-12-19T04:00:00.000-05:00"
  }
]
