{
  "data": [
    {
      "id": "6521448",
      "type": "providerAddresses",
      "addressType": "match_only",
      "address1": null,
      "address2": null,
      "city": null,
      "state": "TN",
      "zipcode": "37203",
      "latitude": 36.150398,
      "longitude": -86.791603
    },
    {
      "id": "7168079",
      "type": "providerAddresses",
      "addressType": "match_only",
      "address1": "PO Box 305172",
      "address2": null,
      "city": "Nashville",
      "state": "TN",
      "zipcode": "37230",
      "latitude": 36.1866,
      "longitude": -86.785202
    },
    {
      "id": "2402232",
      "type": "providerAddresses",
      "addressType": "service_location",
      "address1": "2011 MURPHY AVE",
      "address2": "SUITE 301",
      "city": "NASHVILLE",
      "state": "TN",
      "zipcode": "37203",
      "latitude": 36.150406,
      "longitude": -86.791595
    }
  ]
}
