{
  "data": {
    "indexName": "rxbrands",
    "hits": [
      {
        "id": 1713,
        "name": "ASTHMAMENTOR",
        "commonUses": null,
        "genericName": "ASTHMA CHECK, MICROLIFE PEAK FLOW, IN-CHECK NASAL WITH MASK, POCKET PEAK, TRUZONE PEAK FLOW METER, ASSESS, ASTHMAMENTOR, PEAK-AIR, IN-CHECK ORAL, PIKO 1, AIRZONE PEAK FLOW METER, MINI-WRIGHT PEAK FLOW METER, PERSONAL BEST"
      },
      {
        "id": 1664,
        "name": "ASSESS",
        "commonUses": null,
        "genericName": "ASTHMA CHECK, MICROLIFE PEAK FLOW, IN-CHECK NASAL WITH MASK, POCKET PEAK, TRUZONE PEAK FLOW METER, ASSESS, ASTHMAMENTOR, PEAK-AIR, IN-CHECK ORAL, PIKO 1, AIRZONE PEAK FLOW METER, MINI-WRIGHT PEAK FLOW METER, PERSONAL BEST"
      },
      {
        "id": 13725,
        "name": "POCKET PEAK",
        "commonUses": null,
        "genericName": "ASTHMA CHECK, MICROLIFE PEAK FLOW, IN-CHECK NASAL WITH MASK, POCKET PEAK, TRUZONE PEAK FLOW METER, ASSESS, ASTHMAMENTOR, PEAK-AIR, IN-CHECK ORAL, PIKO 1, AIRZONE PEAK FLOW METER, MINI-WRIGHT PEAK FLOW METER, PERSONAL BEST"
      },
      {
        "id": 13181,
        "name": "PEAK-AIR",
        "commonUses": null,
        "genericName": "ASTHMA CHECK, MICROLIFE PEAK FLOW, IN-CHECK NASAL WITH MASK, POCKET PEAK, TRUZONE PEAK FLOW METER, ASSESS, ASTHMAMENTOR, PEAK-AIR, IN-CHECK ORAL, PIKO 1, AIRZONE PEAK FLOW METER, MINI-WRIGHT PEAK FLOW METER, PERSONAL BEST"
      },
      {
        "id": 13410,
        "name": "PERSONAL BEST",
        "commonUses": null,
        "genericName": "ASTHMA CHECK, MICROLIFE PEAK FLOW, IN-CHECK NASAL WITH MASK, POCKET PEAK, TRUZONE PEAK FLOW METER, ASSESS, ASTHMAMENTOR, PEAK-AIR, IN-CHECK ORAL, PIKO 1, AIRZONE PEAK FLOW METER, MINI-WRIGHT PEAK FLOW METER, PERSONAL BEST"
      },
      {
        "id": 18102,
        "name": "TRUZONE PEAK FLOW METER",
        "commonUses": null,
        "genericName": "ASTHMA CHECK, MICROLIFE PEAK FLOW, IN-CHECK NASAL WITH MASK, POCKET PEAK, TRUZONE PEAK FLOW METER, ASSESS, ASTHMAMENTOR, PEAK-AIR, IN-CHECK ORAL, PIKO 1, AIRZONE PEAK FLOW METER, MINI-WRIGHT PEAK FLOW METER, PERSONAL BEST"
      },
      {
        "id": 27507,
        "name": "ASTAGRAF XL",
        "commonUses": "USES:  Tacrolimus is used with other medications to prevent rejection of a kidney transplant. This medication belongs to a class of drugs known as immunosuppressants. It works by weakening your body''s defense system (immune system) to help your body accept the new organ as if it were your own.",
        "genericName": ""
      },
      {
        "id": 32917,
        "name": "STAMARIL",
        "commonUses": null,
        "genericName": null
      },
      {
        "id": 16508,
        "name": "STIMATE",
        "commonUses": "USES:  Desmopressin is used in people with certain bleeding problems (hemophilia A, type 1 von Willebrand''s disease) to control bleeding caused by surgery, injuries, or heavy menstrual periods. This medication is a man-made form of a certain substance in the body called vasopressin that helps with normal blood clotting.",
        "genericName": ""
      },
      {
        "id": 13613,
        "name": "STOMACH RELIEF",
        "commonUses": "USES:  This medication is used to treat occasional upset stomach, heartburn, and nausea. It is also used to treat diarrhea and help prevent travelers' diarrhea. It works by helping to slow the growth of bacteria that might be causing the diarrhea. This product should not be used to self-treat diarrhea if you also have a fever or blood/mucus in the stools. These could be signs of a serious health condition. Consult your doctor promptly for proper evaluation and treatment if you have these symptoms.    This medication is used under a doctor's direction with other medication to treat stomach ulcers caused by a certain bacteria (Helicobacter pylori). Do not use this medication to self-treat ulcers. Bismuth subsalicylate is a salicylate. Salicylates can cause serious bleeding problems when used alone in patients with ulcers.    Check the ingredients on the label even if you have used the product before. The manufacturer may have changed the ingredients. Also, products with similar names may contain different ingredients meant for different purposes. Taking the wrong product could harm you.",
        "genericName": "BISMUTH SUBSALICYLATE, , BISMUTH"
      },
      {
        "id": 16521,
        "name": "STOMACH RELIEF",
        "commonUses": "USES:  This medication is used to treat occasional upset stomach, heartburn, and nausea. It is also used to treat diarrhea and help prevent travelers' diarrhea. It works by helping to slow the growth of bacteria that might be causing the diarrhea. This product should not be used to self-treat diarrhea if you also have a fever or blood/mucus in the stools. These could be signs of a serious health condition. Consult your doctor promptly for proper evaluation and treatment if you have these symptoms.    This medication is used under a doctor's direction with other medication to treat stomach ulcers caused by a certain bacteria (Helicobacter pylori). Do not use this medication to self-treat ulcers. Bismuth subsalicylate is a salicylate. Salicylates can cause serious bleeding problems when used alone in patients with ulcers.    Check the ingredients on the label even if you have used the product before. The manufacturer may have changed the ingredients. Also, products with similar names may contain different ingredients meant for different purposes. Taking the wrong product could harm you.",
        "genericName": "BISMUTH SUBSALICYLATE, , BISMUTH"
      },
      {
        "id": 1629,
        "name": "ASMANEX",
        "commonUses": "USES:  Mometasone is used to control and prevent symptoms (wheezing and shortness of breath) caused by asthma. This medication must be used regularly to be effective. It does not work right away and should not be used to relieve sudden asthma attacks. If an asthma attack occurs, use your quick-relief inhaler (such as albuterol, also called salbutamol in some countries) as prescribed.    Mometasone belongs to a class of drugs known as corticosteroids. It works by reducing the irritation and swelling of the airways. Controlling symptoms of breathing problems can decrease time lost from work or school.",
        "genericName": ""
      },
      {
        "id": 28801,
        "name": "H.P. ACTHAR",
        "commonUses": null,
        "genericName": null
      },
      {
        "id": 29218,
        "name": "ASMANEX HFA",
        "commonUses": "USES:  Mometasone is used to control and prevent symptoms (such as wheezing and shortness of breath) caused by asthma. Controlling symptoms of asthma helps you maintain your normal activities and decreases time lost from work or school. Mometasone belongs to a class of drugs known as corticosteroids. It works by reducing swelling (inflammation) of the airways in the lungs to make breathing easier.    This medication must be used regularly to be effective. It does not work right away and should not be used to relieve sudden asthma attacks. If an asthma attack occurs, use your quick-relief inhaler (such as albuterol, also called salbutamol in some countries) as prescribed.",
        "genericName": ""
      }
    ],
    "query": "ast",
    "totalHits": 14,
    "totalPages": 0,
    "type": "Search_rxbrands"
  }
}
