{
  "hasRatingSummary": false,
  "specialties": [
    {
      "name": "Family Medicine",
      "count": 13
    },
    {
      "name": "Internal Medicine",
      "count": 8
    },
    {
      "name": "Dermatology",
      "count": 6
    },
    {
      "name": "Neurology",
      "count": 4
    },
    {
      "name": "Endodontist",
      "count": 3
    },
    {
      "name": "Pediatrics",
      "count": 3
    },
    {
      "name": "Orthopedic Surgery",
      "count": 3
    },
    {
      "name": "Rheumatology",
      "count": 2
    },
    {
      "name": "ENT - Otolaryngology",
      "count": 2
    },
    {
      "name": "Hematology",
      "count": 2
    },
    {
      "name": "Cardiovascular Medicine",
      "count": 2
    },
    {
      "name": "Sports Medicine",
      "count": 1
    },
    {
      "name": "Nephrology",
      "count": 1
    },
    {
      "name": "Feet/lower extremity",
      "count": 1
    },
    {
      "name": "Urology",
      "count": 1
    },
    {
      "name": "Pediatric Endocrinology",
      "count": 1
    },
    {
      "name": "Ophthalmology",
      "count": 1
    },
    {
      "name": "Pediatric Neurology",
      "count": 1
    },
    {
      "name": "Oncology",
      "count": 1
    },
    {
      "name": "Gynecology",
      "count": 1
    }
  ],
  "data": [
    {
      "id": "L-39459717-3917177-",
      "type": "medExpectedCosts",
      "expectedCost": 93.05,
      "specialtyName": "Feet/lower extremity",
      "preferred": false,
      "designationRank": null,
      "provider": {
        "id": "7206098",
        "type": "providers",
        "providerType": "UnspecifiedProvider",
        "name": "DOMINION ORTHOPAEDIC CLINIC, LLC",
        "npi": "1518096122",
        "website": null,
        "locationAgnostic": false,
        "serviceLocation": {
          "id": "3917177",
          "type": "providerAddresses",
          "externalId": null,
          "address1": "5555 PEACHTREE DUNWOODY RD NE",
          "address2": "SUITE 215",
          "city": "ATLANTA",
          "state": "GA",
          "zipcode": "30342",
          "distance": 87.7,
          "latitude": 33.88105,
          "longitude": -84.379478
        },
        "phoneNumber": "7704554009",
        "qualityRating": {
          "score": null,
          "maxScore": 100
        },
        "qualitySummary": {
          "ratingSummary": null,
          "reviewSummary": null
        },
        "designationPrimarySortingGroup": null,
        "designationLabels": [],
        "designationLogos": []
      },
      "secondaryProvider": null,
      "distinctions": null
    }
  ],
  "offset": 0,
  "highestReviewNumber": 0,
  "localAverage": {
    "minValue": null,
    "maxValue": null
  },
  "limit": 10,
  "links": {
    "first": "/provider_service_groups/71/costs?origin=35.00323%2C-85.101045&specialty=Feet%2Flower%20extremity&distance=150&offset=0",
    "last": "/provider_service_groups/71/costs?origin=35.00323%2C-85.101045&specialty=Feet%2Flower%20extremity&distance=150&offset=0",
    "prev": null,
    "next": null
  },
  "highestRatingNumber": 0,
  "nationalAverage": {
    "minValue": 104,
    "maxValue": 159
  },
  "totalCount": 1,
  "hasReviewSummary": false
}
