{
  "data": [
    {
      "id": "6215531",
      "type": "providerAddresses",
      "addressType": "Billing",
      "address1": "P.O. BOX 262",
      "address2": "",
      "city": "MEMPHIS",
      "state": "TN",
      "zipcode": "38101",
      "latitude": 35.050667,
      "longitude": -89.847778
    },
    {
      "id": "4548801",
      "type": "providerAddresses",
      "addressType": "service_location",
      "address1": "2611 WEST END AVENUE",
      "address2": "SUITE 210",
      "city": "NASHVILLE",
      "state": "TN",
      "zipcode": "37203",
      "latitude": 36.150406,
      "longitude": -86.791595
    }
  ]
}
