{
  "Key": "payers/9fb77454-8c58-4345-aa50-43f133e06d20/documents/published/landing",
  "LastModified": "2020-09-25T15:35:08.000Z",
  "Size": 33,
  "tags": [],
  "category": "landing",
  "stage": "published",
  "body": "&lt;p&gt;&lt;em&gt;&lt;strong&gt;Sign in to your &lt;/strong&gt;&lt;/em&gt;&lt;a href=&quot;http://google.com&quot;&gt;&lt;u&gt;&lt;em&gt;&lt;strong&gt;account&lt;/strong&gt;&lt;/em&gt;&lt;/u&gt;&lt;/a&gt;&lt;em&gt;&lt;strong&gt; to access your Connected Health Portal.&lt;/strong&gt;&lt;/em&gt;&lt;/p&gt;"
}
