{
  "data": {
    "indexName": "providers",
    "hits": [
      {
        "credentials": "",
        "npi": [1063482156],
        "alias": "CARDIO LABS INC,CardioLabs Inc",
        "id": "6873146",
        "type": "Physician",
        "name": "CARDIOLABS, INC.",
        "distance": 21.3,
        "qualitySummary": {
          "reviewSummaryScore": "",
          "ratingSummaryScore": "",
          "reviewSummaryCount": ""
        },
        "primarySpecialty": "Radiology",
        "medicalProviderId": 6873146
      },
      {
        "credentials": "",
        "npi": [1811978737],
        "alias": "Kelly A. Carden,Kelly Carden MD",
        "id": "6777121",
        "type": "Physician",
        "name": "KELLY A CARDEN MD",
        "distance": 0.9,
        "qualitySummary": {
          "reviewSummaryScore": "4",
          "ratingSummaryScore": "",
          "reviewSummaryCount": "16"
        },
        "primarySpecialty": "Sleep Medicine",
        "medicalProviderId": 6777121
      },
      {
        "credentials": "",
        "npi": [1104864693],
        "alias": "CARDENO,COROZAN,N,MD",
        "id": "5080334",
        "type": "Physician",
        "name": "CORAZON N CARDENO MD",
        "distance": 6,
        "qualitySummary": {
          "reviewSummaryScore": "4",
          "ratingSummaryScore": "",
          "reviewSummaryCount": "2"
        },
        "primarySpecialty": "Internal Medicine",
        "medicalProviderId": 5080334
      },
      {
        "credentials": "",
        "npi": [1427237130],
        "alias": "",
        "id": "7346714",
        "type": "UnspecifiedProvider",
        "name": "NVMS CARDIOVASCULAR",
        "distance": 16,
        "qualitySummary": {
          "reviewSummaryScore": "",
          "ratingSummaryScore": "",
          "reviewSummaryCount": ""
        },
        "primarySpecialty": "Non-Specific Provider",
        "medicalProviderId": 7346714
      },
      {
        "credentials": "",
        "npi": [1205169935],
        "alias": "",
        "id": "7573061",
        "type": "Physician",
        "name": "CARDIOVASCULAR ANESTHESIOLOGISTS",
        "distance": 6,
        "qualitySummary": {
          "reviewSummaryScore": "",
          "ratingSummaryScore": "",
          "reviewSummaryCount": ""
        },
        "primarySpecialty": "Anesthesiology",
        "medicalProviderId": 7573061
      },
      {
        "credentials": "",
        "npi": [1770851552],
        "alias": "",
        "id": "8244059",
        "type": "Physician",
        "name": "TRISTAR CARDIOVASCULAR SURGERY LLC",
        "distance": 0.9,
        "qualitySummary": {
          "reviewSummaryScore": "",
          "ratingSummaryScore": "",
          "reviewSummaryCount": ""
        },
        "primarySpecialty": "Cardiovascular Medicine",
        "medicalProviderId": 8244059
      },
      {
        "credentials": "",
        "npi": [1194867465],
        "alias": "",
        "id": "7186716",
        "type": "UnspecifiedProvider",
        "name": "FRIST CARDIOLOGY, PLLC",
        "distance": 0.9,
        "qualitySummary": {
          "reviewSummaryScore": "",
          "ratingSummaryScore": "",
          "reviewSummaryCount": ""
        },
        "primarySpecialty": "Non-Specific Provider",
        "medicalProviderId": 7186716
      },
      {
        "credentials": "",
        "npi": [1669453304],
        "alias": "",
        "id": "6861352",
        "type": "Physician",
        "name": "CARDIOVASCULAR SURGERY ASSOCIATES, P.C.",
        "distance": 6,
        "qualitySummary": {
          "reviewSummaryScore": "",
          "ratingSummaryScore": "",
          "reviewSummaryCount": ""
        },
        "primarySpecialty": "Thoracic Surgery",
        "medicalProviderId": 6861352
      },
      {
        "credentials": "",
        "npi": [1912953381],
        "alias": "",
        "id": "6919029",
        "type": "Physician",
        "name": "CARDIOVASCULAR ANESTHESIOLOGISTS PC",
        "distance": 6,
        "qualitySummary": {
          "reviewSummaryScore": "",
          "ratingSummaryScore": "",
          "reviewSummaryCount": ""
        },
        "primarySpecialty": "Anesthesiology",
        "medicalProviderId": 6919029
      },
      {
        "credentials": "",
        "npi": [1164695052],
        "alias": "",
        "id": "6440655",
        "type": "NonPhysician",
        "name": "DANIELLE CARDER OTR",
        "distance": 17.1,
        "qualitySummary": {
          "reviewSummaryScore": "",
          "ratingSummaryScore": "",
          "reviewSummaryCount": ""
        },
        "primarySpecialty": "Occupational Therapist",
        "medicalProviderId": 6440655
      },
      {
        "credentials": "",
        "npi": [1487701280],
        "alias": "Dana Catherine Backlund MD",
        "id": "5786950",
        "type": "Physician",
        "name": "DANA BACKLUND CARDIN MD",
        "distance": 1.9,
        "qualitySummary": {
          "reviewSummaryScore": "",
          "ratingSummaryScore": "",
          "reviewSummaryCount": ""
        },
        "primarySpecialty": "Hematology/Oncology",
        "medicalProviderId": 5786950
      },
      {
        "credentials": "",
        "npi": [1285822437],
        "alias": "",
        "id": "6331696",
        "type": "NonPhysician",
        "name": "LINDA JOYCE CARDEN R.N.",
        "distance": 0.9,
        "qualitySummary": {
          "reviewSummaryScore": "",
          "ratingSummaryScore": "",
          "reviewSummaryCount": ""
        },
        "primarySpecialty": "",
        "medicalProviderId": 6331696
      },
      {
        "credentials": "",
        "npi": [1568544138],
        "alias": "",
        "id": "5589842",
        "type": "NonPhysician",
        "name": "ARCHIE D CARDEN ED.D.",
        "distance": 4.9,
        "qualitySummary": {
          "reviewSummaryScore": "",
          "ratingSummaryScore": "",
          "reviewSummaryCount": ""
        },
        "primarySpecialty": "Psychologist",
        "medicalProviderId": 5589842
      },
      {
        "credentials": "",
        "npi": [1659579449],
        "alias": "",
        "id": "6250466",
        "type": "NonPhysician",
        "name": "CECIL LOUIE CARDER MPT",
        "distance": 5.2,
        "qualitySummary": {
          "reviewSummaryScore": "",
          "ratingSummaryScore": "",
          "reviewSummaryCount": ""
        },
        "primarySpecialty": "Physical Therapist (PT)",
        "medicalProviderId": 6250466
      },
      {
        "credentials": "",
        "npi": [1629300629],
        "alias": "",
        "id": "7658830",
        "type": "Physician",
        "name": "NASHVILLE CARDIOTHORACIC SURGEONS PLLC",
        "distance": 12.3,
        "qualitySummary": {
          "reviewSummaryScore": "",
          "ratingSummaryScore": "",
          "reviewSummaryCount": ""
        },
        "primarySpecialty": "Thoracic Surgery",
        "medicalProviderId": 7658830
      },
      {
        "credentials": "",
        "npi": [1639362429],
        "alias": "",
        "id": "7324598",
        "type": "Physician",
        "name": "LARGO CARDIOLOGY LLC",
        "distance": 12.3,
        "qualitySummary": {
          "reviewSummaryScore": "",
          "ratingSummaryScore": "",
          "reviewSummaryCount": ""
        },
        "primarySpecialty": "Cardiovascular Medicine",
        "medicalProviderId": 7324598
      },
      {
        "credentials": "",
        "npi": [1225467707],
        "alias": "",
        "id": "8800268",
        "type": "NonPhysician",
        "name": "BARBARA CARDEN APN",
        "distance": 16,
        "qualitySummary": {
          "reviewSummaryScore": "",
          "ratingSummaryScore": "",
          "reviewSummaryCount": ""
        },
        "primarySpecialty": "Nurse Practitioner (NP)",
        "medicalProviderId": 8800268
      },
      {
        "credentials": "",
        "npi": [1043347511],
        "alias": "",
        "id": "7202751",
        "type": "Physician",
        "name": "ADULT CARDIOLOGIST, P.C.",
        "distance": 16,
        "qualitySummary": {
          "reviewSummaryScore": "",
          "ratingSummaryScore": "",
          "reviewSummaryCount": ""
        },
        "primarySpecialty": "Cardiovascular Medicine",
        "medicalProviderId": 7202751
      },
      {
        "credentials": "",
        "npi": [1891823845],
        "alias": "",
        "id": "5947890",
        "type": "NonPhysician",
        "name": "LISBEDTH CARDONA APRN BC",
        "distance": 21.3,
        "qualitySummary": {
          "reviewSummaryScore": "",
          "ratingSummaryScore": "",
          "reviewSummaryCount": ""
        },
        "primarySpecialty": "Nurse Practitioner (NP)",
        "medicalProviderId": 5947890
      },
      {
        "credentials": "",
        "npi": [1639357072],
        "alias": "",
        "id": "7378462",
        "type": "OtherFacility",
        "name": "NASHVILLE CARDIOLOGY CONSULTANTS, PC",
        "distance": 0.9,
        "qualitySummary": {
          "reviewSummaryScore": "",
          "ratingSummaryScore": "",
          "reviewSummaryCount": ""
        },
        "primarySpecialty": "Multispecialty Clinic or Group Practice",
        "medicalProviderId": 7378462
      }
    ],
    "query": "card",
    "totalHits": 32,
    "totalPages": 1,
    "type": "Search_providers"
  }
}
