{
  "data": {
    "indexName": "providers",
    "hits": [
      {
        "credentials": "",
        "npi": [1154502870],
        "alias": "",
        "id": "7354212",
        "type": "UnspecifiedProvider",
        "name": "CARDIOTHORACIC SURGERY ASSOCIATES, PLLC",
        "distance": 5,
        "qualitySummary": {
          "reviewSummaryScore": "",
          "ratingSummaryScore": "",
          "reviewSummaryCount": ""
        },
        "primarySpecialty": "Non-Specific Provider",
        "medicalProviderId": 7354212
      },
      {
        "credentials": "",
        "npi": [1851363303],
        "alias": "",
        "id": "6876438",
        "type": "UnspecifiedProvider",
        "name": "CARDIOLOGY ASSOCIATES OF NASHVILLE",
        "distance": 10.9,
        "qualitySummary": {
          "reviewSummaryScore": "",
          "ratingSummaryScore": "",
          "reviewSummaryCount": ""
        },
        "primarySpecialty": "Non-Specific Provider",
        "medicalProviderId": 6876438
      },
      {
        "credentials": "",
        "npi": [1740276450],
        "alias": "",
        "id": "6852679",
        "type": "UnspecifiedProvider",
        "name": "MID-STATE CARDIOLOGY ASSOCIATES, P.C.",
        "distance": 1.5,
        "qualitySummary": {
          "reviewSummaryScore": "",
          "ratingSummaryScore": "",
          "reviewSummaryCount": ""
        },
        "primarySpecialty": "Non-Specific Provider",
        "medicalProviderId": 6852679
      },
      {
        "credentials": "",
        "npi": [1942278056],
        "alias": "",
        "id": "6883512",
        "type": "Physician",
        "name": "CARDIO THORACIC SURGERY ASSOCIATES P.C.",
        "distance": 1.8,
        "qualitySummary": {
          "reviewSummaryScore": "",
          "ratingSummaryScore": "",
          "reviewSummaryCount": ""
        },
        "primarySpecialty": "Thoracic Surgery",
        "medicalProviderId": 6883512
      },
      {
        "credentials": "",
        "npi": [1871607580],
        "alias": "",
        "id": "7014398",
        "type": "Physician",
        "name": "SAINT THOMAS CARDIOLOGY CONSULTANTS, PC",
        "distance": 6,
        "qualitySummary": {
          "reviewSummaryScore": "",
          "ratingSummaryScore": "",
          "reviewSummaryCount": ""
        },
        "primarySpecialty": "Cardiovascular Medicine",
        "medicalProviderId": 7014398
      },
      {
        "credentials": "",
        "npi": [1740267608],
        "alias": "",
        "id": "4806293",
        "type": "NonPhysician",
        "name": "MICHELE LEA WEHMEYER CARDOZO CRNA",
        "distance": 0.9,
        "qualitySummary": {
          "reviewSummaryScore": "",
          "ratingSummaryScore": "",
          "reviewSummaryCount": ""
        },
        "primarySpecialty": "Certified Registered Nurse Anesthetists (CRNAs)",
        "medicalProviderId": 4806293
      },
      {
        "credentials": "",
        "npi": [1154549541],
        "alias": "",
        "id": "6096118",
        "type": "NonPhysician",
        "name": "KAY B CARD LCSW, MSW",
        "distance": 2.1,
        "qualitySummary": {
          "reviewSummaryScore": "",
          "ratingSummaryScore": "",
          "reviewSummaryCount": ""
        },
        "primarySpecialty": "Licensed Clinical Social Worker",
        "medicalProviderId": 6096118
      },
      {
        "credentials": "",
        "npi": [1073933024],
        "alias": "",
        "id": "8915780",
        "type": "NonPhysician",
        "name": "ELIZABETH CARD APN, FNP-BC",
        "distance": 2.3,
        "qualitySummary": {
          "reviewSummaryScore": "",
          "ratingSummaryScore": "",
          "reviewSummaryCount": ""
        },
        "primarySpecialty": "Nurse Practitioner (NP)",
        "medicalProviderId": 8915780
      },
      {
        "credentials": "",
        "npi": [1235284274],
        "alias": "",
        "id": "7535305",
        "type": "Physician",
        "name": "CARDIOLOGY GROUP OF MIDDLE TENNESSEE",
        "distance": 7,
        "qualitySummary": {
          "reviewSummaryScore": "",
          "ratingSummaryScore": "",
          "reviewSummaryCount": ""
        },
        "primarySpecialty": "Cardiovascular Medicine",
        "medicalProviderId": 7535305
      },
      {
        "credentials": "",
        "npi": [1497856132],
        "alias": "",
        "id": "7058255",
        "type": "Physician",
        "name": "SAINT THOMAS OUTPATIENT CARDIAC CATHETERIZATION CENTER, LLC",
        "distance": 4.3,
        "qualitySummary": {
          "reviewSummaryScore": "",
          "ratingSummaryScore": "",
          "reviewSummaryCount": ""
        },
        "primarySpecialty": "Cardiovascular Medicine",
        "medicalProviderId": 7058255
      },
      {
        "credentials": "",
        "npi": [1144367459],
        "alias": "",
        "id": "6818294",
        "type": "NonPhysician",
        "name": "FRANKLIN CARDONA LPC,CAS,MDIV,CSATPHD",
        "distance": 2.3,
        "qualitySummary": {
          "reviewSummaryScore": "",
          "ratingSummaryScore": "",
          "reviewSummaryCount": ""
        },
        "primarySpecialty": "Licensed Alcohol and Drug Counselor",
        "medicalProviderId": 6818294
      },
      {
        "credentials": "",
        "npi": [1154485720],
        "alias": "",
        "id": "7136401",
        "type": "UnspecifiedProvider",
        "name": "MIDDLE TN CARDIOTHORACIC & VASCULAR ASSOCIATES PC",
        "distance": 10.9,
        "qualitySummary": {
          "reviewSummaryScore": "",
          "ratingSummaryScore": "",
          "reviewSummaryCount": ""
        },
        "primarySpecialty": "Non-Specific Provider",
        "medicalProviderId": 7136401
      }
    ],
    "query": "card",
    "totalHits": 32,
    "totalPages": 1,
    "type": "Search_providers"
  }
}
