[
  {
    "appName": "Livpact",
    "thumbnailImage1": "https://is5-ssl.mzstatic.com/image/thumb/Purple113/v4/b9/cc/e0/b9cce0b7-c2af-d59e-7ea2-91d291513203/mzl.eydqsuhn.png/313x0w.png",
    "thumbnailImage2": "https://is3-ssl.mzstatic.com/image/thumb/Purple113/v4/d6/dd/26/d6dd2635-f29a-ea95-f0b3-309f6cdc2171/mzl.smtqyiba.png/313x0w.png",
    "thumbnailImage3": "https://is1-ssl.mzstatic.com/image/thumb/Purple113/v4/fe/35/02/fe3502a0-b38a-3789-91e0-75f2513be0de/mzl.cjzhtmwn.png/313x0w.png",
    "attestOnCARINPolicies": true,
    "status": 2,
    "supportEmail": "support@livpact.com",
    "companyIconLink": "https://i1.wp.com/www.livpact.com/wp-content/uploads/2019/04/cropped-Livpact-logo.png?fit=825%2C206&ssl=1",
    "createdBy": "MarketPlace",
    "longDescription": "Families want to help loved ones stay in their communities, but resources and services are complex and fragmented.\r\n\r\n Communities and improved living conditions are the key to living and aging well. Caregivers are the key to supporting daily living and social determinants of health.\r\n\r\n Livpact is a technology platform that provides caregivers a gateway to tools, resources, and services all in one place. It aggregates needed information, enables navigation, management and coordination and tailors these actions to specific caregiving situations.\r\n\r\n The platform: supports the entire caregiving journey.\r\n\r\n Families can: manage daily tasks; coordinate with the whole team; find support services; maintain their complete medical record and create life plans.\r\n\r\n Family caregivers access the platform on a smart phone, tablet or computer.\r\n\r\n They can invite everyone in their loved ones’ support networks and control access to information and tools as appropriate to the team members’ roles and responsibilities.",
    "appLink": "https://cep.livpact.com/livpact/#start/login/monitor",
    "termsAndConditionsLink": "https://www.livpact.com/about-us/terms-and-conditions/",
    "attestOnVulnerabilities": true,
    "shortDescription": "Family and caregiver engagement platform for discovering, coordinating and managing the whole care process and care journey",
    "lastUpdatedOn": "2021-02-15 18:32:03.743248+00:00",
    "privacyPolicyLink": "https://www.livpact.com/about-us/privacy-policy/",
    "apigee_reference_id": "75f3af46-d9c3-53bc-7d5a-be1f289f3aa1",
    "id": "088acf49-c0b1-4006-a281-5b51df262358",
    "reference_id": "APP520281125120",
    "lastUpdatedBy": "smriti.anand@changehealthcare.com",
    "supportedPlatforms": ["Web", "iOS", "Android"],
    "contactEmail": "shannah@livpact.com",
    "companyName": "Livpact Inc.",
    "CEOName": "Cary Ussery",
    "CEOPhoneNumber": "617-834-6607",
    "requestedDataCategories": ["Allergies and Intolerances", "Assessment and Plan of Treatment", "Care Team", "Financial"],
    "appIconLink": "https://www.livpact.com/wp-content/uploads/2019/04/cropped-Livpact-512.png",
    "createdOn": "2021-02-15 18:20:25.401677+00:00",
    "CEOEmail": "cary@livpact.com"
  },
  {
    "appName": "adidas Running App Runtastic",
    "companyName": "adidas",
    "supportedPlatforms": ["Android", "", ""],
    "thumbnailImage1": "https://is3-ssl.mzstatic.com/image/thumb/Purple124/v4/da/da/5a/dada5a87-b631-03ca-a477-8fa0153356bb/pr_source.jpg/230x0w.jpg",
    "thumbnailImage2": "https://is2-ssl.mzstatic.com/image/thumb/Purple124/v4/96/bb/3e/96bb3e78-cdbf-fd20-bb4e-dd160c4732ca/pr_source.jpg/230x0w.jpg",
    "thumbnailImage3": "https://is3-ssl.mzstatic.com/image/thumb/Purple114/v4/f6/d7/90/f6d7904e-4941-fc7c-2008-52674815016c/pr_source.jpg/230x0w.jpg",
    "lastUpdatedBy": "MarketPlace",
    "contactEmail": "revathi.chengavarayan@changehealthcare.com",
    "attestOnCARINPolicies": true,
    "status": 1.0,
    "CEOName": "RCC",
    "supportEmail": "support@adidas.com",
    "companyIconLink": "https://www.changerc.com/company-icon",
    "longDescription": "Joining the Change Healthcare App Registry makes your application available to receive specific data from our customer's members.\r\n\r\nThis service is provided as-is, and does not constitute a guarantee that our customer's members will select your application to these terms.\r\nBy clicking submit below, you asssert your understanding and agreement to these terms.\r\n\r\nPlease fill out all the required information below. Our team will review your information and enable your listing or provide you feedback within 2 business days.",
    "createdBy": "MarketPlace",
    "appLink": "https://www.changerc.com/app",
    "termsAndConditionsLink": "https://www.changerc.com/terms",
    "CEOPhoneNumber": "345-456-7890",
    "shortDescription": "Distasnce, Sport & Run Tracker",
    "attestOnVulnerabilities": true,
    "appIconLink": "https://is2-ssl.mzstatic.com/image/thumb/Purple114/v4/e9/de/33/e9de3395-2eb2-caa5-fd3d-02ae200938e3/AppIcon-1x_U007emarketing-0-5-0-85-220.png/146x0w.png",
    "requestedDataCategories": ["Assessment and Plan of Treatment", "Care Team", "Medications", "Unique Device Identifier", "Vital Signs"],
    "createdOn": "2020-12-08 17:37:15.023786+00:00",
    "privacyPolicyLink": "https://www.changerc.com/privacy",
    "lastUpdatedOn": "2020-12-08 17:37:15.023786+00:00",
    "id": "d54c3bab-0d41-4a53-98c2-73d8c49a0d16",
    "reference_id": "81899ae4-4b08-ccd5-63c9-1ac1d22b9c2d",
    "CEOEmail": "rc@change12201.com"
  },
  {
    "appName": "Calm",
    "thumbnailImage1": "https://is2-ssl.mzstatic.com/image/thumb/Purple114/v4/ae/0c/cc/ae0ccc4d-2c6e-898f-ece6-097a1ae4a01c/ea810455-acef-4ac8-a230-910c8d45fb8a_iPad_Pro_02.jpg/313x0w.jpg",
    "thumbnailImage2": "https://is5-ssl.mzstatic.com/image/thumb/Purple124/v4/69/1d/e1/691de198-7c6d-ae9b-3b38-3f6c743062eb/14d81be2-dcdf-4a3a-9a5b-e7a6a2700f2d_iPad_Pro_05.jpg/313x0w.jpg",
    "thumbnailImage3": "https://is3-ssl.mzstatic.com/image/thumb/Purple124/v4/02/11/00/0211003d-665a-16de-53a9-a0c9c43f812b/f1ec5593-1095-40e9-bb6f-7edec419eb9f_iPad_Pro_03.jpg/313x0w.jpg",
    "attestOnCARINPolicies": true,
    "status": 2,
    "supportEmail": "support@livpact.com",
    "companyIconLink": "https://is1-ssl.mzstatic.com/image/thumb/Purple114/v4/0c/76/45/0c7645db-f200-f55e-58c7-c31771068925/AppIcon-0-0-1x_U007emarketing-0-0-0-10-0-0-sRGB-0-0-0-GLES2_U002c0-512MB-85-220-0-0.png/146x0w.webp",
    "createdBy": "MarketPlace",
    "longDescription": "Calm is the #1 app for Sleep, Meditation and Relaxation. Join the millions experiencing better sleep, lower stress, and less anxiety with our guided meditations, Sleep Stories, breathing programs, stretching exercises, and relaxing music. Calm is recommended by top psychologists, therapists, and mental health experts.\r\n\r\n Calm is the perfect mindfulness app for beginners, but also includes hundreds of programs for intermediate and advanced users. Guided meditation sessions are available in lengths of 3, 5, 10, 15, 20 or 25 minutes so you can choose the perfect length to fit with your schedule.\r\n\r\n Sleep Stories are bedtime stories that are guaranteed to lull you into a deep and restful slumber. Calm has 100+ exclusive Sleep Stories for adults and children alike, featuring well-known talent such as Stephen Fry, Matthew McConaughey, Leona Lewis, and Jerome Flynn. Drift off to dreamland and wake up refreshed.",
    "appLink": "https://cep.livpact.com/livpact/#start/login/monitor",
    "termsAndConditionsLink": "https://www.livpact.com/about-us/terms-and-conditions/",
    "attestOnVulnerabilities": true,
    "shortDescription": "Meditation and Sleep Stories",
    "lastUpdatedOn": "2021-02-15 18:32:03.743248+00:00",
    "privacyPolicyLink": "https://www.livpact.com/about-us/privacy-policy/",
    "apigee_reference_id": "75f3af46-d9c3-53bc-7d5a-be1f289f3aa1",
    "id": "058acf48-c0b1-4006-a281-5b51df262348",
    "reference_id": "APP520281125120",
    "lastUpdatedBy": "smriti.anand@changehealthcare.com",
    "supportedPlatforms": ["Web", "iOS", "Android"],
    "contactEmail": "shannah@livpact.com",
    "companyName": "Calm.com, Inc.",
    "CEOName": "Cary Ussery",
    "CEOPhoneNumber": "617-834-6607",
    "requestedDataCategories": ["Assessment and Plan of Treatment", "Care Team", "Medications", "Unique Device Identifier", "Vital Signs"],
    "appIconLink": "https://is1-ssl.mzstatic.com/image/thumb/Purple114/v4/0c/76/45/0c7645db-f200-f55e-58c7-c31771068925/AppIcon-0-0-1x_U007emarketing-0-0-0-10-0-0-sRGB-0-0-0-GLES2_U002c0-512MB-85-220-0-0.png/146x0w.webp",
    "createdOn": "2021-02-15 18:20:25.401677+00:00",
    "CEOEmail": "cary@livpact.com"
  },
  {
    "appName": "Carbon Health® - Medical Car‪e",
    "companyName": "Carbon Health Technologies, Inc.",
    "shortDescription": "Telehealth & Doctor Clinics",
    "appIconLink": "https://is2-ssl.mzstatic.com/image/thumb/Purple114/v4/09/c3/69/09c3696b-b618-8ce1-9834-e8daf2195d30/AppIcon-0-0-1x_U007emarketing-0-0-0-7-0-0-85-220.png/230x0w.png",
    "supportedPlatforms": ["Android", "", ""],
    "lastUpdatedBy": "MarketPlace",
    "contactEmail": "revathi.chengavarayan@changehealthcare.com",
    "attestOnCARINPolicies": false,       
    "status": 1.0,
    "CEOName": "RCC",
    "supportEmail": "rev_pat@yahoo.com",
    "companyIconLink": "https://www.changerc.com/company-icon",
    "longDescription": "Book a Doctor Appointment, Virtually or In-Clinic. Carbon Health Offers Adult & Pediatric Primary & Urgent Care, Mental Health Care, COVID 19 Testing, & more. \r\n\r\n ABOUT US \r\n\r\n Combining smart technology with inviting Clinics, Carbon Health delivers a uniquely seamless experience for both Medical Professionals and Patients through our Mobile Health Services, Virtual Care, Telemedicine, and in-person Clinics. Our mission is to make World-Class Healthcare Accessible to everyone. \r\n\r\n OUR MEDICAL SERVICES \r\n\r\n Carbon Health offers Telehealth and In-Clinic Doctor Visits for: \r\n - Urgent Care \r\n - Primary Care (PCP) \r\n - Mental Health \r\n - Pediatrics",
    "createdBy": "MarketPlace",
    "appLink": "https://www.changerc.com/app",
    "termsAndConditionsLink": "https://www.changerc.com/terms",
    "CEOPhoneNumber": "345-456-7890",
    "attestOnVulnerabilities": true,    
    "createdOn": "2020-12-08 17:37:15.023786+00:00",
    "privacyPolicyLink": "https://www.changerc.com/privacy",
    "lastUpdatedOn": "2020-12-08 17:37:15.023786+00:00",
    "id": "d64c3bab-0d42-4a53-91c1-72d8c49a0d16",
    "reference_id": "81899ae4-4b08-ccd5-63c9-1ac1d22b9c2d",
    "CEOEmail": "rc@change12201.com"
  },
  {
    "appName": "Fitbit: Health & Fitnes‪s",
    "companyName": "Fitbit, Inc.",
    "appIconLink": "https://is2-ssl.mzstatic.com/image/thumb/Purple114/v4/27/4d/f6/274df6ea-311e-fd8f-bdf5-48fb55e2e2bf/AppIcon-0-0-1x_U007emarketing-0-0-0-6-0-0-sRGB-0-0-0-GLES2_U002c0-512MB-85-220-0-0.png/230x0w.png",
    "shortDescription": "Activity, Sleep & Nutrition",
    "longDescription": "Start a free 90-day trial of Fitbit Premium for personalized guidance, customized health programs, mindfulness content and 240+ video workouts you can do at home. \r\n\r\n Say hello to one of the world’s leading apps for health and fitness. Use the Fitbit app on it’s own to join our community, track basic stats and stay motivated on your journey. Or, get a Fitbit tracker or smartwatch to see how your activity, workouts, sleep, nutrition and stress all fit together. Either way, you’ll find the information and inspiration you need to reach your goals—all in one place. \r\n\r\n A free app that tracks your day & progress over time Find free workouts, nutrition programs, \r\n ditation tracks, sleep tools & more \r\n Connect with friends, start challenges & join an inspiring community \r\n Set goals, earn achievement badges & celebrate milestones \r\n Automatically sync your data to 3,000+ popular partner apps \r\n Access innovative smartwatch apps & fresh clock faces \r\n Works with all Fitbit trackers, smartwatches, scales & other Fitbit products.",
    "thumbnailImage1": "https://is1-ssl.mzstatic.com/image/thumb/Purple123/v4/74/a7/8a/74a78afb-3d18-2be2-4486-9f80cd112b25/pr_source.png/230x0w.png",
    "thumbnailImage2": "https://is3-ssl.mzstatic.com/image/thumb/Purple113/v4/7d/ce/a9/7dcea90c-84a8-9c96-8c5a-fa2d8e088c8b/mzl.agtbqljh.png/230x0w.png",
    "thumbnailImage3": "https://is3-ssl.mzstatic.com/image/thumb/Purple123/v4/4d/3d/d0/4d3dd0d6-f878-e72f-9fa9-55d38d7aaf02/pr_source.png/230x0w.png",
    "supportedPlatforms": ["Android", "", ""],
    "lastUpdatedBy": "MarketPlace",
    "contactEmail": "revathi.chengavarayan@changehealthcare.com",
    "attestOnCARINPolicies": false,
    "status": 1.0,
    "CEOName": "RCC",
    "supportEmail": "rev_pat@yahoo.com",
    "companyIconLink": "https://www.changerc.com/company-icon",
    "createdBy": "MarketPlace",
    "appLink": "https://www.changerc.com/app",
    "termsAndConditionsLink": "https://www.changerc.com/terms",
    "CEOPhoneNumber": "345-456-7890",
    "attestOnVulnerabilities": true,
    "createdOn": "2020-12-08 17:37:15.023786+00:00",
    "privacyPolicyLink": "https://www.changerc.com/privacy",
    "lastUpdatedOn": "2020-12-08 17:37:15.023786+00:00",
    "id": "u64c2gab-1d41-4g53-98c1-73d8c49a0d16",
    "reference_id": "81899ae4-4b08-ccd5-63c9-1ac1d22b9c2d",
    "CEOEmail": "rc@change12201.com"
  },
  {
    "appName": "Garmin Connect‪™",
    "companyName": "Garmin",
    "shortDescription": "beat yesterday.",
    "appIconLink": "https://is3-ssl.mzstatic.com/image/thumb/Purple124/v4/36/f6/13/36f61356-7843-e536-00e5-7786b838b2be/AppIcon-0-0-1x_U007emarketing-0-0-0-6-0-0-sRGB-0-0-0-GLES2_U002c0-512MB-85-220-0-0.png/460x0w.png",
    "longDescription": "Garmin Connect™ is your one-stop source for health and fitness data. Whether you’re training for a race or tracking steps, it provides the information and inspiration you need to beat yesterday. \r\n\r\n Once paired with a compatible(1) Garmin device, activity tracking is just the beginning of what Garmin Connect™ can do for you. You can create new workouts, build courses and even challenge your friends to compete, all within the app. \r\n\r\n Garmin Connect™ is packed with useful features, including the ability to: \r\n\r\n - View today’s health data in vivid detail on your personalized My Day page. \r\n - Analyze your activities and their related statistics.(2) \r\n - Create customized workouts and courses. \r\n - Sync with other apps like Apple Health, MyFitnessPal and Strava. \r\n - Review personal records for steps, distance and pace. \r\n - Earn badges for accomplishments. \r\n - See how you measure up to other Connect users with Insights. \r\n - Get support for Garmin devices and their features.",
    "thumbnailImage1": "https://is5-ssl.mzstatic.com/image/thumb/Purple123/v4/36/3a/38/363a38dd-8213-c39c-618a-0b514dc41bb2/pr_source.png/230x0w.png",
    "supportedPlatforms": ["Android", "", ""],
    "lastUpdatedBy": "MarketPlace",
    "contactEmail": "revathi.chengavarayan@changehealthcare.com",
    "companyIconLink": "durgabutetcom",
    "attestOnCARINPolicies": false,   
    "status": 1.0,
    "CEOName": "RCC",
    "supportEmail": "rev_pat@yahoo.com",
    "createdBy": "MarketPlace",
    "termsAndConditionsLink": "https://www.changerc.com/terms",
    "CEOPhoneNumber": "345-456-7890",
    "attestOnVulnerabilities": true,
    "createdOn": "2020-12-08 17:37:15.023786+00:00",
    "privacyPolicyLink": "https://www.changerc.com/privacy",
    "lastUpdatedOn": "2020-12-08 17:37:15.023786+00:00",
    "id": "d64c3bar-0d41-2a53-98c5-73d8c49a0d16",
    "reference_id": "81899ae4-4b08-ccd5-63c9-1ac1d22b9c2d",
    "CEOEmail": "rc@change12201.com"
  },
  {
    "appName": "Health12",
    "companyName": "change122201",
    "appIconLink": "https://www.changerc.com/app-icon",
    "shortDescription": "catcha",
    "longDescription": "Joining the Change Healthcare App Registry makes your application available to receive specific data from our customer's members.\r\n\r\nThis service is provided as-is, and does not constitute a guarantee that our customer's members will select your application to these terms.\r\nBy clicking submit below, you asssert your understanding and agreement to these terms.\r\n\r\nPlease fill out all the required information below. Our team will review your information and enable your listing or provide you feedback within 2 business days.",
    "thumbnailImage1": "",
    "thumbnailImage2": "",
    "thumbnailImage3": "",
    "supportedPlatforms": ["Android", "", ""],
    "lastUpdatedBy": "MarketPlace",
    "contactEmail": "revathi.chengavarayan@changehealthcare.com",
    "attestOnCARINPolicies": false,
    "status": 1.0,
    "CEOName": "RCC",
    "supportEmail": "rev_pat@yahoo.com",
    "companyIconLink": "https://www.changerc.com/company-icon",
    "createdBy": "MarketPlace",
    "appLink": "https://www.changerc.com/app",
    "termsAndConditionsLink": "https://www.changerc.com/terms",
    "CEOPhoneNumber": "345-456-7890",
    "attestOnVulnerabilities": true,
    "createdOn": "2020-12-08 17:37:15.023786+00:00",
    "privacyPolicyLink": "https://www.changerc.com/privacy",
    "lastUpdatedOn": "2020-12-08 17:37:15.023786+00:00",
    "id": "t64c3gab-2d41-4a53-98c1-73d8c49a0d16",
    "reference_id": "81899ae4-4b08-ccd5-63c9-1ac1d22b9c2d",
    "CEOEmail": "rc@change12201.com"
  },
  {
    "supportedPlatforms": ["Android", "Web", "iOS"],
    "lastUpdatedBy": "MarketPlace",
    "appName": "durgabutetcom",
    "contactEmail": "durga@butet3.com",
    "attestOnCARINPolicies": true,
    "companyName": "durgabutetcom",
    "status": 1.0,
    "CEOName": "durgabutetcom",
    "supportEmail": "durga@butet3.com",
    "companyIconLink": "durgabutetcom",
    "longDescription": "asd",
    "createdBy": "MarketPlace",
    "appLink": "durgabutetcom",
    "termsAndConditionsLink": "durgabutetcom",
    "CEOPhoneNumber": "112-123-4567",
    "shortDescription": "asd",
    "attestOnVulnerabilities": false,
    "appIconLink": "durgabutetcom",
    "createdOn": "2020-12-09 15:51:34.240721+00:00",
    "privacyPolicyLink": "durgabutetcom",
    "lastUpdatedOn": "2020-12-09 15:51:34.240721+00:00",
    "id": "78c7b0a5-6dd6-40bc-9121-bfd463bacc15",
    "reference_id": "dd4cd526-a965-12a9-18da-25a658a4b480",
    "CEOEmail": "durga@butet3.com"
  },
  {
    "supportedPlatforms": ["Android", "Web", "iOS"],
    "lastUpdatedBy": "MarketPlace",
    "appName": "ada",
    "contactEmail": "Durga@safi.com",
    "attestOnCARINPolicies": false,
    "companyName": "Durgacompany",
    "status": 1.0,
    "CEOName": "Durga",
    "supportEmail": "Durga@safari.com",
    "companyIconLink": "ald",
    "longDescription": "knkn",
    "createdBy": "MarketPlace",
    "appLink": "lasd",
    "termsAndConditionsLink": "kkj",
    "CEOPhoneNumber": "123-123-1232",
    "shortDescription": "knkk",
    "attestOnVulnerabilities": true,
    "appIconLink": "knk",
    "createdOn": "2020-12-07 21:59:05.336964+00:00",
    "privacyPolicyLink": "kkj",
    "lastUpdatedOn": "2020-12-07 21:59:05.336964+00:00",
    "id": "314d6181-a4dc-465c-a52c-566f9ea9ec79",
    "reference_id": "a394c6a0-f159-83e0-5a33-45bfd9a2bd07",
    "CEOEmail": "durga@safari.com"
  }
]
