{
  "hasRatingSummary": false,
  "specialties": [],
  "data": [],
  "offset": 0,
  "highestReviewNumber": 0,
  "localAverage": {
    "minValue": null,
    "maxValue": null
  },
  "limit": 10,
  "links": {
    "first": "/provider_service_groups/966/costs?origin=36.1590872%2C-86.7784832&distance=25&offset=0",
    "last": "/provider_service_groups/966/costs?origin=36.1590872%2C-86.7784832&distance=25&offset=0",
    "prev": null,
    "next": null
  },
  "highestRatingNumber": 0,
  "nationalAverage": {
    "minValue": 70,
    "maxValue": 233
  },
  "totalCount": 0,
  "hasReviewSummary": false
}
