{
  "hasRatingSummary": false,
  "specialties": [
    {
      "name": "Internal Medicine",
      "count": 132
    },
    {
      "name": "Pediatrics",
      "count": 126
    },
    {
      "name": "Family Medicine",
      "count": 116
    },
    {
      "name": "Nurse Practitioner (NP)",
      "count": 79
    },
    {
      "name": "Orthopedic Surgery",
      "count": 60
    },
    {
      "name": "Dermatology",
      "count": 40
    },
    {
      "name": "Obstetrics and Gynecology",
      "count": 25
    },
    {
      "name": "Pulmonary/Allergy/Immunology",
      "count": 23
    },
    {
      "name": "Psychiatry",
      "count": 23
    },
    {
      "name": "Cardiovascular Medicine",
      "count": 21
    },
    {
      "name": "Urology",
      "count": 20
    },
    {
      "name": "Otolaryngology",
      "count": 18
    },
    {
      "name": "Gastroenterology",
      "count": 17
    },
    {
      "name": "Ophthalmology",
      "count": 12
    },
    {
      "name": "Optometry ",
      "count": 12
    },
    {
      "name": "Endocrinology/Diabetes/Metabolism",
      "count": 12
    },
    {
      "name": "Chiropractic (DC)",
      "count": 12
    },
    {
      "name": "Sports Medicine",
      "count": 11
    },
    {
      "name": "General Surgery",
      "count": 11
    },
    {
      "name": "Neurology",
      "count": 10
    },
    {
      "name": "Podiatrists (DPM)",
      "count": 10
    },
    {
      "name": "Medical Oncology",
      "count": 10
    },
    {
      "name": "General Practice",
      "count": 9
    },
    {
      "name": "Neurosurgery",
      "count": 9
    },
    {
      "name": "Anesthesiology",
      "count": 8
    },
    {
      "name": "Physician Assistants (PAs)",
      "count": 8
    },
    {
      "name": "Pain Management",
      "count": 7
    },
    {
      "name": "Rheumatology",
      "count": 6
    },
    {
      "name": "Urgent Care Facility",
      "count": 6
    },
    {
      "name": "Hematology/Oncology",
      "count": 6
    },
    {
      "name": "Physical Medicine and Rehabilitation",
      "count": 5
    },
    {
      "name": "Cardiology",
      "count": 4
    },
    {
      "name": "Maternal Fetal Medicine",
      "count": 4
    },
    {
      "name": "Gynecology",
      "count": 3
    },
    {
      "name": "Nephrology",
      "count": 3
    },
    {
      "name": "Hand Surgery",
      "count": 3
    },
    {
      "name": "Pediatric Neurology",
      "count": 3
    },
    {
      "name": "Oncology",
      "count": 3
    },
    {
      "name": "Optometrists (OD)",
      "count": 3
    },
    {
      "name": "Plastic Surgery",
      "count": 3
    },
    {
      "name": "Other",
      "count": 2
    },
    {
      "name": "Pediatric Gastroenterology",
      "count": 2
    },
    {
      "name": "Reproductive Endocrinology",
      "count": 2
    },
    {
      "name": "Radiation Oncology",
      "count": 2
    },
    {
      "name": "Pediatric Urology",
      "count": 2
    },
    {
      "name": "Colorectal Surgery ",
      "count": 2
    },
    {
      "name": "Infectious Disease",
      "count": 2
    },
    {
      "name": "Adolescent Medicine",
      "count": 1
    },
    {
      "name": "Dermatopathology",
      "count": 1
    },
    {
      "name": "Genetic Medicine",
      "count": 1
    },
    {
      "name": "Orthopaedics",
      "count": 1
    },
    {
      "name": "Vascular Surgery",
      "count": 1
    },
    {
      "name": "Pediatric Ophthalmology",
      "count": 1
    },
    {
      "name": "Hematology",
      "count": 1
    },
    {
      "name": "Pediatric Orthopedics",
      "count": 1
    },
    {
      "name": "Certified Clinical Nurse Specialist",
      "count": 1
    },
    {
      "name": "Surgical Oncology",
      "count": 1
    },
    {
      "name": "Pediatric Endocrinology",
      "count": 1
    },
    {
      "name": "Pediatric Nephrology",
      "count": 1
    },
    {
      "name": "Emergency Medicine",
      "count": 1
    },
    {
      "name": "Child & Adolescent Psychiatry",
      "count": 1
    },
    {
      "name": "Geriatrics",
      "count": 1
    },
    {
      "name": "Sleep Medicine",
      "count": 1
    },
    {
      "name": "Preventive Medicine",
      "count": 1
    },
    {
      "name": "Pediatric Cardiology",
      "count": 1
    },
    {
      "name": "ENT - Otolaryngology",
      "count": 1
    },
    {
      "name": "Skilled Nursing Facility",
      "count": 1
    },
    {
      "name": "Psychologist",
      "count": 1
    }
  ],
  "data": [
    {
      "id": "L-33964571--",
      "type": "medExpectedCosts",
      "expectedCost": 40,
      "specialtyName": "Internal Medicine",
      "preferred": false,
      "designationRank": null,
      "provider": {
        "id": "8253631",
        "type": "providers",
        "providerType": "Physician",
        "name": "TELADOC PHYSICIANS P.C.PHYSIC PHYSICPHYSICPHYSICPHYSICPHYSICPHYSICPHYSIC",
        "npi": "1568731503",
        "website": null,
        "locationAgnostic": true,
        "serviceLocation": {
          "id": "7991275",
          "type": "providerAddresses",
          "externalId": null,
          "address1": "4100 SPRING VALLEY STE 515",
          "address2": "",
          "city": "DALLAS",
          "state": "TX",
          "zipcode": "75244",
          "distance": "",
          "latitude": 32.939358,
          "longitude": -96.83722
        },
        "phoneNumber": "18008352362",
        "qualityRating": {
          "score": null,
          "maxScore": 100
        },
        "qualitySummary": {
          "ratingSummary": null,
          "reviewSummary": null
        },
        "designationPrimarySortingGroup": null,
        "designationLabels": [],
        "designationLogos": []
      },
      "secondaryProvider": null,
      "distinctions": null
    },
    {
      "id": "L-33953098-19189804-",
      "type": "medExpectedCosts",
      "expectedCost": 48.9,
      "specialtyName": "Internal Medicine",
      "preferred": false,
      "designationRank": null,
      "provider": {
        "id": "6981900",
        "type": "providers",
        "providerType": "Physician",
        "name": "ST. THOMAS MEDICAL GROUP PLLC",
        "npi": "1467472258",
        "website": null,
        "locationAgnostic": false,
        "serviceLocation": {
          "id": "19189804",
          "type": "providerAddresses",
          "externalId": null,
          "address1": "4230 HARDING PIKE",
          "address2": "SUITE 400",
          "city": "NASHVILLE",
          "state": "TN",
          "zipcode": "37205",
          "distance": 6,
          "latitude": 36.1086,
          "longitude": -86.8658
        },
        "phoneNumber": "6152972700",
        "qualityRating": {
          "score": null,
          "maxScore": 100
        },
        "qualitySummary": {
          "ratingSummary": null,
          "reviewSummary": null
        },
        "designationPrimarySortingGroup": null,
        "designationLabels": [],
        "designationLogos": []
      },
      "secondaryProvider": null,
      "distinctions": null
    },
    {
      "id": "L-33673773-2886661-",
      "type": "medExpectedCosts",
      "expectedCost": 64.26,
      "specialtyName": "Internal Medicine",
      "preferred": false,
      "designationRank": null,
      "provider": {
        "id": "5204795",
        "type": "providers",
        "providerType": "Physician",
        "name": "BOB P GRAHAM MD",
        "npi": "1497789556",
        "website": null,
        "locationAgnostic": false,
        "serviceLocation": {
          "id": "2886661",
          "type": "providerAddresses",
          "externalId": null,
          "address1": "300 20TH AVE NORTH",
          "address2": "STE 500",
          "city": "NASHVILLE",
          "state": "TN",
          "zipcode": "37203",
          "distance": 1.3,
          "latitude": 36.154354,
          "longitude": -86.801544
        },
        "phoneNumber": "6153210032",
        "qualityRating": {
          "score": 60,
          "maxScore": 100
        },
        "qualitySummary": {
          "ratingSummary": null,
          "reviewSummary": {
            "id": 177779,
            "type": "providerReviewSummary",
            "score": 4,
            "count": "4",
            "displayType": "Stars"
          }
        },
        "designationPrimarySortingGroup": null,
        "designationLabels": [],
        "designationLogos": []
      },
      "secondaryProvider": null,
      "distinctions": null
    },
    {
      "id": "L-33679363-19126858-",
      "type": "medExpectedCosts",
      "expectedCost": 64.99,
      "specialtyName": "Internal Medicine",
      "preferred": false,
      "designationRank": null,
      "provider": {
        "id": "5647874",
        "type": "providers",
        "providerType": "Physician",
        "name": "JOHN T SHAW M.D.",
        "npi": "1245300391",
        "website": null,
        "locationAgnostic": false,
        "serviceLocation": {
          "id": "19126858",
          "type": "providerAddresses",
          "externalId": null,
          "address1": "1916 PATTERSON ST",
          "address2": "SUITE 300",
          "city": "NASHVILLE",
          "state": "TN",
          "zipcode": "37203",
          "distance": 0.9,
          "latitude": 36.1504,
          "longitude": -86.7916
        },
        "phoneNumber": null,
        "qualityRating": {
          "score": 79,
          "maxScore": 100
        },
        "qualitySummary": {
          "ratingSummary": null,
          "reviewSummary": {
            "id": 320727,
            "type": "providerReviewSummary",
            "score": 5,
            "count": "43",
            "displayType": "Stars"
          }
        },
        "designationPrimarySortingGroup": null,
        "designationLabels": [],
        "designationLogos": []
      },
      "secondaryProvider": null,
      "distinctions": null
    },
    {
      "id": "L-33679286-2591183-",
      "type": "medExpectedCosts",
      "expectedCost": 64.99,
      "specialtyName": "Internal Medicine",
      "preferred": false,
      "designationRank": null,
      "provider": {
        "id": "4989918",
        "type": "providers",
        "providerType": "Physician",
        "name": "JULIE C STINSON-REYNOLDS M.D.",
        "npi": "1598723645",
        "website": null,
        "locationAgnostic": false,
        "serviceLocation": {
          "id": "2591183",
          "type": "providerAddresses",
          "externalId": null,
          "address1": "510 RECOVERY RD",
          "address2": "SUITE 201",
          "city": "NASHVILLE",
          "state": "TN",
          "zipcode": "37211",
          "distance": 6.4,
          "latitude": 36.079746,
          "longitude": -86.71878
        },
        "phoneNumber": "6158337080",
        "qualityRating": {
          "score": 61,
          "maxScore": 100
        },
        "qualitySummary": {
          "ratingSummary": null,
          "reviewSummary": {
            "id": 344196,
            "type": "providerReviewSummary",
            "score": 4,
            "count": "20",
            "displayType": "Stars"
          }
        },
        "designationPrimarySortingGroup": null,
        "designationLabels": [],
        "designationLogos": []
      },
      "secondaryProvider": null,
      "distinctions": null
    },
    {
      "id": "L-33938403-2591058-",
      "type": "medExpectedCosts",
      "expectedCost": 64.99,
      "specialtyName": "Internal Medicine",
      "preferred": false,
      "designationRank": null,
      "provider": {
        "id": "4989814",
        "type": "providers",
        "providerType": "Physician",
        "name": "TRACY J OSBORNE M.D.",
        "npi": "1174580286",
        "website": null,
        "locationAgnostic": false,
        "serviceLocation": {
          "id": "2591058",
          "type": "providerAddresses",
          "externalId": null,
          "address1": "510 RECOVERY RD",
          "address2": "SUITE 201",
          "city": "NASHVILLE",
          "state": "TN",
          "zipcode": "37211",
          "distance": 6.4,
          "latitude": 36.079746,
          "longitude": -86.71878
        },
        "phoneNumber": "6158337080",
        "qualityRating": {
          "score": 61,
          "maxScore": 100
        },
        "qualitySummary": {
          "ratingSummary": null,
          "reviewSummary": {
            "id": 69594,
            "type": "providerReviewSummary",
            "score": 4,
            "count": "54",
            "displayType": "Stars"
          }
        },
        "designationPrimarySortingGroup": null,
        "designationLabels": [],
        "designationLogos": []
      },
      "secondaryProvider": null,
      "distinctions": null
    },
    {
      "id": "L-33933764-7327193-",
      "type": "medExpectedCosts",
      "expectedCost": 64.99,
      "specialtyName": "Internal Medicine",
      "preferred": false,
      "designationRank": null,
      "provider": {
        "id": "4601810",
        "type": "providers",
        "providerType": "Physician",
        "name": "OLUSOLA OLANREWAJU OGUNTOLU MD",
        "npi": "1346244324",
        "website": null,
        "locationAgnostic": false,
        "serviceLocation": {
          "id": "7327193",
          "type": "providerAddresses",
          "externalId": null,
          "address1": "2900 FELICIA ST",
          "address2": "STE 102",
          "city": "NASHVILLE",
          "state": "TN",
          "zipcode": "37209",
          "distance": 6.9,
          "latitude": 36.142,
          "longitude": -86.8999
        },
        "phoneNumber": "6153217255",
        "qualityRating": {
          "score": 60,
          "maxScore": 100
        },
        "qualitySummary": {
          "ratingSummary": null,
          "reviewSummary": {
            "id": 54925,
            "type": "providerReviewSummary",
            "score": 4,
            "count": "8",
            "displayType": "Stars"
          }
        },
        "designationPrimarySortingGroup": null,
        "designationLabels": [],
        "designationLogos": []
      },
      "secondaryProvider": null,
      "distinctions": null
    },
    {
      "id": "L-33935123-19085729-",
      "type": "medExpectedCosts",
      "expectedCost": 64.99,
      "specialtyName": "Internal Medicine",
      "preferred": false,
      "designationRank": null,
      "provider": {
        "id": "4696237",
        "type": "providers",
        "providerType": "Physician",
        "name": "JOHN W INTERLANDI MD",
        "npi": "1992790174",
        "website": null,
        "locationAgnostic": false,
        "serviceLocation": {
          "id": "19085729",
          "type": "providerAddresses",
          "externalId": null,
          "address1": "5651 FRIST BLVD",
          "address2": "STE 415",
          "city": "HERMITAGE",
          "state": "TN",
          "zipcode": "37076",
          "distance": 10.8,
          "latitude": 36.1536,
          "longitude": -86.584
        },
        "phoneNumber": "6158717258",
        "qualityRating": {
          "score": 61,
          "maxScore": 100
        },
        "qualitySummary": {
          "ratingSummary": null,
          "reviewSummary": {
            "id": 182385,
            "type": "providerReviewSummary",
            "score": 4,
            "count": "55",
            "displayType": "Stars"
          }
        },
        "designationPrimarySortingGroup": null,
        "designationLabels": [],
        "designationLogos": []
      },
      "secondaryProvider": null,
      "distinctions": null
    },
    {
      "id": "L-33664137-7618052-",
      "type": "medExpectedCosts",
      "expectedCost": 64.99,
      "specialtyName": "Internal Medicine",
      "preferred": false,
      "designationRank": null,
      "provider": {
        "id": "5122727",
        "type": "providers",
        "providerType": "Physician",
        "name": "ASHOK K MEHTA M.D.",
        "npi": "1114961596",
        "website": null,
        "locationAgnostic": false,
        "serviceLocation": {
          "id": "7618052",
          "type": "providerAddresses",
          "externalId": null,
          "address1": "151 ADAMS LN",
          "address2": "SUITE 13",
          "city": "MOUNT JULIET",
          "state": "TN",
          "zipcode": "37122",
          "distance": 14.6,
          "latitude": 36.169613,
          "longitude": -86.517136
        },
        "phoneNumber": "6152884087",
        "qualityRating": {
          "score": 61,
          "maxScore": 100
        },
        "qualitySummary": {
          "ratingSummary": null,
          "reviewSummary": {
            "id": 246609,
            "type": "providerReviewSummary",
            "score": 4,
            "count": "44",
            "displayType": "Stars"
          }
        },
        "designationPrimarySortingGroup": null,
        "designationLabels": [],
        "designationLogos": []
      },
      "secondaryProvider": null,
      "distinctions": null
    },
    {
      "id": "L-33936096-11651847-",
      "type": "medExpectedCosts",
      "expectedCost": 64.99,
      "specialtyName": "Internal Medicine",
      "preferred": false,
      "designationRank": null,
      "provider": {
        "id": "4780371",
        "type": "providers",
        "providerType": "Physician",
        "name": "FRED A NORDQUIST M.D.",
        "npi": "1043294747",
        "website": null,
        "locationAgnostic": false,
        "serviceLocation": {
          "id": "11651847",
          "type": "providerAddresses",
          "externalId": null,
          "address1": "274 CENTRE ST",
          "address2": "SUITE 100",
          "city": "PLEASANT VIEW",
          "state": "TN",
          "zipcode": "37146",
          "distance": 16.9,
          "latitude": 36.2711,
          "longitude": -87.048
        },
        "phoneNumber": null,
        "qualityRating": {
          "score": 79,
          "maxScore": 100
        },
        "qualitySummary": {
          "ratingSummary": null,
          "reviewSummary": {
            "id": 445081,
            "type": "providerReviewSummary",
            "score": 5,
            "count": "62",
            "displayType": "Stars"
          }
        },
        "designationPrimarySortingGroup": null,
        "designationLabels": [],
        "designationLogos": []
      },
      "secondaryProvider": null,
      "distinctions": null
    }
  ],
  "offset": 0,
  "highestReviewNumber": 5,
  "localAverage": {
    "minValue": 40,
    "maxValue": 136.76
  },
  "limit": 10,
  "links": {
    "first": "/provider_service_groups/70/costs?distance=25&origin=36.1590872%2C-86.7784832&offset=0",
    "last": "/provider_service_groups/70/costs?distance=25&origin=36.1590872%2C-86.7784832&offset=130",
    "prev": null,
    "next": "/provider_service_groups/70/costs?distance=25&origin=36.1590872%2C-86.7784832&offset=10"
  },
  "highestRatingNumber": 0,
  "nationalAverage": {
    "minValue": 76,
    "maxValue": 98
  },
  "totalCount": 132,
  "hasReviewSummary": true
}
