{
  "data": {
    "id": "13181",
    "maintenance": false,
    "generic": true,
    "name": "PEAK-AIR",
    "ingredient": "",
    "sideEffects": "",
    "commonUses": "",
    "alternatives": [],
    "rxBrandDosages": [
      {
        "id": "28957",
        "type": "rxBrandDosages",
        "strength": "",
        "rank": 999999,
        "form": "EACH",
        "alternatives": [],
        "frequencies": [
          { "name": "per_episode", "label": "per_episode", "default": false }
        ],
        "quantities": [{ "quantity": 10, "default": false }],
        "ndcCodes": ["73796069940"]
      }
    ],
    "type": "rxBrands"
  }
}
