{
  "data": {
    "id": "1664",
    "maintenance": false,
    "generic": true,
    "name": "ASSESS",
    "ingredient": "",
    "sideEffects": "",
    "commonUses": "",
    "alternatives": [],
    "rxBrandDosages": [
      {
        "id": "12892",
        "type": "rxBrandDosages",
        "strength": "",
        "rank": 999999,
        "form": "EACH",
        "alternatives": [],
        "frequencies": [
          { "name": "per_episode", "label": "per_episode", "default": false }
        ],
        "quantities": [],
        "ndcCodes": ["08373071000"]
      }
    ],
    "type": "rxBrands"
  }
}
