{
  "data": {
    "id": "667",
    "maintenance": true,
    "generic": true,
    "name": "ALBUTEROL SULFATE",
    "ingredient": "ALBUTEROL (SALBUTAMOL) LIQUID - ORAL (al-BUE-ter-ol/sal-BUE-ta-mol)",
    "sideEffects": "SIDE EFFECTS:  Nervousness, shaking (tremor), headache, or dizziness may occur. If any of these effects persist or worsen, tell your doctor or pharmacist promptly.    Remember that your doctor has prescribed this medication because he or she has judged that the benefit to you is greater than the risk of side effects. Many people using this medication do not have serious side effects.    This medication may raise your blood pressure. Check your blood pressure regularly and tell your doctor if the results are high.    Tell your doctor right away if you have any serious side effects, including: fast/pounding heartbeat.    Get medical help right away if you have any rare but very serious side effects, including: chest pain, irregular heartbeat.    Rarely, this medication has caused severe (rarely fatal), sudden worsening of breathing problems/asthma (paradoxical bronchospasm). If you experience sudden wheezing, get medical help right away.    A very serious allergic reaction to this drug is rare. However, get medical help right away if you notice any symptoms of a serious allergic reaction, including: rash, itching/swelling (especially of the face/tongue/throat), severe dizziness, trouble breathing.    This is not a complete list of possible side effects. If you notice other effects not listed above, contact your doctor or pharmacist.    In the US -    Call your doctor for medical advice about side effects. You may report side effects to FDA at 1-800-FDA-1088 or at www.fda.gov/medwatch.    In Canada - Call your doctor for medical advice about side effects. You may report side effects to Health Canada at 1-866-234-2345.",
    "commonUses": "USES:  Albuterol (also known as salbutamol) is used to treat wheezing and shortness of breath caused by breathing problems (such as asthma, chronic obstructive pulmonary disease). Albuterol belongs to a class of drugs known as bronchodilators. It works in the airways by opening breathing passages and relaxing muscles. Controlling symptoms of breathing problems can decrease time lost from work or school.    This medication is taken by mouth and does not work right away. It should not be used for sudden attacks of breathing trouble. Your doctor may prescribe a quick-relief inhaler for sudden shortness of breath/asthma attacks while you are on this medication. Always have the quick-relief inhaler with you. Consult your doctor or pharmacist for more details.",
    "alternatives": [],
    "rxBrandDosages": [
      {
        "id": "9201",
        "type": "rxBrandDosages",
        "strength": "2.5 MG/0.5",
        "rank": 8,
        "form": "VIAL-NEB",
        "alternatives": [],
        "frequencies": [
          {
            "name": "daily",
            "label": "daily",
            "default": false
          }
        ],
        "quantities": [
          {
            "quantity": 75.0,
            "default": true
          },
          {
            "quantity": 90.0,
            "default": false
          },
          {
            "quantity": 150.0,
            "default": false
          },
          {
            "quantity": 180.0,
            "default": false
          },
          {
            "quantity": 225.0,
            "default": false
          },
          {
            "quantity": 270.0,
            "default": false
          },
          {
            "quantity": 300.0,
            "default": false
          },
          {
            "quantity": 360.0,
            "default": false
          },
          {
            "quantity": 375.0,
            "default": false
          },
          {
            "quantity": 540.0,
            "default": false
          }
        ],
        "ndcCodes": ["00487990130", "00487990102"]
      },
      {
        "id": "1218",
        "type": "rxBrandDosages",
        "strength": "1.25MG/3ML",
        "rank": 2,
        "form": "VIAL-NEB",
        "alternatives": [],
        "frequencies": [
          {
            "name": "daily",
            "label": "daily",
            "default": false
          }
        ],
        "quantities": [
          {
            "quantity": 75.0,
            "default": true
          },
          {
            "quantity": 90.0,
            "default": false
          },
          {
            "quantity": 150.0,
            "default": false
          },
          {
            "quantity": 180.0,
            "default": false
          },
          {
            "quantity": 225.0,
            "default": false
          },
          {
            "quantity": 270.0,
            "default": false
          },
          {
            "quantity": 300.0,
            "default": false
          },
          {
            "quantity": 360.0,
            "default": false
          },
          {
            "quantity": 375.0,
            "default": false
          },
          {
            "quantity": 540.0,
            "default": false
          }
        ],
        "ndcCodes": [
          "00378699252",
          "00487990425",
          "00487990401",
          "00591346853",
          "00378699298",
          "54868570900",
          "00487990402"
        ]
      },
      {
        "id": "19890",
        "type": "rxBrandDosages",
        "strength": "",
        "rank": 999999,
        "form": "POWDER",
        "alternatives": [],
        "frequencies": [
          {
            "name": "daily",
            "label": "daily",
            "default": false
          }
        ],
        "quantities": [
          {
            "quantity": 75.0,
            "default": true
          },
          {
            "quantity": 90.0,
            "default": false
          },
          {
            "quantity": 150.0,
            "default": false
          },
          {
            "quantity": 180.0,
            "default": false
          },
          {
            "quantity": 225.0,
            "default": false
          },
          {
            "quantity": 270.0,
            "default": false
          },
          {
            "quantity": 300.0,
            "default": false
          },
          {
            "quantity": 360.0,
            "default": false
          },
          {
            "quantity": 375.0,
            "default": false
          },
          {
            "quantity": 540.0,
            "default": false
          }
        ],
        "ndcCodes": [
          "62991100604",
          "62991100603",
          "62991100602",
          "62991100601",
          "51927157300",
          "38779018509",
          "38779018508",
          "38779018505",
          "38779018504",
          "38779018501"
        ]
      },
      {
        "id": "4",
        "type": "rxBrandDosages",
        "strength": "2 mg/5 mL",
        "rank": 4,
        "form": "SYRUP",
        "alternatives": [],
        "frequencies": [
          {
            "name": "daily",
            "label": "daily",
            "default": false
          }
        ],
        "quantities": [
          {
            "quantity": 75.0,
            "default": true
          },
          {
            "quantity": 90.0,
            "default": false
          },
          {
            "quantity": 150.0,
            "default": false
          },
          {
            "quantity": 180.0,
            "default": false
          },
          {
            "quantity": 225.0,
            "default": false
          },
          {
            "quantity": 270.0,
            "default": false
          },
          {
            "quantity": 300.0,
            "default": false
          },
          {
            "quantity": 360.0,
            "default": false
          },
          {
            "quantity": 375.0,
            "default": false
          },
          {
            "quantity": 540.0,
            "default": false
          }
        ],
        "ndcCodes": [
          "00472082516",
          "50383074016",
          "00093066116",
          "66689010016",
          "00603100858",
          "63629182801",
          "54868288700",
          "52959015309",
          "52959015306",
          "52959015303"
        ]
      },
      {
        "id": "6",
        "type": "rxBrandDosages",
        "strength": "4 mg",
        "rank": 6,
        "form": "TABLET",
        "alternatives": [],
        "frequencies": [
          {
            "name": "daily",
            "label": "daily",
            "default": false
          }
        ],
        "quantities": [
          {
            "quantity": 75.0,
            "default": true
          },
          {
            "quantity": 90.0,
            "default": false
          },
          {
            "quantity": 150.0,
            "default": false
          },
          {
            "quantity": 180.0,
            "default": false
          },
          {
            "quantity": 225.0,
            "default": false
          },
          {
            "quantity": 270.0,
            "default": false
          },
          {
            "quantity": 300.0,
            "default": false
          },
          {
            "quantity": 360.0,
            "default": false
          },
          {
            "quantity": 375.0,
            "default": false
          },
          {
            "quantity": 540.0,
            "default": false
          }
        ],
        "ndcCodes": [
          "00378057201",
          "53489017701",
          "69238134501",
          "69543029110",
          "00378057205",
          "64980044301",
          "68084095225",
          "69543029118",
          "68084095295",
          "63629273601"
        ]
      },
      {
        "id": "7",
        "type": "rxBrandDosages",
        "strength": "2.5 MG/3ML",
        "rank": 1,
        "form": "VIAL-NEB",
        "alternatives": [],
        "frequencies": [
          {
            "name": "daily",
            "label": "daily",
            "default": true
          }
        ],
        "quantities": [
          {
            "quantity": 75.0,
            "default": true
          },
          {
            "quantity": 90.0,
            "default": false
          },
          {
            "quantity": 150.0,
            "default": false
          },
          {
            "quantity": 180.0,
            "default": false
          },
          {
            "quantity": 225.0,
            "default": false
          },
          {
            "quantity": 270.0,
            "default": false
          },
          {
            "quantity": 300.0,
            "default": false
          },
          {
            "quantity": 360.0,
            "default": false
          },
          {
            "quantity": 375.0,
            "default": false
          },
          {
            "quantity": 540.0,
            "default": false
          }
        ],
        "ndcCodes": [
          "76204020025",
          "00487950125",
          "00378827052",
          "76204020060",
          "76204020030",
          "00487950103",
          "00487950160",
          "00591379783",
          "00591379730",
          "00591379760"
        ]
      },
      {
        "id": "975",
        "type": "rxBrandDosages",
        "strength": "0.63MG/3ML",
        "rank": 3,
        "form": "VIAL-NEB",
        "alternatives": [],
        "frequencies": [
          {
            "name": "daily",
            "label": "daily",
            "default": false
          }
        ],
        "quantities": [
          {
            "quantity": 75.0,
            "default": true
          },
          {
            "quantity": 90.0,
            "default": false
          },
          {
            "quantity": 150.0,
            "default": false
          },
          {
            "quantity": 180.0,
            "default": false
          },
          {
            "quantity": 225.0,
            "default": false
          },
          {
            "quantity": 270.0,
            "default": false
          },
          {
            "quantity": 300.0,
            "default": false
          },
          {
            "quantity": 360.0,
            "default": false
          },
          {
            "quantity": 375.0,
            "default": false
          },
          {
            "quantity": 540.0,
            "default": false
          }
        ],
        "ndcCodes": ["00378699152", "00487030101", "00591346753", "00487030102"]
      },
      {
        "id": "2097",
        "type": "rxBrandDosages",
        "strength": "4 mg",
        "rank": 7,
        "form": "TAB ER 12H",
        "alternatives": [],
        "frequencies": [
          {
            "name": "daily",
            "label": "daily",
            "default": false
          }
        ],
        "quantities": [
          {
            "quantity": 75.0,
            "default": true
          },
          {
            "quantity": 90.0,
            "default": false
          },
          {
            "quantity": 150.0,
            "default": false
          },
          {
            "quantity": 180.0,
            "default": false
          },
          {
            "quantity": 225.0,
            "default": false
          },
          {
            "quantity": 270.0,
            "default": false
          },
          {
            "quantity": 300.0,
            "default": false
          },
          {
            "quantity": 360.0,
            "default": false
          },
          {
            "quantity": 375.0,
            "default": false
          },
          {
            "quantity": 540.0,
            "default": false
          }
        ],
        "ndcCodes": ["00378412201", "68774040001"]
      },
      {
        "id": "5",
        "type": "rxBrandDosages",
        "strength": "2 mg",
        "rank": 999999,
        "form": "TABLET",
        "alternatives": [],
        "frequencies": [
          {
            "name": "daily",
            "label": "daily",
            "default": false
          }
        ],
        "quantities": [
          {
            "quantity": 75.0,
            "default": true
          },
          {
            "quantity": 90.0,
            "default": false
          },
          {
            "quantity": 150.0,
            "default": false
          },
          {
            "quantity": 180.0,
            "default": false
          },
          {
            "quantity": 225.0,
            "default": false
          },
          {
            "quantity": 270.0,
            "default": false
          },
          {
            "quantity": 300.0,
            "default": false
          },
          {
            "quantity": 360.0,
            "default": false
          },
          {
            "quantity": 375.0,
            "default": false
          },
          {
            "quantity": 540.0,
            "default": false
          }
        ],
        "ndcCodes": [
          "00378025501",
          "53489017601",
          "69543029010",
          "64980044201",
          "69238134401",
          "53489017605",
          "69543029018",
          "68084094995",
          "68084094925",
          "63629263802"
        ]
      },
      {
        "id": "8",
        "type": "rxBrandDosages",
        "strength": "5 mg/mL",
        "rank": 5,
        "form": "SOLUTION",
        "alternatives": [],
        "frequencies": [
          {
            "name": "daily",
            "label": "daily",
            "default": false
          }
        ],
        "quantities": [
          {
            "quantity": 75.0,
            "default": true
          },
          {
            "quantity": 90.0,
            "default": false
          },
          {
            "quantity": 150.0,
            "default": false
          },
          {
            "quantity": 180.0,
            "default": false
          },
          {
            "quantity": 225.0,
            "default": false
          },
          {
            "quantity": 270.0,
            "default": false
          },
          {
            "quantity": 300.0,
            "default": false
          },
          {
            "quantity": 360.0,
            "default": false
          },
          {
            "quantity": 375.0,
            "default": false
          },
          {
            "quantity": 540.0,
            "default": false
          }
        ],
        "ndcCodes": [
          "50383074120",
          "24208034720",
          "70004002087",
          "70004002086",
          "50090051700",
          "54868340700",
          "54569390000",
          "52959074120"
        ]
      }
    ],
    "type": "rxBrands"
  }
}
