{
  "humanName": {
    "family": "COCKSHUTT",
    "given": ["SALOMON"],
    "prefix": null,
    "suffix": null,
    "fullName": "Salomon Cockshutt",
    "use": "usual",
    "period": {
      "start": "2019-01-01T00:00:00+00:00",
      "end": "2019-12-31T23:59:59+00:00"
    }
  },
  "phone": "+972-54-2333123",
  "email": "salomon.cockshutt@gmail.com",
  "birthDate": "1958-01-10",
  "dateOfDeath": null,
  "gender": "male",
  "address": {
    "fullAddress": null,
    "line": ["3258 Harbord Drive"],
    "city": "Oakland",
    "state": "CA",
    "postalCode": "94607",
    "country": "string",
    "use": "string"
  },
  "languages": ["es-MX", "fr-FR"],
  "dependents": [
    {
      "dependentFullName": "Greg Cockshutt",
      "dependentBirthDate": "2013-07-01"
    },
    {
      "dependentFullName": "Joe Cockshutt",
      "dependentBirthDate": "2010-09-01"
    },
    {
      "dependentFullName": "Kristen Cockshutt",
      "dependentBirthDate": "1991-01-17"
    },
    {
      "dependentFullName": "Baby Cockshutt",
      "dependentBirthDate": "2020-08-01"
    }
  ],
  "avatar": {
    "contentType": null,
    "data": null,
    "url": null
  },
  "senderId": "string",
  "uniqueRecordIdentifier": "string"
}
