[
  {
    "subscriberNumber": "string",
    "healthCoverage": {
      "groupNumber": "string",
      "policyNumber": "string",
      "planId": "string",
      "planName": "string",
      "coverageStart": "2018-07-01",
      "coverageEnd": "2026-07-01"
    },
    "senderId": "string",
    "uniqueRecordIdentifier": "string"
  },
  {
    "subscriberNumber": "string",
    "healthCoverage": {
      "groupNumber": "string",
      "policyNumber": "string",
      "planId": "string",
      "planName": "string",
      "coverageStart": "2001-07-01",
      "coverageEnd": "2019-07-01"
    },
    "senderId": "string",
    "uniqueRecordIdentifier": "string"
  },
  {
    "subscriberNumber": "string",
    "healthCoverage": {
      "groupNumber": "string",
      "policyNumber": "string",
      "planId": "string",
      "planName": "string",
      "coverageStart": "2013-07-01"
    },
    "senderId": "string",
    "uniqueRecordIdentifier": "string"
  }
]
