{
  "data": {
    "indexName": "rxbrands",
    "hits": [
      {
        "id": 667,
        "name": "ALBUTEROL SULFATE",
        "commonUses": "USES:  Albuterol (also known as salbutamol) is used to treat wheezing and shortness of breath caused by breathing problems (such as asthma, chronic obstructive pulmonary disease). Albuterol belongs to a class of drugs known as bronchodilators. It works in the airways by opening breathing passages and relaxing muscles. Controlling symptoms of breathing problems can decrease time lost from work or school.    This medication is taken by mouth and does not work right away. It should not be used for sudden attacks of breathing trouble. Your doctor may prescribe a quick-relief inhaler for sudden shortness of breath/asthma attacks while you are on this medication. Always have the quick-relief inhaler with you. Consult your doctor or pharmacist for more details.",
        "genericName": null
      },
      {
        "id": 1713,
        "name": "ASTHMAMENTOR",
        "commonUses": null,
        "genericName": "ASTHMA CHECK, MICROLIFE PEAK FLOW, IN-CHECK NASAL WITH MASK, POCKET PEAK, TRUZONE PEAK FLOW METER, ASSESS, ASTHMAMENTOR, PEAK-AIR, IN-CHECK ORAL, PIKO 1, AIRZONE PEAK FLOW METER, MINI-WRIGHT PEAK FLOW METER, PERSONAL BEST"
      }
    ],
    "query": "albu",
    "totalHits": 2,
    "totalPages": 0,
    "type": "Search_rxbrands"
  }
}
