{
  "data": {
    "indexName": "providers",
    "hits": [
      {
        "credentials": "",
        "npi": [1134306244],
        "alias": "Vanderbilt asthma sinus and allergy program, llc",
        "id": "7375726",
        "type": "Physician",
        "name": "VANDERBILT ASTHMA SINUS AND ALLERGY PROGRAM, LLC",
        "distance": 0.9,
        "qualitySummary": {
          "reviewSummaryScore": "",
          "ratingSummaryScore": "",
          "reviewSummaryCount": ""
        },
        "primarySpecialty": "Pulmonary/Allergy/Immunology",
        "medicalProviderId": 7375726
      },
      {
        "credentials": "",
        "npi": [1083876338],
        "alias": "Allergy associates pa,The allergy, asthma & sinus center",
        "id": "7426216",
        "type": "UnspecifiedProvider",
        "name": "THE ALLERGY, ASTHMA & SINUS CENTER",
        "distance": 9.2,
        "qualitySummary": {
          "reviewSummaryScore": "",
          "ratingSummaryScore": "",
          "reviewSummaryCount": ""
        },
        "primarySpecialty": "Non-Specific Provider",
        "medicalProviderId": 7426216
      },
      {
        "credentials": "",
        "npi": [1669634929],
        "alias": "Allergy associates pa,The allergy asthma & sinus center",
        "id": "7426163",
        "type": "UnspecifiedProvider",
        "name": "THE ALLERGY ASTHMA & SINUS CENTER",
        "distance": 14.8,
        "qualitySummary": {
          "reviewSummaryScore": "",
          "ratingSummaryScore": "",
          "reviewSummaryCount": ""
        },
        "primarySpecialty": "Non-Specific Provider",
        "medicalProviderId": 7426163
      },
      {
        "credentials": "",
        "npi": [1053573378],
        "alias": "Allergy associates pa,The allergy asthma & sinus center",
        "id": "7426113",
        "type": "UnspecifiedProvider",
        "name": "THE ALLERGY ASTHMA & SINUS CENTER",
        "distance": 11.6,
        "qualitySummary": {
          "reviewSummaryScore": "",
          "ratingSummaryScore": "",
          "reviewSummaryCount": ""
        },
        "primarySpecialty": "Non-Specific Provider",
        "medicalProviderId": 7426113
      },
      {
        "credentials": "",
        "npi": [1629063995],
        "alias": "Allergy and asthma associates of middle tennessee,John overholt md pllc",
        "id": "6850408",
        "type": "UnspecifiedProvider",
        "name": "ALLERGY AND ASTHMA ASSOCIATES OF MIDDLE TENNESSEE",
        "distance": 21.3,
        "qualitySummary": {
          "reviewSummaryScore": "",
          "ratingSummaryScore": "",
          "reviewSummaryCount": ""
        },
        "primarySpecialty": "Non-Specific Provider",
        "medicalProviderId": 6850408
      },
      {
        "credentials": "",
        "npi": [1205931151],
        "alias": "",
        "id": "7044216",
        "type": "Physician",
        "name": "BRENTWOOD ALLERGY & ASTHMA, P.C.",
        "distance": 12.3,
        "qualitySummary": {
          "reviewSummaryScore": "",
          "ratingSummaryScore": "",
          "reviewSummaryCount": ""
        },
        "primarySpecialty": "Pulmonary/Allergy/Immunology",
        "medicalProviderId": 7044216
      },
      {
        "credentials": "",
        "npi": [1780872655],
        "alias": "",
        "id": "7338211",
        "type": "UnspecifiedProvider",
        "name": "ALLERGY & ASTHMA CENTERS, PC",
        "distance": 17.1,
        "qualitySummary": {
          "reviewSummaryScore": "",
          "ratingSummaryScore": "",
          "reviewSummaryCount": ""
        },
        "primarySpecialty": "Non-Specific Provider",
        "medicalProviderId": 7338211
      },
      {
        "credentials": "",
        "npi": [1578646006],
        "alias": "",
        "id": "7529255",
        "type": "Physician",
        "name": "VANDERBILT ASTHMA SINUS ALLERGY PROGRAM",
        "distance": 0.9,
        "qualitySummary": {
          "reviewSummaryScore": "",
          "ratingSummaryScore": "",
          "reviewSummaryCount": ""
        },
        "primarySpecialty": "Pulmonary/Allergy/Immunology",
        "medicalProviderId": 7529255
      },
      {
        "credentials": "",
        "npi": [1487635710],
        "alias": "",
        "id": "6862151",
        "type": "Physician",
        "name": "ALL SEASONS ALLERGY & ASTHMA ASSOC, P.C.",
        "distance": 17.1,
        "qualitySummary": {
          "reviewSummaryScore": "",
          "ratingSummaryScore": "",
          "reviewSummaryCount": ""
        },
        "primarySpecialty": "Pulmonary/Allergy/Immunology",
        "medicalProviderId": 6862151
      }
    ],
    "query": "ast",
    "totalHits": 9,
    "totalPages": 0,
    "type": "Search_providers"
  }
}
