[{
  "resourceType": "ExplanationOfBenefit",
  "contained": [
    {
      "resourceType": "Patient",
      "id": "007",
      "identifier": [],
      "name": [
        {
          "use": "official",
          "text": "Fred Flintstone",
          "family": "Flintstone",
          "given": ["Fred", "F"],
          "prefix": ["Mr"],
          "suffix": [],
          "period": {
            "start": "1950-01-01T00:00:00",
            "end": null
          }
        }
      ],
      "telecom": [
        {
          "system": "phone",
          "value": "999-888-0000",
          "use": "home",
          "rank": 1,
          "period": {
            "start": "2019-01-01T00:00:00",
            "end": null
          }
        }
      ],
      "gender": "female",
      "birthDate": "1960-01-01",
      "deceasedBoolean": true,
      "deceasedDateTime": "2020-01-01T00:00:00",
      "address": [
        {
          "use": "home",
          "type": "postal",
          "text": "55 Cobblestone way",
          "line": ["55 Cobblestone way"],
          "city": "Boston",
          "state": "MA",
          "postalCode": "08642",
          "country": "US",
          "period": {
            "start": "1979-01-01T00:00:00",
            "end": null
          }
        }
      ],
      "maritalStatus": {
        "coding": [
          {
            "system": null,
            "version": null,
            "code": "m",
            "display": null,
            "userSelected": null
          }
        ],
        "text": null
      },
      "communication": [
        {
          "language": {
            "coding": [
              {
                "system": null,
                "version": null,
                "code": "en-US",
                "display": null,
                "userSelected": null
              }
            ],
            "text": null
          },
          "preferred": true
        }
      ],
      "extension": [
        {
          "url": "http://hl7.org/fhir/us/core/StructureDefinition/us-core-race",
          "extension": [
            {
              "url": "ombCategory",
              "valueCoding": {
                "system": null,
                "version": null,
                "code": "1002-5",
                "display": null,
                "userSelected": null
              }
            },
            {
              "url": "detailed",
              "valueCoding": {
                "system": null,
                "version": null,
                "code": "1002-5",
                "display": null,
                "userSelected": null
              }
            },
            {
              "url": "text",
              "valueString": "Text describing race"
            }
          ]
        },
        {
          "url": "http://hl7.org/fhir/us/core/StructureDefinition/us-core-ethnicity",
          "extension": [
            {
              "url": "ombCategory",
              "valueCoding": {
                "system": null,
                "version": null,
                "code": "2186-5",
                "display": null,
                "userSelected": null
              }
            },
            {
              "url": "detailed",
              "valueCoding": {
                "system": null,
                "version": null,
                "code": "2186-5",
                "display": null,
                "userSelected": null
              }
            },
            {
              "url": "text",
              "valueString": "Text describing ethnicity"
            }
          ]
        },
        {
          "url": "http://hl7.org/fhir/us/core/StructureDefinition/us-core-birthsex",
          "valueCode": "F"
        }
      ]
    },
    {
      "resourceType": "Practitioner",
      "id": "10077",
      "identifier": [],
      "active": true,
      "name": [
        {
          "use": "official",
          "text": "Kyle Galgano",
          "family": "Galgano",
          "given": ["Kyle", "J"],
          "prefix": ["Mr"],
          "suffix": [],
          "period": {
            "start": "1960-01-01T00:00:00",
            "end": null
          }
        }
      ],
      "telecom": [
        {
          "system": "phone",
          "value": "999-888-5555",
          "use": "work",
          "rank": 1,
          "period": {
            "start": "2016-01-01T00:00:00",
            "end": null
          }
        }
      ],
      "address": [
        {
          "use": "work",
          "type": "postal",
          "text": "365 2nd ave Waltham, MA 02453",
          "line": ["365 2nd ave"],
          "city": "Waltham",
          "state": "MA",
          "postalCode": "02453",
          "country": "US",
          "period": {
            "start": "1979-01-01T00:00:00",
            "end": null
          }
        }
      ],
      "gender": "male",
      "birthDate": "1959-01-01",
      "qualification": [],
      "communication": []
    }
  ],
  "identifier": [
    {
      "use": null,
      "type": {
        "coding": [
          {
            "system": null,
            "version": null,
            "code": "Claim Number",
            "display": null,
            "userSelected": null
          }
        ],
        "text": null
      },
      "system": null,
      "value": "12345",
      "period": null,
      "assigner": null
    },
    {
      "use": null,
      "type": {
        "coding": [
          {
            "system": null,
            "version": null,
            "code": "HDC_RECORD_UUID",
            "display": null,
            "userSelected": null
          }
        ],
        "text": null
      },
      "system": null,
      "value": "00068dd1-1d31-4fc4-b201-e2fa6cddad8c",
      "period": null,
      "assigner": null
    }
  ],
  "status": "active",
  "type": {
    "coding": [
      {
        "system": null,
        "version": null,
        "code": "professional",
        "display": null,
        "userSelected": null
      }
    ],
    "text": null
  },
  "use": "claim",
  "patient": {
    "reference": "#007",
    "type": null,
    "identifier": null,
    "display": null
  },
  "provider": {
    "reference": "#10077",
    "type": null,
    "identifier": null,
    "display": null
  },
  "billablePeriod": {
    "start": "2020-01-01T00:00:00",
    "end": "2020-12-01T00:00:00"
  },
  "created": "2020-01-01T01:01:01",
  "outcome": "complete",
  "disposition": null,
  "preAuthRef": ["345", "678"],
  "preAuthRefPeriod": [
    {
      "start": "2020-01-01T00:00:00",
      "end": "2020-07-01T00:00:00"
    }
  ],
  "diagnosis": [
    {
      "sequence": 1,
      "diagnosisCodeableConcept": {
        "coding": [
          {
            "system": null,
            "version": null,
            "code": "Some ICD code",
            "display": null,
            "userSelected": null
          }
        ],
        "text": null
      },
      "type": [
        {
          "coding": [
            {
              "system": null,
              "version": null,
              "code": "discharge",
              "display": null,
              "userSelected": null
            }
          ],
          "text": null
        }
      ]
    }
  ],
  "procedure": [
    {
      "sequence": 1,
      "type": [],
      "date": "2020-12-31",
      "procedureCodeableConcept": {
        "coding": [
          {
            "system": "system",
            "version": "version",
            "code": "code",
            "display": "display",
            "userSelected": null
          }
        ],
        "text": null
      }
    }
  ],
  "precedence": 1,
  "total": [
    {
      "category": {
        "coding": [
          {
            "system": null,
            "version": null,
            "code": "submittedamount",
            "display": null,
            "userSelected": null
          }
        ],
        "text": null
      },
      "amount": {
        "value": 120,
        "currency": "USD"
      }
    },
    {
      "category": {
        "coding": [
          {
            "system": null,
            "version": null,
            "code": "allowedamount",
            "display": null,
            "userSelected": null
          }
        ],
        "text": null
      },
      "amount": {
        "value": 50,
        "currency": "USD"
      }
    }
  ],
  "payment": {
    "identifier": null,
    "type": {
      "coding": [
        {
          "system": null,
          "version": null,
          "code": "complete",
          "display": null,
          "userSelected": null
        }
      ],
      "text": null
    },
    "adjustment": null,
    "adjustmentReason": null,
    "date": "2020-01-01",
    "amount": {
      "value": 5,
      "currency": "USD"
    }
  },
  "benefitPeriod": {
    "start": "2020-01-01T00:00:00",
    "end": "2020-12-01T00:00:00"
  }
}]
