{
    "resourceType": "Bundle",
    "id": "0599f070-b280-45ce-8beb-73c4d6e6ea52",
    "meta": {
      "lastUpdated": "2021-03-09T05:02:45.644+00:00"
    },
    "type": "searchset",
    "link": [
      {
        "relation": "self",
        "url": "/ExplanationOfBenefit?_include=ExplanationOfBenefit%3Afacility&_include=ExplanationOfBenefit%3Aprovider&_include=ExplanationOfBenefit%3Acareteam&_include=ExplanationOfBenefit%3Apatient"
      }
    ],
    "entry": [
      {
        "resource": {
          "resourceType": "ExplanationOfBenefit",
          "id": "EOBInpatient1",
          "meta": {
            "versionId": "6",
            "lastUpdated": "2021-03-04T18:05:30.546+00:00",
            "source": "#6qHBJFakIVCI5EOd",
            "profile": [
              "http://hl7.org/fhir/us/carin-bb/StructureDefinition/C4BB-ExplanationOfBenefit-Inpatient-Institutional"
            ],
            "tag": [
              {
                "system": "http://changehealthcare.com/interop/hdc/usageindicator",
                "code": "t"
              },
              {
                "system": "http://changehealthcare.com/interop/hdc/record_type",
                "code": "A"
              },
              {
                "system": "http://changehealthcare.com/interop/hdc/tdt_iteration",
                "code": "1"
              },
              {
                "system": "http://changehealthcare.com/interop/hdc/sender_id",
                "code": "yellow"
              },
              {
                "system": "http://changehealthcare.com/interop/hdc/tdt_epoch",
                "code": "00000001"
              },
              {
                "system": "http://changehealthcare.com/interop/hdc/file_location",
                "code": "s3://enterprise-datalake-processed-dev-us-east-1/users/mirobert/satish_provider/interoperability/valid/provider"
              },
              {
                "system": "http://changehealthcare.com/interop/hdc/date_time_reported",
                "code": "2020-11-17 16:18:39"
              },
              {
                "system": "http://changehealthcare.com/interop/hdc/record_uuid",
                "code": "03c94dec-7712-11eb-ad12-0a275066e123"
              }
            ]
          },
          "language": "en-US",
          "text": {
            "status": "generated",
            "div": "<div xml:lang=\"en-US\" xmlns=\"http://www.w3.org/1999/xhtml\" lang=\"en-US\"><p><b>Generated Narrative</b></p><p><b>identifier</b>: Unique Claim ID: AW123412341234123412341234123412</p><p><b>status</b>: active</p><p><b>type</b>: <span title=\"Codes: {http://terminology.hl7.org/CodeSystem/claim-type institutional}\">Inpatient Institution</span></p><p><b>use</b>: claim</p><p><b>patient</b>: <a href=\"Patient-Patient1.html\">Generated Summary: language: en-US; Member Number: 1234-234-1243-12345678901, Medical record number: 1234-234-1243-12345678901m, Unique Member ID: 1234-234-1243-12345678901u, Patient Account Number: 1234-234-1243-12345678901a; active; Johnny Example1 ; Phone: (301)666-1212; gender: male; birthDate: 1986-01-01; <span title=\"Codes: {http://terminology.hl7.org/CodeSystem/v3-NullFlavor UNK}\">unknown</span></a></p><p><b>billablePeriod</b>: 2019-01-01 --&gt; 2019-10-31</p><p><b>created</b>: Nov 2, 2019, 12:00:00 AM</p><p><b>insurer</b>: <a href=\"Organization-Payer1.html\">XXX Health Plan. Generated Summary: language: en-US; National Provider Identifier: 345678, Payer ID: 901234; active; name: Payer 1</a></p><p><b>provider</b>: <a href=\"Organization-OrganizationProvider1.html\">XXX Health Plan. Generated Summary: language: en-US; National Provider Identifier: 345678, Tax ID number: 123-45-6789; active; name: Provider 1</a></p><p><b>outcome</b>: partial</p><blockquote><p><b>supportingInfo</b></p><p><b>sequence</b>: 2</p><p><b>category</b>: <span title=\"Codes: {http://hl7.org/fhir/us/carin-bb/CodeSystem/C4BBSupportingInfoType admissionperiod}\">Admission Period</span></p><p><b>timing</b>: 2011-05-23 --&gt; 2011-05-25</p></blockquote><blockquote><p><b>supportingInfo</b></p><p><b>sequence</b>: 1</p><p><b>category</b>: <span title=\"Codes: {http://hl7.org/fhir/us/carin-bb/CodeSystem/C4BBSupportingInfoType billingnetworkcontractingstatus}\">Billing Network Contracting Status</span></p><p><b>code</b>: <span title=\"Codes: {http://hl7.org/fhir/us/carin-bb/CodeSystem/C4BBPayerAdjudicationStatus contracted}\">Contracted</span></p></blockquote><blockquote><p><b>supportingInfo</b></p><p><b>sequence</b>: 3</p><p><b>category</b>: <span title=\"Codes: {http://hl7.org/fhir/us/carin-bb/CodeSystem/C4BBSupportingInfoType clmrecvddate}\">Claim Received Date</span></p><p><b>timing</b>: 2011-05-30</p></blockquote><blockquote><p><b>supportingInfo</b></p><p><b>sequence</b>: 4</p><p><b>category</b>: <span title=\"Codes: {http://hl7.org/fhir/us/carin-bb/CodeSystem/C4BBSupportingInfoType typeofbill}\">Type of Bill</span></p><p><b>code</b>: <span title=\"Codes: {https://www.nubc.org/CodeSystem/TypeOfBill Dummy}\">Dummy</span></p></blockquote><blockquote><p><b>supportingInfo</b></p><p><b>sequence</b>: 5</p><p><b>category</b>: <span title=\"Codes: {http://hl7.org/fhir/us/carin-bb/CodeSystem/C4BBSupportingInfoType pointoforigin}\">Point Of Origin</span></p><p><b>code</b>: <span title=\"Codes: {https://www.nubc.org/CodeSystem/PointOfOrigin Dummy}\">Dummy</span></p></blockquote><blockquote><p><b>supportingInfo</b></p><p><b>sequence</b>: 6</p><p><b>category</b>: <span title=\"Codes: {http://hl7.org/fhir/us/carin-bb/CodeSystem/C4BBSupportingInfoType admtype}\">Admission Type</span></p><p><b>code</b>: <span title=\"Codes: {https://www.nubc.org/CodeSystem/PriorityTypeOfAdmitOrVisit Dummy}\">Dummy</span></p></blockquote><blockquote><p><b>supportingInfo</b></p><p><b>sequence</b>: 7</p><p><b>category</b>: <span title=\"Codes: {http://hl7.org/fhir/us/carin-bb/CodeSystem/C4BBSupportingInfoType discharge-status}\">Discharge Status</span></p><p><b>code</b>: <span title=\"Codes: {https://www.nubc.org/CodeSystem/PatDischargeStatus 11}\">11</span></p></blockquote><h3>Diagnoses</h3><table class=\"grid\"><tr><td>-</td><td><b>Sequence</b></td><td><b>Diagnosis[x]</b></td><td><b>Type</b></td></tr><tr><td>*</td><td>1</td><td><span title=\"Codes: {http://hl7.org/fhir/sid/icd-10-cm S06.0x1A}\">S06.0x1A</span></td><td><span title=\"Codes: {http://terminology.hl7.org/CodeSystem/ex-diagnosistype principal}\">Principal Diagnosis</span></td></tr></table><h3>Insurances</h3><table class=\"grid\"><tr><td>-</td><td><b>Focal</b></td><td><b>Coverage</b></td></tr><tr><td>*</td><td>true</td><td><a href=\"Coverage-Coverage1.html\">Generated Summary: language: en-US; Member Number: 1234-234-1243-12345678901; status: active; <span title=\"Codes: {http://terminology.hl7.org/CodeSystem/v3-ActCode HIP}\">health insurance plan policy</span>; subscriberId: 12345678901; dependent: 01; <span title=\"Codes: {http://terminology.hl7.org/CodeSystem/subscriber-relationship self}\">Self</span>; period: 2019-01-01 --&gt; 2019-10-31; network: XYZ123-UPMC CONSUMER ADVA</a></td></tr></table><blockquote><p><b>adjudication</b></p><p><b>category</b>: <span title=\"Codes: {http://hl7.org/fhir/us/carin-bb/CodeSystem/C4BBAdjudication paidtoprovider}\">Payment Amount</span></p><h3>Amounts</h3><table class=\"grid\"><tr><td>-</td></tr><tr><td>*</td></tr></table></blockquote><blockquote><p><b>adjudication</b></p><p><b>category</b>: <span title=\"Codes: {http://terminology.hl7.org/CodeSystem/adjudication submitted}\">Submitted Amount</span></p><h3>Amounts</h3><table class=\"grid\"><tr><td>-</td></tr><tr><td>*</td></tr></table></blockquote><blockquote><p><b>adjudication</b></p><p><b>category</b>: <span title=\"Codes: {http://hl7.org/fhir/us/carin-bb/CodeSystem/C4BBAdjudication paidbypatient}\">Patient Pay Amount</span></p><h3>Amounts</h3><table class=\"grid\"><tr><td>-</td></tr><tr><td>*</td></tr></table></blockquote><blockquote><p><b>total</b></p><p><b>category</b>: <span title=\"Codes: {http://hl7.org/fhir/us/carin-bb/CodeSystem/C4BBAdjudication paidtoprovider}\">Payment Amount</span></p><h3>Amounts</h3><table class=\"grid\"><tr><td>-</td></tr><tr><td>*</td></tr></table></blockquote><blockquote><p><b>total</b></p><p><b>category</b>: <span title=\"Codes: {http://terminology.hl7.org/CodeSystem/adjudication submitted}\">Submitted Amount</span></p><h3>Amounts</h3><table class=\"grid\"><tr><td>-</td></tr><tr><td>*</td></tr></table></blockquote><blockquote><p><b>total</b></p><p><b>category</b>: <span title=\"Codes: {http://hl7.org/fhir/us/carin-bb/CodeSystem/C4BBAdjudication paidbypatient}\">Patient Pay Amount</span></p><h3>Amounts</h3><table class=\"grid\"><tr><td>-</td></tr><tr><td>*</td></tr></table></blockquote><blockquote><p><b>total</b></p><p><b>category</b>: <span title=\"Codes: {http://hl7.org/fhir/us/carin-bb/CodeSystem/C4BBPayerAdjudicationStatus innetwork}\">In Network</span></p><h3>Amounts</h3><table class=\"grid\"><tr><td>-</td></tr><tr><td>*</td></tr></table></blockquote></div>"
          },
          "identifier": [
            {
              "type": {
                "coding": [
                  {
                    "system": "http://hl7.org/fhir/us/carin-bb/CodeSystem/C4BBIdentifierType",
                    "code": "uc",
                    "display": "Unique Claim ID"
                  }
                ]
              },
              "system": "https://www.xxxplan.com/fhir/EOBIdentifier",
              "value": "AW123412341234123412341234123412"
            }
          ],
          "status": "active",
          "type": {
            "coding": [
              {
                "system": "http://terminology.hl7.org/CodeSystem/claim-type",
                "code": "institutional",
                "display": "Institutional"
              }
            ],
            "text": "Inpatient Institution"
          },
          "use": "claim",
          "patient": {
            "reference": "Patient/Patient1"
          },
          "billablePeriod": {
            "start": "2019-01-01",
            "end": "2019-10-31"
          },
          "created": "2019-11-02T00:00:00+00:00",
          "insurer": {
            "reference": "Organization/Payer1",
            "display": "XXX Health Plan"
          },
          "provider": {
            "reference": "Organization/OrganizationProvider1",
            "display": "XXX Health Plan"
          },
          "facility": {
            "reference": "Location/EobLocationWing1"
          },
          "outcome": "partial",
          "supportingInfo": [
            {
              "sequence": 2,
              "category": {
                "coding": [
                  {
                    "system": "http://hl7.org/fhir/us/carin-bb/CodeSystem/C4BBSupportingInfoType",
                    "code": "admissionperiod",
                    "display": "Admission Period"
                  }
                ]
              },
              "timingPeriod": {
                "start": "2011-05-23",
                "end": "2011-05-25"
              }
            },
            {
              "sequence": 1,
              "category": {
                "coding": [
                  {
                    "system": "http://hl7.org/fhir/us/carin-bb/CodeSystem/C4BBSupportingInfoType",
                    "code": "billingnetworkcontractingstatus",
                    "display": "Billing Network Contracting Status"
                  }
                ]
              },
              "code": {
                "coding": [
                  {
                    "system": "http://hl7.org/fhir/us/carin-bb/CodeSystem/C4BBPayerAdjudicationStatus",
                    "code": "contracted",
                    "display": "Contracted"
                  }
                ]
              }
            },
            {
              "sequence": 3,
              "category": {
                "coding": [
                  {
                    "system": "http://hl7.org/fhir/us/carin-bb/CodeSystem/C4BBSupportingInfoType",
                    "code": "clmrecvddate",
                    "display": "Claim Received Date"
                  }
                ]
              },
              "timingDate": "2011-05-30"
            }
          ],
          "diagnosis": [
            {
              "sequence": 1,
              "diagnosisCodeableConcept": {
                "coding": [
                  {
                    "system": "http://hl7.org/fhir/sid/icd-10-cm",
                    "code": "A0101",
                    "display": "Typhoid meningitis"
                  }
                ]
              },
              "type": [
                {
                  "coding": [
                    {
                      "system": "http://terminology.hl7.org/CodeSystem/ex-diagnosistype",
                      "code": "principal",
                      "display": "Principal Diagnosis"
                    }
                  ]
                }
              ]
            }
          ],
          "insurance": [
            {
              "focal": true,
              "coverage": {
                "reference": "Coverage/Coverage1"
              }
            }
          ],
          "adjudication": [
            {
              "category": {
                "coding": [
                  {
                    "system": "http://hl7.org/fhir/us/carin-bb/CodeSystem/C4BBAdjudication",
                    "code": "paidtoprovider",
                    "display": "Paid to provider"
                  }
                ],
                "text": "Payment Amount"
              },
              "amount": {
                "value": 620,
                "currency": "USD"
              }
            },
            {
              "category": {
                "coding": [
                  {
                    "system": "http://terminology.hl7.org/CodeSystem/adjudication",
                    "code": "submitted",
                    "display": "Submitted Amount"
                  }
                ],
                "text": "Submitted Amount"
              },
              "amount": {
                "value": 2650,
                "currency": "USD"
              }
            },
            {
              "category": {
                "coding": [
                  {
                    "system": "http://hl7.org/fhir/us/carin-bb/CodeSystem/C4BBAdjudication",
                    "code": "paidbypatient",
                    "display": "Paid by patient"
                  }
                ],
                "text": "Patient Pay Amount"
              },
              "amount": {
                "value": 0,
                "currency": "USD"
              }
            }
          ],
          "total": [
            {
              "category": {
                "coding": [
                  {
                    "system": "http://hl7.org/fhir/us/carin-bb/CodeSystem/C4BBAdjudication",
                    "code": "paidtoprovider",
                    "display": "Paid to provider"
                  }
                ],
                "text": "Payment Amount"
              },
              "amount": {
                "value": 620,
                "currency": "USD"
              }
            },
            {
              "category": {
                "coding": [
                  {
                    "system": "http://terminology.hl7.org/CodeSystem/adjudication",
                    "code": "submitted",
                    "display": "Submitted Amount"
                  }
                ],
                "text": "Submitted Amount"
              },
              "amount": {
                "value": 2650,
                "currency": "USD"
              }
            },
            {
              "category": {
                "coding": [
                  {
                    "system": "http://hl7.org/fhir/us/carin-bb/CodeSystem/C4BBAdjudication",
                    "code": "paidbypatient",
                    "display": "Paid by patient"
                  }
                ],
                "text": "Patient Pay Amount"
              },
              "amount": {
                "value": 0,
                "currency": "USD"
              }
            },
            {
              "category": {
                "coding": [
                  {
                    "system": "http://hl7.org/fhir/us/carin-bb/CodeSystem/C4BBPayerAdjudicationStatus",
                    "code": "innetwork",
                    "display": "In Network"
                  }
                ]
              },
              "amount": {
                "value": 0,
                "currency": "USD"
              }
            }
          ]
        },
        "search": {
          "mode": "match"
        }
      },
      {
        "resource": {
          "resourceType": "Location",
          "id": "EobLocationWing1",
          "meta": {
            "versionId": "2",
            "lastUpdated": "2021-03-03T16:19:48.671+00:00",
            "source": "#avCYEPl2Y8ilzUfs",
            "tag": [
              {
                "system": "http://changehealthcare.com/interop/hdc/usageindicator",
                "code": "t"
              },
              {
                "system": "http://changehealthcare.com/interop/hdc/record_type",
                "code": "A"
              },
              {
                "system": "http://changehealthcare.com/interop/hdc/tdt_iteration",
                "code": "1"
              },
              {
                "system": "http://changehealthcare.com/interop/hdc/sender_id",
                "code": "yellow"
              },
              {
                "system": "http://changehealthcare.com/interop/hdc/tdt_epoch",
                "code": "00000001"
              },
              {
                "system": "http://changehealthcare.com/interop/hdc/file_location",
                "code": "s3://enterprise-datalake-processed-dev-us-east-1/users/mirobert/satish_provider/interoperability/valid/provider"
              },
              {
                "system": "http://changehealthcare.com/interop/hdc/date_time_reported",
                "code": "2020-11-17 16:18:39"
              },
              {
                "system": "http://changehealthcare.com/interop/hdc/record_uuid",
                "code": "28227590-7c3c-11eb-ad12-0a275066e123"
              }
            ]
          },
          "text": {
            "status": "generated",
            "div": "<div xmlns=\"http://www.w3.org/1999/xhtml\">Burgers UMC, South Wing, second floor</div>"
          },
          "identifier": [
            {
              "value": "B1-S.F2"
            }
          ],
          "status": "active",
          "name": "South Wing, second floor",
          "alias": [
            "BU MC, SW, F2",
            "Burgers University Medical Center, South Wing, second floor"
          ],
          "description": "Second floor of the Old South Wing, formerly in use by Psychiatry",
          "mode": "instance",
          "telecom": [
            {
              "system": "phone",
              "value": "2328",
              "use": "work"
            },
            {
              "system": "fax",
              "value": "2329",
              "use": "work"
            },
            {
              "system": "email",
              "value": "second wing admissions"
            },
            {
              "system": "url",
              "value": "http://sampleorg.com/southwing",
              "use": "work"
            }
          ],
          "address": {
            "use": "work",
            "line": [
              "Galapagosweg 91, Building A"
            ],
            "city": "Den Burg",
            "postalCode": "9105 PZ",
            "country": "NLD"
          },
          "physicalType": {
            "coding": [
              {
                "system": "http://terminology.hl7.org/CodeSystem/location-physical-type",
                "code": "wi",
                "display": "Wing"
              }
            ]
          },
          "position": {
            "longitude": -83.6945691,
            "latitude": 42.25475478,
            "altitude": 0
          }
        },
        "search": {
          "mode": "include"
        }
      },
      {
        "resource": {
          "resourceType": "Organization",
          "id": "OrganizationProvider1",
          "meta": {
            "versionId": "1",
            "lastUpdated": "2021-02-25T12:00:50.169+00:00",
            "source": "#AFcFitINrN0Ki138",
            "profile": [
              "http://hl7.org/fhir/us/carin-bb/StructureDefinition/C4BB-Organization"
            ],
            "tag": [
              {
                "system": "http://changehealthcare.com/interop/hdc/usageindicator",
                "code": "t"
              },
              {
                "system": "http://changehealthcare.com/interop/hdc/record_type",
                "code": "A"
              },
              {
                "system": "http://changehealthcare.com/interop/hdc/tdt_iteration",
                "code": "1"
              },
              {
                "system": "http://changehealthcare.com/interop/hdc/sender_id",
                "code": "yellow"
              },
              {
                "system": "http://changehealthcare.com/interop/hdc/tdt_epoch",
                "code": "00000001"
              },
              {
                "system": "http://changehealthcare.com/interop/hdc/file_location",
                "code": "s3://enterprise-datalake-processed-dev-us-east-1/users/mirobert/satish_provider/interoperability/valid/provider"
              },
              {
                "system": "http://changehealthcare.com/interop/hdc/date_time_reported",
                "code": "2020-11-17 16:18:39"
              },
              {
                "system": "http://changehealthcare.com/interop/hdc/record_uuid",
                "code": "d127a40c-7710-11eb-ad12-0a275066e123"
              }
            ]
          },
          "language": "en-US",
          "text": {
            "status": "generated",
            "div": "<div xml:lang=\"en-US\" xmlns=\"http://www.w3.org/1999/xhtml\" lang=\"en-US\"><p><b>Generated Narrative</b></p><p><b>identifier</b>: National Provider Identifier: 345678, Tax ID number: 123-45-6789</p><p><b>active</b>: true</p><p><b>name</b>: Provider 1</p></div>"
          },
          "active": true,
          "name": "Provider 1"
        },
        "search": {
          "mode": "include"
        }
      },
      {
        "resource": {
          "resourceType": "Patient",
          "id": "Patient1",
          "meta": {
            "versionId": "1",
            "lastUpdated": "2021-02-25T12:01:23.632+00:00",
            "source": "#ZW7uyhuKy3zofKCf",
            "profile": [
              "http://hl7.org/fhir/us/carin-bb/StructureDefinition/C4BB-Patient"
            ],
            "tag": [
              {
                "system": "http://changehealthcare.com/interop/hdc/usageindicator",
                "code": "t"
              },
              {
                "system": "http://changehealthcare.com/interop/hdc/record_type",
                "code": "A"
              },
              {
                "system": "http://changehealthcare.com/interop/hdc/tdt_iteration",
                "code": "1"
              },
              {
                "system": "http://changehealthcare.com/interop/hdc/sender_id",
                "code": "yellow"
              },
              {
                "system": "http://changehealthcare.com/interop/hdc/tdt_epoch",
                "code": "00000001"
              },
              {
                "system": "http://changehealthcare.com/interop/hdc/file_location",
                "code": "s3://enterprise-datalake-processed-dev-us-east-1/users/mirobert/satish_provider/interoperability/valid/provider"
              },
              {
                "system": "http://changehealthcare.com/interop/hdc/date_time_reported",
                "code": "2020-11-17 16:18:39"
              },
              {
                "system": "http://changehealthcare.com/interop/hdc/record_uuid",
                "code": "df93b55b-7711-11eb-ad12-0a275066e123"
              }
            ]
          },
          "language": "en-US",
          "text": {
            "status": "generated",
            "div": "<div xml:lang=\"en-US\" xmlns=\"http://www.w3.org/1999/xhtml\" lang=\"en-US\"><p><b>Generated Narrative</b></p><p><b>identifier</b>: Member Number: 1234-234-1243-12345678901, Medical record number: 1234-234-1243-12345678901m, Unique Member ID: 1234-234-1243-12345678901u, Patient Account Number: 1234-234-1243-12345678901a</p><p><b>active</b>: true</p><p><b>name</b>: Johnny Example1 </p><p><b>telecom</b>: ph: (301)666-1212</p><p><b>gender</b>: male</p><p><b>birthDate</b>: 1986-01-01</p><p><b>address</b>: 123 Main Street Pittsburgh PA 12519 </p><p><b>maritalStatus</b>: <span title=\"Codes: {http://terminology.hl7.org/CodeSystem/v3-NullFlavor UNK}\">unknown</span></p></div>"
          },
          "identifier": [
            {
              "type": {
                "coding": [
                  {
                    "system": "http://terminology.hl7.org/CodeSystem/v2-0203",
                    "code": "MB",
                    "display": "Member Number"
                  }
                ]
              },
              "system": "https://www.xxxhealthplan.com/fhir/memberidentifier",
              "value": "1234-234-1243-12345678901"
            },
            {
              "type": {
                "coding": [
                  {
                    "system": "http://terminology.hl7.org/CodeSystem/v2-0203",
                    "code": "MR",
                    "display": "Medical record number"
                  }
                ]
              },
              "system": "https://www.xxxhealthplan.com/fhir/medicalrecordnumber",
              "value": "1234-234-1243-12345678901m"
            },
            {
              "type": {
                "coding": [
                  {
                    "system": "http://hl7.org/fhir/us/carin-bb/CodeSystem/C4BBIdentifierType",
                    "code": "um",
                    "display": "Unique Member ID"
                  }
                ]
              },
              "system": "https://www.xxxhealthplan.com/fhir/iniquememberidentifier",
              "value": "1234-234-1243-12345678901u"
            },
            {
              "type": {
                "coding": [
                  {
                    "system": "http://hl7.org/fhir/us/carin-bb/CodeSystem/C4BBIdentifierType",
                    "code": "pat",
                    "display": "Patient Account Number"
                  }
                ]
              },
              "system": "https://www.xxxhealthplan.com/fhir/patacctnum",
              "value": "1234-234-1243-12345678901a"
            }
          ],
          "active": true,
          "name": [
            {
              "family": "Example1",
              "given": [
                "Johnny"
              ]
            }
          ],
          "telecom": [
            {
              "system": "phone",
              "value": "(301)666-1212",
              "rank": 2
            }
          ],
          "gender": "male",
          "birthDate": "1986-01-01",
          "address": [
            {
              "type": "physical",
              "line": [
                "123 Main Street"
              ],
              "city": "Pittsburgh",
              "state": "PA",
              "postalCode": "12519"
            }
          ],
          "maritalStatus": {
            "coding": [
              {
                "system": "http://terminology.hl7.org/CodeSystem/v3-NullFlavor",
                "code": "UNK",
                "display": "unknown"
              }
            ]
          }
        },
        "search": {
          "mode": "include"
        }
      }
    ]
  }