{
  "images" : [
    {
      "filename" : "WhatsApp Image 2021-02-10 at 11.22.47 (2).jpeg",
      "idiom" : "iphone",
      "scale" : "2x",
      "size" : "20x20"
    },
    {
      "filename" : "WhatsApp Image 2021-02-10 at 11.22.49 (2).jpeg",
      "idiom" : "iphone",
      "scale" : "3x",
      "size" : "20x20"
    },
    {
      "filename" : "WhatsApp Image 2021-02-10 at 11.22.48 (3).jpeg",
      "idiom" : "iphone",
      "scale" : "2x",
      "size" : "29x29"
    },
    {
      "filename" : "WhatsApp Image 2021-02-10 at 11.22.50 (3).jpeg",
      "idiom" : "iphone",
      "scale" : "3x",
      "size" : "29x29"
    },
    {
      "filename" : "WhatsApp Image 2021-02-10 at 11.22.50 (5).jpeg",
      "idiom" : "iphone",
      "scale" : "2x",
      "size" : "40x40"
    },
    {
      "filename" : "WhatsApp Image 2021-02-10 at 11.22.51 (3).jpeg",
      "idiom" : "iphone",
      "scale" : "3x",
      "size" : "40x40"
    },
    {
      "filename" : "WhatsApp Image 2021-02-10 at 11.22.51 (3)-1.jpeg",
      "idiom" : "iphone",
      "scale" : "2x",
      "size" : "60x60"
    },
    {
      "filename" : "WhatsApp Image 2021-02-10 at 11.22.52.jpeg",
      "idiom" : "iphone",
      "scale" : "3x",
      "size" : "60x60"
    },
    {
      "filename" : "WhatsApp Image 2021-02-10 at 11.44.52 (1).jpeg",
      "idiom" : "ios-marketing",
      "scale" : "1x",
      "size" : "1024x1024"
    }
  ],
  "info" : {
    "author" : "xcode",
    "version" : 1
  }
}
