{
  "data": {
    "type": "providerServiceGroup",
    "id": "403",
    "name": "Upper GI Endoscopy with Biopsy",
    "groupType": "BundledProviderServiceGroup",
    "description": "Endoscopy is a procedure that lets your doctor look inside your body. It uses an instrument called an endoscope, or scope for short. Scopes have a tiny camera attached to a long, thin tube. The doctor moves it through a body passageway or opening to see inside an organ. This endoscopy is of the upper gastrointestinal (GI) system, meaning the throat (esophagus) and stomach.",
    "educationalInfo": "The price of an endoscopy can vary based on where it is performed. You can choose where to have your endoscopy.  Simply ask your doctor to write your order (so you can take it with you), or call it in to the facility you would like to use. "
  }
}
