{
  "data": {
    "type": "providerServiceGroup",
    "id": "70",
    "name": "Office Visit - 15 minutes",
    "groupType": "SingleProviderServiceGroup",
    "description": "This type of office visit is typically scheduled when a patient is concerned about a specific health problem rather than preventive care. This office visit includes charges for spending 15 minutes with the doctor.",
    "educationalInfo": "Lab and/or diagnostic tests may be ordered during the office visit. Charges for lab work and diagnostic tests are usually billed in addition to the office visit."
  }
}
