{
  "data": {
    "type": "providerServiceGroup",
    "id": "71",
    "name": "Office Visit - 25 minutes",
    "groupType": "SingleProviderServiceGroup",
    "description": "This type of office visit is typically scheduled when a patient is concerned about a specific health problem rather than preventive care. This office visit includes charges for spending 25 minutes with the healthcare provider.",
    "educationalInfo": "Lab and/or diagnostic tests may be ordered during the office visit. Charges for lab work and diagnostic tests are usually billed in addition to the office visit."
  }
}
