{
  "data": {
    "type": "providerServiceGroup",
    "id": "966",
    "name": "Spirometry Test, with bronchial tube dilation",
    "groupType": "BundledProviderServiceGroup",
    "description": "A test to measure the breathing capacity of the lungs. This measure includes the amount of air contained in the lungs, the rate at which the patient breathes out (expires), and the volume of air a patient breathes in (respires). This test is completed both before and after giving the patient a special medicine.",
    "educationalInfo": null
  }
}
