{
  "data": {
    "indexName": "providerservicegroups",
    "hits": [
      {
        "id": 962,
        "extraTerms": "pulmonary function test, diagnostic procedure, shortness of breath, lung capacity, respire, respiration, lung function, spirometer, asthma, COPD, cystic fibrosis, bronchitis, breathless, trouble breathing",
        "description": "A test to measure the breathing capacity of the lungs. This measure includes the amount of air contained in the lungs, the rate at which the patient breathes out (expires), and the volume of air a patient breathes in (respires). ",
        "name": "Spirometry Test"
      },
      {
        "id": 966,
        "extraTerms": "pulmonary function test, diagnostic procedure, shortness of breath, lung capacity, respire, respiration, lung function, spirometer, asthma, COPD, cystic fibrosis, bronchitis, breathless, trouble breathing",
        "description": "A test to measure the breathing capacity of the lungs. This measure includes the amount of air contained in the lungs, the rate at which the patient breathes out (expires), and the volume of air a patient breathes in (respires). This test is completed both before and after giving the patient a special medicine.",
        "name": "Spirometry Test, with bronchial tube dilation"
      },
      {
        "id": 403,
        "extraTerms": "Endoscopy, Diagnostic Procedures, Diagnostic Procedure, Upper GI Endoscopy with Biopsy,GI endoscopy with Biopsy, Biopsy, GI endoscopy, gastrointestinal endoscopy, upper gastrointestinal endoscopy, gastrointestinal system, upper gastrointestinal system, intestine, intestinesGastrointestinal,throat,esophagus,upper GI, Upper GI Endoscopy, Endoscopy, endoscope, gastrointestinal system, throat, esophagus, stomach, gastrointestinal, upper gastrointestional endoscopy, esophagus endoscopy, stomach endoscopy, throat endoscopy",
        "description": "Endoscopy is a procedure that lets your doctor look inside your body. It uses an instrument called an endoscope, or scope for short. Scopes have a tiny camera attached to a long, thin tube. The doctor moves it through a body passageway or opening to see inside an organ. This endoscopy is of the upper gastrointestinal (GI) system, meaning the throat (esophagus) and stomach.",
        "name": "Upper GI Endoscopy with Biopsy"
      },
      {
        "id": 530,
        "extraTerms": "xray,ct scan,cat scan,PET scan,MRI,imaging,orthotics,surgery,stomach ache,stomach pain, belly, stomach hurts, internal pain",
        "description": "Diagnostic ultrasound is an imaging technique using sound waves through interior body structures. This includes for a complete pelvic evaluation in a patient who is not pregnant.",
        "name": "Ultrasound of Pelvis"
      },
      {
        "id": 405,
        "extraTerms": "X-ray and imaging, x-ray & imaging, imaging, ultrasound, diagnostic imaging,  orthopedics, orthopedist, orthopedic doctor, orthopedic surgeon, orthopedic surgery, complete abdominal ultrasound, abdominal ultrasound, ab imaging, abdominal imaging, ab pain, abdominal pain, xray,ct scan,cat scan,PET scan,MRI,imaging,orthotics,surgery,stomach ache,stomach pain,belly",
        "description": "Ultrasound uses high-frequency sound waves to look at organs and structures inside the body. Health care professionals use them to view the heart, blood vessels, kidneys, liver and other organs. Unlike x-rays, ultrasound does not involve exposure to radiation. During an ultrasound test, a special technician or doctor moves a device called a transducer over part of your body. The transducer sends out sound waves, which bounce off the tissues inside your body. The transducer also captures the waves that bounce back. Images are created from these sound waves. ",
        "name": "Complete Abdominal Ultrasound"
      },
      {
        "id": 404,
        "extraTerms": "Endoscopy, Diagnostic procedures, Diagnostic Procedure, Diagnostic Upper GI Endoscopy, Diagnostic GI Endoscopy, Diagnostic Endoscopy, GI endoscopy, Gastrointestinal endoscopy, intestine, intestinesGastrointestinal,throat,esophagus,upper GI, Upper GI Endoscopy, endoscope, gastrointestinal system, throat, esophagus, stomach, gastrointestinal, upper gastrointestional endoscopy, esophagus endoscopy, stomach endoscopy, throat endoscopy",
        "description": "Endoscopy is a procedure that lets your doctor look inside your body. It uses an instrument called an endoscope, or scope for short. Scopes have a tiny camera attached to a long, thin tube. The doctor moves it through a body passageway or opening to see inside an organ. This endoscopy is of the upper gastrointestinal (GI) system, meaning the throat (esophagus) and stomach.",
        "name": "Diagnostic Upper GI Endoscopy"
      },
      {
        "id": 956,
        "extraTerms": "diagnostic, diagnostic procedure, scope, esophagus, stomach, intestine, gastroenterologist, gastroenterology, endoscope, minimally invasive, esophagoscope",
        "description": "A procedure where a doctor looks into the esophagus (food pipe) using an esophagoscope, a long, flexible, narrow tube with a light and tiny lens on the end.",
        "name": "Esophagoscopy"
      },
      {
        "id": 274,
        "extraTerms": "new patient, existing patient, new patient visit, existing patient visit, std test, drug test, pregnancy test, check up, doctor appointment, doctor's appointment,annual exam,checkup,prescriptions,drugs,Well Visit,Well Care,check-up,sick visit,pee test,evaluation, annual physical, physical,walk-in clinic,clinic,new patient,pediatric, pediatrics, pediatrician, child health, children's health, children's doctor visit, children's office visit,new patient, pediatric gastroenterology, pediatric gastroenterologist, pediatric gastroenterologists, pediatric infectious disease, pediatric infectious diseases, infectious disease, infectious diseases,general surgery, general surgeon, urology, urologist, urologists,  primary care physician, pcp, std test, drug test,sick visit,pregnancy test, check up, doctor appointment, doctor's appointment,sore throat, runny nose, cold, itchy eyes, sneezing, itching, coughing, aches and pains, aches, sore neck, congested, congestion, stuffy nose, cough, itch, sore, tired, fatigue, strep throat, throat hurts,pregnant,missed period,prenatal care,babies,birth control,prenatal,pregnancy test,bladder,kidneys,bladder control specialist,urologist,urology,missed period,prenatal care,yeast infection,UTI,urinary tract infection,urine,baby doctor appointment, baby's doctor appointment, baby doctor's appointment, baby doctors appointment, infant doctors appointment, doctor appointment, doctor's appointment, doctors appointment, screening, physical appointment, annual physical, annual appointment, annual exam, women's health, woman health, womans health, woman's health, womens health, pap test, pap smear,cancer prevention,gynecology,gynecologist,obgyn,gyno,obstetrics,obstetrics and gynecology,maternity, sexual health, yearly exam, disease management",
        "description": "This type of office visit is typically scheduled when a patient is concerned about a specific health problem rather than preventive care. This office visit includes charges for spending 25 minutes with the healthcare provider, as well as a urinalysis.  ",
        "name": "25 min Office Visit w/ Automated Urinalysis (with microscope)"
      },
      {
        "id": 406,
        "extraTerms": "X-ray and imaging, x-ray & imaging, imaging, ultrasound, diagnostic imaging, orthopedics, orthopedist, orthopedic doctor, orthopedic surgeon, orthopedic surgery, limited abdominal ultrasound, abdominal ultrasound, ab imaging, abdominal imaging, ab pain, abdominal pain, xray,ct scan,cat scan,PET scan,MRI,imaging,orthotics,surgery,stomach ache,stomach pain,belly",
        "description": "Ultrasound uses high-frequency sound waves to look at organs and structures inside the body. Health care professionals use them to view the heart, blood vessels, kidneys, liver and other organs. Unlike x-rays, ultrasound does not involve exposure to radiation. During an ultrasound test, a special technician or doctor moves a device called a transducer over part of your body. The transducer sends out sound waves, which bounce off the tissues inside your body. The transducer also captures the waves that bounce back. Images are created from these sound waves. ",
        "name": "Limited Abdominal Ultrasound"
      },
      {
        "id": 1019,
        "extraTerms": "x-ray, imaging, x-ray and imaging, x-ray & imaging, diagnostic imaging, MRI, MRI abdomen w/o & w/ contrast, MRI abdomen with and without contrast, imaging,orthotics,radiology,surgery,fracture,broken bone,broken bones,broken,stomach pain,stomach, internal pain, ab pain,abs, abdominal pain, abs hurt, abdomen hurts, abdomen pain",
        "description": "An exam of the abdomen (stomach area) using Magnetic resonance imaging (MRI). MRI is used to take detailed pictures of the abdomen using powerful magnets, radio waves, and a computer. It is a radiation-free, non-invasive, way to produce high quality sectional images of the inside of the body from many directions. In this exam, detailed pictures of the abdomen are taken without dye and then after a dye is injected into the patient. ",
        "name": "MRI of Abdomen with and without Dye"
      },
      {
        "id": 947,
        "extraTerms": "hernia, surgery, bulge, abdominal pain, stomach pain, gastroenterology, gastroenterologist",
        "description": "The repair of a protrusion (bulge) of an organ, structure or tissue through the abdominal wall. This repair is typically done via a scope, a long, flexible, narrow tube with a light and tiny lens on the end.",
        "name": "Ventral Hernia Repair"
      },
      {
        "id": 1033,
        "extraTerms": "X-ray and imaging, x-ray & imaging, imaging, ultrasound, diagnostic imaging,  orthopedics, orthopedist, orthopedic doctor, orthopedic surgeon, orthopedic surgery, complete abdominal ultrasound, abdominal ultrasound, ab imaging, abdominal imaging, ab pain, abdominal pain, xray,ct scan,cat scan,PET scan,MRI,imaging,orthotics,surgery,stomach ache,stomach pain,belly, blood flow, abnormal blood flow, duplex ultrasound scan of blood flow, complete, abdomen",
        "description": "A diagnostic procedure which takes images of the abdominal (stomach area) vessels. This exam is done using ultrasound (high-frequency sound waves) and a technology that uses reflected sound waves to see how blood flows through a blood vessel. This procedure is done to fully evaluate blood flow problems in the abdominal area.",
        "name": "Duplex Ultrasound Scan of Blood Flow, Complete, Abdomen"
      },
      {
        "id": 526,
        "extraTerms": "cat scan, xray, imaging,orthotics,radiology,surgery,fracture,broken bone,broken bones,broken,stomach pain,stomach, internal pain, ab pain,abs",
        "description": "Computed tomography directs multiple thin beams of x-rays at the body structure and uses computer imaging to produce thin cross-sectional views of various slices of the body. This includes CT of the abdomen with contrast material.",
        "name": "CT Scan of Abdomen with Contrast"
      },
      {
        "id": 1034,
        "extraTerms": "X-ray and imaging, x-ray & imaging, imaging, ultrasound, diagnostic imaging,  orthopedics, orthopedist, orthopedic doctor, orthopedic surgeon, orthopedic surgery, complete abdominal ultrasound, abdominal ultrasound, ab imaging, abdominal imaging, ab pain, abdominal pain, xray,ct scan,cat scan,PET scan,MRI,imaging,orthotics,surgery,stomach ache,stomach pain,belly, blood flow, abnormal blood flow, duplex ultrasound scan of blood flow, limited, abdomen",
        "description": "A diagnostic procedure which takes images of the abdominal (stomach area) vessels. This exam is done using ultrasound (high-frequency sound waves) and a technology that uses reflected sound waves to see how blood flows through a blood vessel. This procedure is done evaluate blood flow problems in the abdominal area on a limited basis.",
        "name": "Duplex Ultrasound Scan of Blood Flow, Limited, Abdomen"
      },
      {
        "id": 10,
        "extraTerms": "Bladder,Kidneys,UTI",
        "description": "A urinalysis checks for different components of urine, a waste product made by the kidneys. A regular urine test may be done to help find the cause of symptoms or problems associated with the bladder and/or kidneys. A urine sample is often sent to a lab for analysis.",
        "name": "Automated Urinalysis (with microscope)"
      },
      {
        "id": 2353,
        "extraTerms": "tests, gastric, stomach, pH value, hydrogen",
        "description": "This test checks the stomach for proper gastric fluid levels.",
        "name": "Total Gastric Acid Plus pH"
      },
      {
        "id": 517,
        "extraTerms": "cat scan, xray, CT scan, imaging,orthotics,radiology,surgery,fracture,broken bone,broken bones,broken,blood clots,clots,blood vessels,stomach pain,internal pain",
        "description": "Computed tomography of pelvis with contrast This procedure directs multiple thin beams of x-rays at the body structure being studied and uses computer imaging to produce thin cross-sectional views of various slices of the body. ",
        "name": "CT Scan of Pelvis with Contrast"
      },
      {
        "id": 527,
        "extraTerms": "cat scan, xray, imaging,orthotics,radiology,surgery,fracture,broken bone,broken bones,broken,stomach pain,stomach, internal pain, ab pain,abs",
        "description": "Computed tomography directs multiple thin beams of x-rays at the body structure and uses computer imaging to produce thin cross-sectional views of various slices of the body. This includes CT of the abdomen with and without contrast material.",
        "name": "CT Scan of Abdomen without and with Contrast"
      },
      {
        "id": 954,
        "extraTerms": "Endoscopy, endoscope, Diagnostic Procedures, Diagnostic Procedure, GI Endoscopy, gastrointestinal endoscopy, gastrointestinal system, intestine, intestines, endoscope, gastrointestinal system, gastrointestinal, stomach endoscopy, stomach, gastroenterology, gastroenterologist, ",
        "description": "A non-invasive technique that allows a doctor to look at the function of the small intestine. To do this exam, the patient swallows a video capsule that takes photos of the inside of the esophagus, stomach, and small intestine. The capsule passes out of the body in 24 to 48 hours.",
        "name": "Capsule Endoscopy"
      },
      {
        "id": 525,
        "extraTerms": "cat scan, xray, imaging,orthotics,radiology,surgery,fracture,broken bone,broken bones,broken,stomach pain,stomach, internal pain, ab pain,abs",
        "description": "Computed tomography directs multiple thin beams of x-rays at the body structure and uses computer imaging to produce thin cross-sectional views of various slices of the body. This includes CT of the abdomen without contrast material.",
        "name": "CT Scan of Abdomen without Contrast"
      }
    ],
    "query": "ast",
    "totalHits": 30,
    "totalPages": 1,
    "type": "Search_providerservicegroups"
  }
}
