{
  "data": {
    "indexName": "providerservicegroups",
    "hits": [
      {
        "id": 528,
        "extraTerms": "cat scan, xray, imaging,orthotics,radiology,surgery,fracture,broken bone,broken bones,broken,stomach pain,stomach, internal pain, ab pain,abs,blood clots,clots,blood vessels",
        "description": "Computed tomographic angiography (CTA) of abdomen with contrast material including noncontrast images is a procedure used for the imaging of vessels to detect blood vessel dilation (bulges), blood clots, and other blood vessel issues. In this procedure, contrast dye is rapidly infused by injection into the blood vessel , at intervals and the patient is scanned in thin sections. ",
        "name": "CT Angiography, Abdomen w/o & w/ contrast"
      },
      {
        "id": 1017,
        "extraTerms": "x-ray, imaging, x-ray and imaging, x-ray & imaging, diagnostic imaging, MRI, MRI abdomen w/o contrast, MRI abdomen without contrast, imaging,orthotics,radiology,surgery,fracture,broken bone,broken bones,broken,stomach pain,stomach, internal pain, ab pain,abs, abdominal pain, abs hurt, abdomen hurts, abdomen pain",
        "description": "An exam of the abdomen (stomach area) using Magnetic resonance imaging (MRI). MRI is used to take detailed pictures of the abdomen using powerful magnets, radio waves, and a computer. It is a radiation-free, non-invasive, way to produce high quality sectional images of the inside of the body from many directions. ",
        "name": "MRI of Abdomen without Dye"
      },
      {
        "id": 518,
        "extraTerms": "cat scan, xray, CT scan, imaging,orthotics,radiology,surgery,fracture,broken bone,broken bones,broken,blood clots,clots,blood vessels,stomach pain,internal pain",
        "description": "Computed tomography of pelvis with and without contrast This procedure directs multiple thin beams of x-rays at the body structure being studied and uses computer imaging to produce thin cross-sectional views of various slices of the body. ",
        "name": "CT Scan of Pelvis without and with Contrast"
      },
      {
        "id": 516,
        "extraTerms": "cat scan, xray, CT scan, imaging,orthotics,radiology,surgery,fracture,broken bone,broken bones,broken,blood clots,clots,blood vessels,stomach pain,internal pain",
        "description": "Computed tomography of pelvis without contrast This procedure directs multiple thin beams of x-rays at the body structure being studied and uses computer imaging to produce thin cross-sectional views of various slices of the body. ",
        "name": "CT Scan of Pelvis without Contrast"
      },
      {
        "id": 1018,
        "extraTerms": "x-ray, imaging, x-ray and imaging, x-ray & imaging, diagnostic imaging, MRI, MRI abdomen w/ contrast, MRI abdomen with contrast, imaging,orthotics,radiology,surgery,fracture,broken bone,broken bones,broken,stomach pain,stomach, internal pain, ab pain,abs, abdominal pain, abs hurt, abdomen hurts, abdomen pain",
        "description": "An exam of the abdomen (stomach area) using Magnetic resonance imaging (MRI). MRI is used to take detailed pictures of the abdomen using powerful magnets, radio waves, and a computer. It is a radiation-free, non-invasive, way to produce high quality sectional images of the inside of the body from many directions. In this exam, detailed pictures of the abdomen are taken after a dye is injected into the patient. ",
        "name": "MRI of Abdomen with Dye"
      },
      {
        "id": 12,
        "extraTerms": "Bladder,Kidneys,UTI",
        "description": "A urinalysis checks for different components of urine, a waste product made by the kidneys. A regular urine test may be done to help find the cause of symptoms or problems associated with the bladder and/or kidneys. A urine sample is often sent to a lab for analysis. ",
        "name": "Automated Urinalysis "
      },
      {
        "id": 266,
        "extraTerms": "new patient, existing patient, new patient visit, existing patient visit, std test, drug test, pregnancy test, check up, doctor appointment, doctor's appointment,annual exam,checkup,prescriptions,drugs,Well Visit,Well Care,check-up,sick visit,pee test,evaluation, annual physical, physical,walk-in clinic,clinic,new patient,pediatric, pediatrics, pediatrician, child health, children's health, children's doctor visit, children's office visit,new patient, pediatric gastroenterology, pediatric gastroenterologist, pediatric gastroenterologists, pediatric infectious disease, pediatric infectious diseases, infectious disease, infectious diseases,general surgery, general surgeon, urology, urologist, urologists,  primary care physician, pcp, std test, drug test,sick visit,pregnancy test, check up, doctor appointment, doctor's appointment,sore throat, runny nose, cold, itchy eyes, sneezing, itching, coughing, aches and pains, aches, sore neck, congested, congestion, stuffy nose, cough, itch, sore, tired, fatigue, strep throat, throat hurts,pregnant,missed period,prenatal care,babies,birth control,prenatal,pregnancy test,bladder,kidneys,bladder control specialist,urologist,urology,missed period,prenatal care,yeast infection,UTI,urinary tract infection,urine,baby doctor appointment, baby's doctor appointment, baby doctor's appointment, baby doctors appointment, infant doctors appointment, doctor appointment, doctor's appointment, doctors appointment, screening, physical appointment, annual physical, annual appointment, annual exam, women's health, woman health, womans health, woman's health, womens health, pap test, pap smear,cancer prevention,gynecology,gynecologist,obgyn,gyno,obstetrics,obstetrics and gynecology,maternity, sexual health, yearly exam, disease management",
        "description": "This type of office visit is typically scheduled when a patient is concerned about a specific health problem rather than preventive care. This office visit includes charges for spending 15 minutes with the healthcare provider, as well as a urinalysis.  ",
        "name": "15 min Office Visit w/ Automated Urinalysis "
      },
      {
        "id": 267,
        "extraTerms": "new patient, existing patient, new patient visit, existing patient visit, std test, drug test, pregnancy test, check up, doctor appointment, doctor's appointment,annual exam,checkup,prescriptions,drugs,Well Visit,Well Care,check-up,sick visit,pee test,evaluation, annual physical, physical,walk-in clinic,clinic,new patient,pediatric, pediatrics, pediatrician, child health, children's health, children's doctor visit, children's office visit,new patient, pediatric gastroenterology, pediatric gastroenterologist, pediatric gastroenterologists, pediatric infectious disease, pediatric infectious diseases, infectious disease, infectious diseases,general surgery, general surgeon, urology, urologist, urologists,  primary care physician, pcp, std test, drug test,sick visit,pregnancy test, check up, doctor appointment, doctor's appointment,sore throat, runny nose, cold, itchy eyes, sneezing, itching, coughing, aches and pains, aches, sore neck, congested, congestion, stuffy nose, cough, itch, sore, tired, fatigue, strep throat, throat hurts,pregnant,missed period,prenatal care,babies,birth control,prenatal,pregnancy test,bladder,kidneys,bladder control specialist,urologist,urology,missed period,prenatal care,yeast infection,UTI,urinary tract infection,urine,baby doctor appointment, baby's doctor appointment, baby doctor's appointment, baby doctors appointment, infant doctors appointment, doctor appointment, doctor's appointment, doctors appointment, screening, physical appointment, annual physical, annual appointment, annual exam, women's health, woman health, womans health, woman's health, womens health, pap test, pap smear,cancer prevention,gynecology,gynecologist,obgyn,gyno,obstetrics,obstetrics and gynecology,maternity, sexual health, yearly exam, disease management",
        "description": "This type of office visit is typically scheduled when a patient is concerned about a specific health problem rather than preventive care. This office visit includes charges for spending 15 minutes with the healthcare provider, as well as a urinalysis.  ",
        "name": "15 min Office Visit w/ Automated Urinalysis (with microscope)"
      },
      {
        "id": 287,
        "extraTerms": "Hearing Services, Shots, Injections, Shots/Injections, Shot, Injection, Ceftriaxone Injection, Ceftriaxone, cephalosporin, cephalosporin antibiotics, antibiotics, bacterial infection, bacteria, kill bacteria, gonorrhea, pelvic inflammatory disease, pelvis inflammation, pelvic inflammation, inflammation, meningitis, lung, lungs, lung infection, ear, ears, ear infection, urinary tract, urinary tract infection, UTI, blood, blood infection, joint, joints, joint infection, bone, bones, bone infection, ab, abs, abdomen, abdomen infection, pelvis, medication, difficulty breathing, ear pressure,ear pain relief,hearing,ear,ears,ear pain,earache,earache releif,ear services, hearing problems, hearing problem, ear problem, ear problems, ear wax, earwax, hearing aides, deaf, deafness, cochlea, ear tubes, hard of hearing, hard to hear, difficulty hearing,wax, wax removal, earwax, ear drum, ear fluid, lung problems, hard to breathe, abnormal breathing, stomach issues, stomach problems, stomach",
        "description": "Ceftriaxone injection is used to treat certain infections caused by bacteria such as gonorrhea, pelvic inflammatory disease, meningitis, and infections of the lungs, ears, skin, urinary tract, blood, bones, joints, and abdomen. Ceftriaxone injection is also sometimes given before certain types of surgery to prevent infections that may develop after the operation. Ceftriaxone injection is in a class of medications called cephalosporin antibiotics. It works by killing bacteria.",
        "name": "Ceftriaxone Injection"
      },
      {
        "id": 515,
        "extraTerms": "cat scan, xray, CT scan, imaging,orthotics,radiology,surgery,fracture,broken bone,broken bones,broken,blood clots,clots,blood vessels,stomach pain,internal pain",
        "description": "Computed tomographic angiography (CTA) of pelvis with and without contrast material is a procedure used for the imaging of vessels to detect blood vessel dilation (bulges), blood clots, and other blood vessel issues. In this procedure, contrast dye is rapidly infused by injection into the blood vessel , at intervals and the patient is scanned in thin sections. ",
        "name": "CT Angiography, Pelvis without and with Contrast"
      }
    ],
    "query": "ast",
    "totalHits": 30,
    "totalPages": 1,
    "type": "Search_providerservicegroups"
  }
}
