{
  "hasRatingSummary": false,
  "specialties": [
    {
      "name": "Family Medicine",
      "count": 3
    },
    {
      "name": "Endodontist",
      "count": 1
    },
    {
      "name": "Neurology",
      "count": 1
    },
    {
      "name": "Rheumatology",
      "count": 1
    }
  ],
  "data": [
    {
      "id": "L-52975497-19145160-",
      "type": "medExpectedCosts",
      "expectedCost": 95.24,
      "specialtyName": "Family Medicine",
      "preferred": false,
      "designationRank": null,
      "provider": {
        "id": "6184527",
        "type": "providers",
        "providerType": "Physician",
        "name": "LAURA LEE TAYLOR MD",
        "npi": "1083824601",
        "website": null,
        "locationAgnostic": false,
        "serviceLocation": {
          "id": "19145160",
          "type": "providerAddresses",
          "externalId": null,
          "address1": "12935 HIGHWAY 231 431 N",
          "address2": "",
          "city": "HAZEL GREEN",
          "state": "AL",
          "zipcode": "35750",
          "distance": 83.9,
          "latitude": 34.937099,
          "longitude": -86.581001
        },
        "phoneNumber": "2568286766",
        "qualityRating": {
          "score": 61,
          "maxScore": 100
        },
        "qualitySummary": {
          "ratingSummary": null,
          "reviewSummary": {
            "id": 277441,
            "type": "providerReviewSummary",
            "score": 3,
            "count": "29",
            "displayType": "Stars"
          }
        },
        "designationPrimarySortingGroup": null,
        "designationLabels": [],
        "designationLogos": []
      },
      "secondaryProvider": null,
      "distinctions": null
    },
    {
      "id": "L-47793937-2309174-",
      "type": "medExpectedCosts",
      "expectedCost": 95.24,
      "specialtyName": "Family Medicine",
      "preferred": false,
      "designationRank": null,
      "provider": {
        "id": "4753727",
        "type": "providers",
        "providerType": "Physician",
        "name": "PHILIP ANTHONY ROTH MD",
        "npi": "1710968383",
        "website": null,
        "locationAgnostic": false,
        "serviceLocation": {
          "id": "2309174",
          "type": "providerAddresses",
          "externalId": null,
          "address1": "2089 CECIL ASHBURN DR SE",
          "address2": "SUITE 101",
          "city": "HUNTSVILLE",
          "state": "AL",
          "zipcode": "35802",
          "distance": 84.5,
          "latitude": 34.673,
          "longitude": -86.535896
        },
        "phoneNumber": "2565333966",
        "qualityRating": {
          "score": 61,
          "maxScore": 100
        },
        "qualitySummary": {
          "ratingSummary": null,
          "reviewSummary": {
            "id": 12172,
            "type": "providerReviewSummary",
            "score": 4,
            "count": "68",
            "displayType": "Stars"
          }
        },
        "designationPrimarySortingGroup": null,
        "designationLabels": [],
        "designationLogos": []
      },
      "secondaryProvider": null,
      "distinctions": null
    },
    {
      "id": "L-52975465-8248787-",
      "type": "medExpectedCosts",
      "expectedCost": 164.14,
      "specialtyName": "Family Medicine",
      "preferred": false,
      "designationRank": null,
      "provider": {
        "id": "5400164",
        "type": "providers",
        "providerType": "Physician",
        "name": "DWANA M BUSH M.D.",
        "npi": "1518076736",
        "website": null,
        "locationAgnostic": false,
        "serviceLocation": {
          "id": "8248787",
          "type": "providerAddresses",
          "externalId": null,
          "address1": "755 MOUNT VERNON HWY NE",
          "address2": "SUITE 350",
          "city": "ATLANTA",
          "state": "GA",
          "zipcode": "30328",
          "distance": 84.1,
          "latitude": 33.9335,
          "longitude": -84.3958
        },
        "phoneNumber": "4042555774",
        "qualityRating": {
          "score": 79,
          "maxScore": 100
        },
        "qualitySummary": {
          "ratingSummary": null,
          "reviewSummary": {
            "id": 25367,
            "type": "providerReviewSummary",
            "score": 4,
            "count": "78",
            "displayType": "Stars"
          }
        },
        "designationPrimarySortingGroup": null,
        "designationLabels": [],
        "designationLogos": []
      },
      "secondaryProvider": null,
      "distinctions": null
    }
  ],
  "offset": 0,
  "highestReviewNumber": 4,
  "localAverage": {
    "minValue": 95.24,
    "maxValue": 164.14
  },
  "limit": 10,
  "links": {
    "first": "/provider_service_groups/71/costs?origin=35.00323%2C-85.101045&distance=150&reviewFilter=3&ratingFilter=-1&offset=0",
    "last": "/provider_service_groups/71/costs?origin=35.00323%2C-85.101045&distance=150&reviewFilter=3&ratingFilter=-1&offset=0",
    "prev": null,
    "next": null
  },
  "highestRatingNumber": 0,
  "nationalAverage": {
    "minValue": 104,
    "maxValue": 159
  },
  "totalCount": 3,
  "hasReviewSummary": true
}
