{
  "hasRatingSummary": false,
  "specialties": [
    {
      "name": "Family Medicine",
      "count": 13
    },
    {
      "name": "Internal Medicine",
      "count": 8
    },
    {
      "name": "Dermatology",
      "count": 6
    },
    {
      "name": "Neurology",
      "count": 4
    },
    {
      "name": "Endodontist",
      "count": 3
    },
    {
      "name": "Pediatrics",
      "count": 3
    },
    {
      "name": "Orthopedic Surgery",
      "count": 3
    },
    {
      "name": "Rheumatology",
      "count": 2
    },
    {
      "name": "ENT - Otolaryngology",
      "count": 2
    },
    {
      "name": "Hematology",
      "count": 2
    },
    {
      "name": "Cardiovascular Medicine",
      "count": 2
    },
    {
      "name": "Sports Medicine",
      "count": 1
    },
    {
      "name": "Nephrology",
      "count": 1
    },
    {
      "name": "Feet/lower extremity",
      "count": 1
    },
    {
      "name": "Urology",
      "count": 1
    },
    {
      "name": "Pediatric Endocrinology",
      "count": 1
    },
    {
      "name": "Ophthalmology",
      "count": 1
    },
    {
      "name": "Pediatric Neurology",
      "count": 1
    },
    {
      "name": "Oncology",
      "count": 1
    },
    {
      "name": "Gynecology",
      "count": 1
    }
  ],
  "data": [
    {
      "id": "L-38846561-8320363-",
      "type": "medExpectedCosts",
      "expectedCost": 61.0,
      "specialtyName": "Family Medicine",
      "preferred": false,
      "designationRank": null,
      "provider": {
        "id": "7308951",
        "type": "providers",
        "providerType": "NonPhysician",
        "name": "THE LITTLE CLINIC OF ARIZONA LLC",
        "npi": "1023216249",
        "website": null,
        "locationAgnostic": false,
        "serviceLocation": {
          "id": "8320363",
          "type": "providerAddresses",
          "externalId": null,
          "address1": "2620 ELM HILL PIKE",
          "address2": "",
          "city": "NASHVILLE",
          "state": "TN",
          "zipcode": "37214",
          "distance": 119.2,
          "latitude": 36.152311,
          "longitude": -86.674797
        },
        "phoneNumber": "6154254200",
        "qualityRating": {
          "score": null,
          "maxScore": 100
        },
        "qualitySummary": {
          "ratingSummary": null,
          "reviewSummary": null
        },
        "designationPrimarySortingGroup": null,
        "designationLabels": [],
        "designationLogos": []
      },
      "secondaryProvider": null,
      "distinctions": null
    },
    {
      "id": "L-38842974-6639711-",
      "type": "medExpectedCosts",
      "expectedCost": 76.09,
      "specialtyName": "Family Medicine",
      "preferred": false,
      "designationRank": null,
      "provider": {
        "id": "6919269",
        "type": "providers",
        "providerType": "Physician",
        "name": "SEALE HARRIS CLINIC",
        "npi": "1437105913",
        "website": null,
        "locationAgnostic": false,
        "serviceLocation": {
          "id": "6639711",
          "type": "providerAddresses",
          "externalId": null,
          "address1": "805 SAINT VINCENTS DR",
          "address2": "SUITE 510",
          "city": "BIRMINGHAM",
          "state": "AL",
          "zipcode": "35205",
          "distance": 137.8,
          "latitude": 33.569397,
          "longitude": -86.782585
        },
        "phoneNumber": "2055955504",
        "qualityRating": {
          "score": null,
          "maxScore": 100
        },
        "qualitySummary": {
          "ratingSummary": null,
          "reviewSummary": null
        },
        "designationPrimarySortingGroup": null,
        "designationLabels": [],
        "designationLogos": []
      },
      "secondaryProvider": null,
      "distinctions": null
    },
    {
      "id": "L-52976041-6647375-",
      "type": "medExpectedCosts",
      "expectedCost": 82.0,
      "specialtyName": "Family Medicine",
      "preferred": false,
      "designationRank": null,
      "provider": {
        "id": "7146144",
        "type": "providers",
        "providerType": "Physician",
        "name": "GOLDEN CORNER FAMILY PRAC",
        "npi": "1184771321",
        "website": null,
        "locationAgnostic": false,
        "serviceLocation": {
          "id": "6647375",
          "type": "providerAddresses",
          "externalId": null,
          "address1": "1205 N HIGHWAY 11",
          "address2": "",
          "city": "WEST UNION",
          "state": "SC",
          "zipcode": "29696",
          "distance": 118.4,
          "latitude": 34.77388,
          "longitude": -83.029373
        },
        "phoneNumber": "8646385402",
        "qualityRating": {
          "score": null,
          "maxScore": 100
        },
        "qualitySummary": {
          "ratingSummary": null,
          "reviewSummary": null
        },
        "designationPrimarySortingGroup": null,
        "designationLabels": [],
        "designationLogos": []
      },
      "secondaryProvider": null,
      "distinctions": null
    },
    {
      "id": "L-46812523-8317922-",
      "type": "medExpectedCosts",
      "expectedCost": 92.69,
      "specialtyName": "Family Medicine",
      "preferred": false,
      "designationRank": null,
      "provider": {
        "id": "7133904",
        "type": "providers",
        "providerType": "Physician",
        "name": "GWINNETT MEDICAL GROUP, INC",
        "npi": "1780747469",
        "website": null,
        "locationAgnostic": false,
        "serviceLocation": {
          "id": "8317922",
          "type": "providerAddresses",
          "externalId": null,
          "address1": "1000 MEDICAL CENTER BLVD",
          "address2": "",
          "city": "LAWRENCEVILLE",
          "state": "GA",
          "zipcode": "30046",
          "distance": 94.1,
          "latitude": 33.9604,
          "longitude": -84.037903
        },
        "phoneNumber": "6783125525",
        "qualityRating": {
          "score": null,
          "maxScore": 100
        },
        "qualitySummary": {
          "ratingSummary": null,
          "reviewSummary": null
        },
        "designationPrimarySortingGroup": null,
        "designationLabels": [],
        "designationLogos": []
      },
      "secondaryProvider": null,
      "distinctions": null
    },
    {
      "id": "L-50010466-7303955-",
      "type": "medExpectedCosts",
      "expectedCost": 93.05,
      "specialtyName": "Family Medicine",
      "preferred": false,
      "designationRank": null,
      "provider": {
        "id": "7222493",
        "type": "providers",
        "providerType": "Physician",
        "name": "NORTH CHATTAHOOCHEE FAMILY PHYSICIANS, LLC",
        "npi": "1114041928",
        "website": null,
        "locationAgnostic": false,
        "serviceLocation": {
          "id": "7303955",
          "type": "providerAddresses",
          "externalId": null,
          "address1": "11459 JOHNS CREEK PKWY",
          "address2": "SUITE 250",
          "city": "JOHNS CREEK",
          "state": "GA",
          "zipcode": "30097",
          "distance": 84.1,
          "latitude": 34.055637,
          "longitude": -84.173096
        },
        "phoneNumber": "7704971555",
        "qualityRating": {
          "score": null,
          "maxScore": 100
        },
        "qualitySummary": {
          "ratingSummary": null,
          "reviewSummary": null
        },
        "designationPrimarySortingGroup": null,
        "designationLabels": [],
        "designationLogos": []
      },
      "secondaryProvider": null,
      "distinctions": null
    },
    {
      "id": "L-49773029-8470521-",
      "type": "medExpectedCosts",
      "expectedCost": 93.05,
      "specialtyName": "Family Medicine",
      "preferred": false,
      "designationRank": null,
      "provider": {
        "id": "8431647",
        "type": "providers",
        "providerType": "Physician",
        "name": "COVENANT FAMILY MEDICINE GMG LLC",
        "npi": "1346595204",
        "website": null,
        "locationAgnostic": false,
        "serviceLocation": {
          "id": "8470521",
          "type": "providerAddresses",
          "externalId": null,
          "address1": "2098 TERON TRCE",
          "address2": "SUITE 150",
          "city": "DACULA",
          "state": "GA",
          "zipcode": "30019",
          "distance": 98.7,
          "latitude": 34.068087,
          "longitude": -83.90306
        },
        "phoneNumber": "6787301620",
        "qualityRating": {
          "score": null,
          "maxScore": 100
        },
        "qualitySummary": {
          "ratingSummary": null,
          "reviewSummary": null
        },
        "designationPrimarySortingGroup": null,
        "designationLabels": [],
        "designationLogos": []
      },
      "secondaryProvider": null,
      "distinctions": null
    },
    {
      "id": "L-52975497-19145160-",
      "type": "medExpectedCosts",
      "expectedCost": 95.24,
      "specialtyName": "Family Medicine",
      "preferred": false,
      "designationRank": null,
      "provider": {
        "id": "6184527",
        "type": "providers",
        "providerType": "Physician",
        "name": "LAURA LEE TAYLOR MD",
        "npi": "1083824601",
        "website": null,
        "locationAgnostic": false,
        "serviceLocation": {
          "id": "19145160",
          "type": "providerAddresses",
          "externalId": null,
          "address1": "12935 HIGHWAY 231 431 N",
          "address2": "",
          "city": "HAZEL GREEN",
          "state": "AL",
          "zipcode": "35750",
          "distance": 83.9,
          "latitude": 34.937099,
          "longitude": -86.581001
        },
        "phoneNumber": "2568286766",
        "qualityRating": {
          "score": 61,
          "maxScore": 100
        },
        "qualitySummary": {
          "ratingSummary": null,
          "reviewSummary": {
            "id": 277441,
            "type": "providerReviewSummary",
            "score": 3,
            "count": "29",
            "displayType": "Stars"
          }
        },
        "designationPrimarySortingGroup": null,
        "designationLabels": [],
        "designationLogos": []
      },
      "secondaryProvider": null,
      "distinctions": null
    },
    {
      "id": "L-47793937-2309174-",
      "type": "medExpectedCosts",
      "expectedCost": 95.24,
      "specialtyName": "Family Medicine",
      "preferred": false,
      "designationRank": null,
      "provider": {
        "id": "4753727",
        "type": "providers",
        "providerType": "Physician",
        "name": "PHILIP ANTHONY ROTH MD",
        "npi": "1710968383",
        "website": null,
        "locationAgnostic": false,
        "serviceLocation": {
          "id": "2309174",
          "type": "providerAddresses",
          "externalId": null,
          "address1": "2089 CECIL ASHBURN DR SE",
          "address2": "SUITE 101",
          "city": "HUNTSVILLE",
          "state": "AL",
          "zipcode": "35802",
          "distance": 84.5,
          "latitude": 34.673,
          "longitude": -86.535896
        },
        "phoneNumber": "2565333966",
        "qualityRating": {
          "score": 61,
          "maxScore": 100
        },
        "qualitySummary": {
          "ratingSummary": null,
          "reviewSummary": {
            "id": 12172,
            "type": "providerReviewSummary",
            "score": 4,
            "count": "68",
            "displayType": "Stars"
          }
        },
        "designationPrimarySortingGroup": null,
        "designationLabels": [],
        "designationLogos": []
      },
      "secondaryProvider": null,
      "distinctions": null
    },
    {
      "id": "L-50010445-3796424-",
      "type": "medExpectedCosts",
      "expectedCost": 95.24,
      "specialtyName": "Family Medicine",
      "preferred": false,
      "designationRank": null,
      "provider": {
        "id": "7174609",
        "type": "providers",
        "providerType": "UnspecifiedProvider",
        "name": "FAMILY MEDICINE OF HUNTSVILLE, PC",
        "npi": "1215074091",
        "website": null,
        "locationAgnostic": false,
        "serviceLocation": {
          "id": "3796424",
          "type": "providerAddresses",
          "externalId": null,
          "address1": "2410 COMMERCE CT SW",
          "address2": "",
          "city": "HUNTSVILLE",
          "state": "AL",
          "zipcode": "35801",
          "distance": 84.8,
          "latitude": 34.71843,
          "longitude": -86.556442
        },
        "phoneNumber": "2565397722",
        "qualityRating": {
          "score": null,
          "maxScore": 100
        },
        "qualitySummary": {
          "ratingSummary": null,
          "reviewSummary": null
        },
        "designationPrimarySortingGroup": null,
        "designationLabels": [],
        "designationLogos": []
      },
      "secondaryProvider": null,
      "distinctions": null
    },
    {
      "id": "L-48730024-3673648-",
      "type": "medExpectedCosts",
      "expectedCost": 113.76,
      "specialtyName": "Family Medicine",
      "preferred": false,
      "designationRank": null,
      "provider": {
        "id": "7144634",
        "type": "providers",
        "providerType": "Physician",
        "name": "NORTH ATLANTA PRIMARY CARE, P.C.",
        "npi": "1235296054",
        "website": null,
        "locationAgnostic": false,
        "serviceLocation": {
          "id": "3673648",
          "type": "providerAddresses",
          "externalId": null,
          "address1": "3400 OLD MILTON PKWY # C",
          "address2": "SUITE 270",
          "city": "ALPHARETTA",
          "state": "GA",
          "zipcode": "30005",
          "distance": 80.2,
          "latitude": 34.069305,
          "longitude": -84.263779
        },
        "phoneNumber": "7704421911",
        "qualityRating": {
          "score": null,
          "maxScore": 100
        },
        "qualitySummary": {
          "ratingSummary": null,
          "reviewSummary": null
        },
        "designationPrimarySortingGroup": null,
        "designationLabels": [],
        "designationLogos": []
      },
      "secondaryProvider": null,
      "distinctions": null
    }
  ],
  "offset": 0,
  "highestReviewNumber": 4,
  "localAverage": {
    "minValue": 61.0,
    "maxValue": 164.14
  },
  "limit": 10,
  "links": {
    "first": "/provider_service_groups/71/costs?origin=35.00323%2C-85.101045&distance=150&offset=0",
    "last": "/provider_service_groups/71/costs?origin=35.00323%2C-85.101045&distance=150&offset=10",
    "prev": null,
    "next": "/provider_service_groups/71/costs?origin=35.00323%2C-85.101045&distance=150&offset=10"
  },
  "highestRatingNumber": 0,
  "nationalAverage": {
    "minValue": 104,
    "maxValue": 159
  },
  "totalCount": 13,
  "hasReviewSummary": true
}
