{
  "hasRatingSummary": true,
  "specialties": [],
  "data": [
    {
      "id": "L-46434146-2676696-3796199",
      "type": "medExpectedCosts",
      "expectedCost": 120.7,
      "specialtyName": null,
      "preferred": false,
      "designationRank": null,
      "provider": {
        "id": "6916372",
        "type": "providers",
        "providerType": "Physician",
        "name": "VANDERBILT MEDICAL GROUP",
        "npi": "1952356065",
        "website": null,
        "locationAgnostic": false,
        "serviceLocation": {
          "id": "2676696",
          "type": "providerAddresses",
          "externalId": null,
          "address1": "3601 THE VANDERBILT CLINIC",
          "address2": "",
          "city": "NASHVILLE",
          "state": "TN",
          "zipcode": "37232",
          "distance": 1.9,
          "latitude": 36.139496,
          "longitude": -86.801559
        },
        "phoneNumber": "6153223000",
        "qualityRating": {
          "score": null,
          "maxScore": 100
        },
        "qualitySummary": {
          "ratingSummary": null,
          "reviewSummary": null
        },
        "designationPrimarySortingGroup": null,
        "designationLabels": [],
        "designationLogos": []
      },
      "secondaryProvider": {
        "id": "7174546",
        "type": "providers",
        "providerType": "Hospital",
        "name": "VANDERBILT UNIVERSITY MEDICAL CENTER",
        "npi": "1396882205",
        "website": null,
        "locationAgnostic": false,
        "serviceLocation": {
          "id": "3796199",
          "type": "providerAddresses",
          "externalId": null,
          "address1": "1211 22ND AVENUE, SOUTH",
          "address2": "",
          "city": "NASHVILLE",
          "state": "TN",
          "zipcode": "37232",
          "distance": 1.9,
          "latitude": 36.13961,
          "longitude": -86.801552
        },
        "phoneNumber": "6153225000",
        "qualityRating": {
          "score": 74,
          "maxScore": 100
        },
        "qualitySummary": {
          "ratingSummary": {
            "id": 15060,
            "type": "providerRatingSummary",
            "score": 4,
            "displayType": "Circles"
          },
          "reviewSummary": {
            "id": 601020,
            "type": "providerReviewSummary",
            "score": 4,
            "count": "7124",
            "displayType": "Stars"
          }
        },
        "designationPrimarySortingGroup": null,
        "designationLabels": [],
        "designationLogos": []
      },
      "otherMedExpectedCosts": [],
      "distinctions": null
    }
  ],
  "offset": 0,
  "highestReviewNumber": 4,
  "localAverage": {
    "minValue": null,
    "maxValue": null
  },
  "limit": 10,
  "links": {
    "first": "/provider_service_groups/962/costs?origin=36.1590872%2C-86.7784832&distance=25&offset=0",
    "last": "/provider_service_groups/962/costs?origin=36.1590872%2C-86.7784832&distance=25&offset=0",
    "prev": null,
    "next": null
  },
  "highestRatingNumber": 4,
  "nationalAverage": {
    "minValue": 40,
    "maxValue": 82
  },
  "totalCount": 1,
  "hasReviewSummary": true
}
