{
  "extends": ["tslint:recommended"],
  "rules": {
    "class-name": true,
    "object-literal-sort-keys": false,
    "object-literal-shorthand": false,
    "max-line-length": false,
    "no-empty": false,
    "member-ordering": false,
    "no-console": false,
    "variable-name": false,
    "comment-format": [true, "check-space"],
    "indent": [true, "spaces", 2],
    "one-line": [true, "check-open-brace", "check-whitespace"],
    "no-var-keyword": true,
    "quotemark": [true, "double", "avoid-escape"],
    "semicolon": [true, "always", "ignore-bound-class-methods"],
    "whitespace": [
      true,
      "check-branch",
      "check-decl",
      "check-operator",
      "check-module",
      "check-separator",
      "check-type"
    ],
    "typedef-whitespace": [
      true,
      {
        "call-signature": "nospace",
        "index-signature": "nospace",
        "parameter": "nospace",
        "property-declaration": "nospace",
        "variable-declaration": "nospace"
      },
      {
        "call-signature": "onespace",
        "index-signature": "onespace",
        "parameter": "onespace",
        "property-declaration": "onespace",
        "variable-declaration": "onespace"
      }
    ],
    "no-internal-module": true,
    "no-trailing-whitespace": true,
    "no-null-keyword": false,
    "prefer-const": true,
    "jsdoc-format": true,
    "object-literal-key-quotes": [true, "as-needed"],
    "only-arrow-functions": false,
    "trailing-comma": [
      true,
      {
        "multiline": {
          "objects": "always",
          "arrays": "always",
          "functions": "never",
          "typeLiterals": "ignore"
        },
        "esSpecCompliant": true
      }
    ]
  }
}
