{
  "sub": "chc.health.app@gmail.com",
  "phone_numbers": { "number": "1231231231", "type": "work" },
  "address": {
    "zip": "82714",
    "city": "Devils Tower",
    "state": "WY",
    "line2": "",
    "line1": "42 Towel Lane"
  },
  "roles": "User",
  "company": {
    "name": "Company 2",
    "id": "e84ecc97-479e-49a4-bc4c-1b7dececfbd1"
  },
  "given_name": "CHC Health app",
  "token_type": "Default_JWT",
  "uuid": "787e23e1-613c-48f1-9ff8-6d2ffe80c2d6",
  "family_name": "test user",
  "apps": {
    "name": "Health App TEST",
    "id": "5f203c5e-f0d6-4ea0-893d-c0c5549ccfb9",
    "uri": "https://localhost:3000"
  }
}
