{
  "/consentApi/healthcheck": {
    "code": 200,
    "type": "GET"
  },
  "/consentApi/consent": {
    "code": 200,
    "type": "POST"
  },
  "/obligationsApi/obligationStates": {
    "code": 200,
    "type": "POST"
  },
  "/apigee/consumerView/v1/obligations/OBLIGATION123": {
    "code": 200,
    "type": "GET"
  },
  "/apigee/enrollmentApi/invitation/222222": {
    "code": 200,
    "type": "GET"
  },
  "/apigee/enrollmentApi/invitation/111111/otp": {
    "code": 200,
    "type": "POST",
    "body": {
      "attemptCount": 2,
      "attemptMax": 3
    }
  },
  "/apigee/enrollmentApi/invitation/777777/otp": {
    "code": 400,
    "type": "POST",
    "body": {
      "attemptCount": 2,
      "attemptMax": 3
    }
  },
  "/apigee/enrollmentApi/invitation/222222/identity": {
    "code": 201,
    "type": "POST",
    "body": {
      "userId": "e85db82f-fb88-45d2-8bb2-d1ca6f366f66"
    }
  },
  "/apigee/enrollmentApi/invitation/333333/identity": {
    "code": 400,
    "type": "POST",
    "body": {
      "attemptCount": 1,
      "attemptMax": 5
    }
  },
  "/apigee/enrollmentApi/invitation/111111/identity": {
    "code": 201,
    "type": "POST",
    "body": {
      "attemptCount": 1,
      "attemptMax": 5,
      "code": 1902,
      "userId": "e85db82f-fb88-45d2-8bb2-d1ca6f366f66"
    }
  },
  "/apigee/enrollmentApi/invitation/111111/otp/9012": {
    "code": 404,
    "type": "POST",
    "body": {
      "attemptCount": 1,
      "attemptMax": 5
    }
  },
  "/apigee/enrollmentApi/invitation/111111/otp/XXXX": {
    "code": 200,
    "type": "POST"
  },
  "/apigee/enrollmentApi/invitation/111111": {
    "code": 200,
    "type": "POST",
    "body": {
      "attemptCount": 4,
      "attemptMax": 5
    }
  },
  "/apigee/enrollmentApi/invitation/111111/email": {
    "code": 200,
    "type": "POST",
    "body": {
      "attemptCount": 4,
      "attemptMax": 5
    }
  },
  "/apigee/enrollmentApi/invitation/111111/password/e85db82f-fb88-45d2-8bb2-d1ca6f366f66": {
    "code": 200,
    "type": "POST",
    "body": {
      "attemptCount": 4,
      "attemptMax": 5
    }
  },
  "/apigee/enrollmentApi/enrollment": {
    "code": 200,
    "type": "GET"
  },
  "/apigee/fhir/v1/condition": {
    "code": 200,
    "type": "GET"
  },
  "/apigee/fhir/v1/allergyIntolerance": {
    "code": 200,
    "type": "GET"
  },
  "/apigee/fhir/v1/medicationAdministration": {
    "code": 200,
    "type": "GET"
  },
  "/consentApi/consent/details": {
    "code": 200,
    "type": "GET",
    "sleep": 0
  },
  "/consentApi/contract": {
    "code": 200,
    "type": "GET"
  },
  "/consentApi/payers": {
    "code": 200,
    "type": "GET"
  },
  "/apigee/trueViewApi/providers/7375726/addresses": {
    "code": 200,
    "type": "GET"
  },
  "/apigee/trueViewApi/providerServiceGroups/962": {
    "code": 200,
    "type": "GET"
  },
  "/apigee/trueViewApi/providerServiceGroups/962/costs": {
    "code": 200,
    "type": "GET"
  },
  "/ihdp/eventlogger/v1": {
    "code": 200,
    "type": "POST"
  },
  "/apigee/trueViewApi/search/rxBrands": {
    "code": 200,
    "type": "GET"
  },
  "/apigee/consumerView/v1/obligations": {
    "code": 200,
    "type": "GET"
  },
  "/apigee/trueViewApi/rxBrands/667": {
    "code": 200,
    "type": "GET"
  },
  "/apigee/trueViewApi/rxBrands/667/dosages/7/costs": {
    "code": 200,
    "type": "GET"
  },
  "/apigee/trueViewApi/providers/6916372": {
    "code": 200,
    "type": "GET",
    "sleep": 0
  },
  "/apigee/trueViewApi/providers/4831674": {
    "code": 200,
    "type": "GET",
    "sleep": 0
  },
  "/apigee/trueViewApi/providers/6985058": {
    "code": 200,
    "type": "GET",
    "sleep": 0
  },
  "/apigee/trueViewApi/plan_benefits": {
    "code": 200,
    "type": "GET",
    "sleep": 0
  },
  "/apigee/consumerView/v1/profiles": {
    "code": 200,
    "type": "GET",
    "sleep": 0
  },
  "/preference/list/777777/published": {
    "code": 400,
    "type": "GET"
  },
  "/preference/list/9fb77454-8c58-4345-aa50-43f133e06d20/published": {
    "code": 200,
    "type": "GET"
  },
  "/CMSPatientAccess/explanationofbenefit/v1": {
    "code": 200,
    "type": "GET",
    "sleep": 0
  },
  "/CMSPatientAccess/financial/v1/ExplanationOfBenefit": {
    "code": 200,
    "type": "GET",
    "sleep": 0
  },
  "/CMSPatientAccess/clinical/v1/MedicationRequest": {
    "code": 200,
    "type": "GET",
    "sleep": 0
  },
  "/CMSPatientAccess/clinical/v1/Patient": {
    "code": 200,
    "type": "GET",
    "sleep": 0
  },
  "/CMSPatientAccess/clinical/v1/ObservationSmokingStatus": {
    "code": 200,
    "type": "GET",
    "sleep": 0
  },
  "/CMSPatientAccess/provider/v1/practitionerrole": {
    "code": 200,
    "type": "GET",
    "sleep": 0
  },
  "/CMSPatientAccess/provider/v1/organizationaffiliation": {
    "code": 200,
    "type": "GET",
    "sleep": 0
  },
  "/CMSPatientAccess/whoami/v3/payerinfo": {
    "code": 200,
    "type": "GET",
    "sleep": 0
  },
  "/CMSPatientAccess/whoami/v3/basic": {
    "code": 200,
    "type": "GET",
    "sleep": 0
  },
  "/CMSPatientAccess/whoami/v3/delegatesForMember": {
    "code": 200,
    "type": "GET",
    "sleep": 0
  },
  "/CMSPatientAccess/whoami/v3/membersForDelegate": {
    "code": 200,
    "type": "GET",
    "sleep": 0
  },
  "/apip/appregistry/v1/getAllApplicationRequests": {
    "code": 200,
    "type": "GET"
  },
  "/CMSPatientAccess/payertopayer/v1/payer": {
    "code": 200,
    "type": "GET",
    "sleep": 0
  },
  "/CMSPatientAccess/payertopayer/v1/payer/aspire": {
    "code": 200,
    "type": "GET",
    "sleep": 0
  },
  "/CMSPatientAccess/payertopayer/v1/request/aspire": {
    "code": 200,
    "type": "GET",
    "sleep": 0
  },
  "/CMSPatientAccess/payertopayer/v1/payer/humana": {
    "code": 200,
    "type": "GET",
    "sleep": 0
  },
  "/CMSPatientAccess/payertopayer/v1/request/humana": {
    "code": 200,
    "type": "GET",
    "sleep": 0
  }
}
