{
  "hasRatingSummary": false,
  "specialties": [
    {
      "name": "Family Medicine",
      "count": 13
    },
    {
      "name": "Internal Medicine",
      "count": 8
    },
    {
      "name": "Dermatology",
      "count": 6
    },
    {
      "name": "Neurology",
      "count": 4
    },
    {
      "name": "Endodontist",
      "count": 3
    },
    {
      "name": "Pediatrics",
      "count": 3
    },
    {
      "name": "Orthopedic Surgery",
      "count": 3
    },
    {
      "name": "Rheumatology",
      "count": 2
    },
    {
      "name": "ENT - Otolaryngology",
      "count": 2
    },
    {
      "name": "Hematology",
      "count": 2
    },
    {
      "name": "Cardiovascular Medicine",
      "count": 2
    },
    {
      "name": "Sports Medicine",
      "count": 1
    },
    {
      "name": "Nephrology",
      "count": 1
    },
    {
      "name": "Feet/lower extremity",
      "count": 1
    },
    {
      "name": "Urology",
      "count": 1
    },
    {
      "name": "Pediatric Endocrinology",
      "count": 1
    },
    {
      "name": "Ophthalmology",
      "count": 1
    },
    {
      "name": "Pediatric Neurology",
      "count": 1
    },
    {
      "name": "Oncology",
      "count": 1
    },
    {
      "name": "Gynecology",
      "count": 1
    }
  ],
  "data": [
    {
      "id": "L-47254474-7895226-",
      "type": "medExpectedCosts",
      "expectedCost": 93.05,
      "specialtyName": "Dermatology",
      "preferred": false,
      "designationRank": null,
      "provider": {
        "id": "7447849",
        "type": "providers",
        "providerType": "Physician",
        "name": "PRESTON RIDGE DERMATOLOGY, PC",
        "npi": "1144470808",
        "website": null,
        "locationAgnostic": false,
        "serviceLocation": {
          "id": "7895226",
          "type": "providerAddresses",
          "externalId": null,
          "address1": "3155 N POINT PKWY",
          "address2": "BLDG E STE 100",
          "city": "ALPHARETTA",
          "state": "GA",
          "zipcode": "30005",
          "distance": 80.9,
          "latitude": 34.078201,
          "longitude": -84.228104
        },
        "phoneNumber": "7704756222",
        "qualityRating": {
          "score": null,
          "maxScore": 100
        },
        "qualitySummary": {
          "ratingSummary": null,
          "reviewSummary": null
        },
        "designationPrimarySortingGroup": null,
        "designationLabels": [],
        "designationLogos": []
      },
      "secondaryProvider": null,
      "distinctions": null
    },
    {
      "id": "L-50010074-2213047-",
      "type": "medExpectedCosts",
      "expectedCost": 93.05,
      "specialtyName": "Dermatology",
      "preferred": false,
      "designationRank": null,
      "provider": {
        "id": "6847004",
        "type": "providers",
        "providerType": "Physician",
        "name": "NORTH ATLANTA DERMATOLOGY, P.C.",
        "npi": "1427040799",
        "website": null,
        "locationAgnostic": false,
        "serviceLocation": {
          "id": "2213047",
          "type": "providerAddresses",
          "externalId": null,
          "address1": "3850 PLEASANT HILL RD",
          "address2": "",
          "city": "DULUTH",
          "state": "GA",
          "zipcode": "30096",
          "distance": 87.4,
          "latitude": 34.001305,
          "longitude": -84.161911
        },
        "phoneNumber": "7708148222",
        "qualityRating": {
          "score": null,
          "maxScore": 100
        },
        "qualitySummary": {
          "ratingSummary": null,
          "reviewSummary": null
        },
        "designationPrimarySortingGroup": null,
        "designationLabels": [],
        "designationLogos": []
      },
      "secondaryProvider": null,
      "distinctions": null
    },
    {
      "id": "L-48926400-3394866-",
      "type": "medExpectedCosts",
      "expectedCost": 94.21,
      "specialtyName": "Dermatology",
      "preferred": false,
      "designationRank": null,
      "provider": {
        "id": "7080366",
        "type": "providers",
        "providerType": "UnspecifiedProvider",
        "name": "DERMATOLOGY ASSOCIATES OF NORHTEAST GEORGIA",
        "npi": "1487735775",
        "website": null,
        "locationAgnostic": false,
        "serviceLocation": {
          "id": "3394866",
          "type": "providerAddresses",
          "externalId": null,
          "address1": "974 S ENOTA DR NE",
          "address2": "",
          "city": "GAINESVILLE",
          "state": "GA",
          "zipcode": "30501",
          "distance": 85.3,
          "latitude": 34.334396,
          "longitude": -83.837914
        },
        "phoneNumber": "7705367546",
        "qualityRating": {
          "score": null,
          "maxScore": 100
        },
        "qualitySummary": {
          "ratingSummary": null,
          "reviewSummary": null
        },
        "designationPrimarySortingGroup": null,
        "designationLabels": [],
        "designationLogos": []
      },
      "secondaryProvider": null,
      "distinctions": null
    },
    {
      "id": "L-48729905-2546519-",
      "type": "medExpectedCosts",
      "expectedCost": 97.7,
      "specialtyName": "Dermatology",
      "preferred": false,
      "designationRank": null,
      "provider": {
        "id": "6890694",
        "type": "providers",
        "providerType": "Physician",
        "name": "ATLANTA CENTER FOR DERMATOLOGIC DISEASES PC",
        "npi": "1417910431",
        "website": null,
        "locationAgnostic": false,
        "serviceLocation": {
          "id": "2546519",
          "type": "providerAddresses",
          "externalId": null,
          "address1": "1265 UPPER HEMBREE RD",
          "address2": "STE 100",
          "city": "ROSWELL",
          "state": "GA",
          "zipcode": "30076",
          "distance": 78.4,
          "latitude": 34.066738,
          "longitude": -84.32177
        },
        "phoneNumber": "7707511433",
        "qualityRating": {
          "score": null,
          "maxScore": 100
        },
        "qualitySummary": {
          "ratingSummary": null,
          "reviewSummary": null
        },
        "designationPrimarySortingGroup": null,
        "designationLabels": [],
        "designationLogos": []
      },
      "secondaryProvider": null,
      "distinctions": null
    },
    {
      "id": "L-52976225-7894199-",
      "type": "medExpectedCosts",
      "expectedCost": 97.7,
      "specialtyName": "Dermatology",
      "preferred": false,
      "designationRank": null,
      "provider": {
        "id": "7360920",
        "type": "providers",
        "providerType": "UnspecifiedProvider",
        "name": "GEORGIA SKIN SPECIALISTS",
        "npi": "1164605150",
        "website": null,
        "locationAgnostic": false,
        "serviceLocation": {
          "id": "7894199",
          "type": "providerAddresses",
          "externalId": null,
          "address1": "1800 HOWELL MILL RD NW",
          "address2": "SUITE 680",
          "city": "ATLANTA",
          "state": "GA",
          "zipcode": "30318",
          "distance": 91.6,
          "latitude": 33.803654,
          "longitude": -84.41407
        },
        "phoneNumber": "4043521730",
        "qualityRating": {
          "score": null,
          "maxScore": 100
        },
        "qualitySummary": {
          "ratingSummary": null,
          "reviewSummary": null
        },
        "designationPrimarySortingGroup": null,
        "designationLabels": [],
        "designationLogos": []
      },
      "secondaryProvider": null,
      "distinctions": null
    },
    {
      "id": "L-41884252-3698423-",
      "type": "medExpectedCosts",
      "expectedCost": 140.61,
      "specialtyName": "Dermatology",
      "preferred": false,
      "designationRank": null,
      "provider": {
        "id": "7150581",
        "type": "providers",
        "providerType": "UnspecifiedProvider",
        "name": "DERMATOLOGY ASSOCIATES OF GEORGIA, LLC",
        "npi": "1063560803",
        "website": null,
        "locationAgnostic": false,
        "serviceLocation": {
          "id": "3698423",
          "type": "providerAddresses",
          "externalId": null,
          "address1": "1951 CLAIRMONT RD",
          "address2": "",
          "city": "DECATUR",
          "state": "GA",
          "zipcode": "30033",
          "distance": 93.9,
          "latitude": 33.811932,
          "longitude": -84.307732
        },
        "phoneNumber": "4043214600",
        "qualityRating": {
          "score": null,
          "maxScore": 100
        },
        "qualitySummary": {
          "ratingSummary": null,
          "reviewSummary": null
        },
        "designationPrimarySortingGroup": null,
        "designationLabels": [],
        "designationLogos": []
      },
      "secondaryProvider": null,
      "distinctions": null
    }
  ],
  "offset": 0,
  "highestReviewNumber": 0,
  "localAverage": {
    "minValue": 93.05,
    "maxValue": 140.61
  },
  "limit": 10,
  "links": {
    "first": "/provider_service_groups/71/costs?origin=35.00323%2C-85.101045&specialty=Dermatology&distance=150&offset=0",
    "last": "/provider_service_groups/71/costs?origin=35.00323%2C-85.101045&specialty=Dermatology&distance=150&offset=0",
    "prev": null,
    "next": null
  },
  "highestRatingNumber": 0,
  "nationalAverage": {
    "minValue": 104,
    "maxValue": 159
  },
  "totalCount": 6,
  "hasReviewSummary": false
}
