{
  "hasRatingSummary": false,
  "specialties": [
    {
      "name": "Family Medicine",
      "count": 13
    },
    {
      "name": "Internal Medicine",
      "count": 8
    },
    {
      "name": "Dermatology",
      "count": 6
    },
    {
      "name": "Neurology",
      "count": 4
    },
    {
      "name": "Endodontist",
      "count": 3
    },
    {
      "name": "Pediatrics",
      "count": 3
    },
    {
      "name": "Orthopedic Surgery",
      "count": 3
    },
    {
      "name": "Rheumatology",
      "count": 2
    },
    {
      "name": "ENT - Otolaryngology",
      "count": 2
    },
    {
      "name": "Hematology",
      "count": 2
    },
    {
      "name": "Cardiovascular Medicine",
      "count": 2
    },
    {
      "name": "Sports Medicine",
      "count": 1
    },
    {
      "name": "Nephrology",
      "count": 1
    },
    {
      "name": "Feet/lower extremity",
      "count": 1
    },
    {
      "name": "Urology",
      "count": 1
    },
    {
      "name": "Pediatric Endocrinology",
      "count": 1
    },
    {
      "name": "Ophthalmology",
      "count": 1
    },
    {
      "name": "Pediatric Neurology",
      "count": 1
    },
    {
      "name": "Oncology",
      "count": 1
    },
    {
      "name": "Gynecology",
      "count": 1
    }
  ],
  "data": [
    {
      "id": "L-40531754-7820499-",
      "type": "medExpectedCosts",
      "expectedCost": 93.05,
      "specialtyName": "Endodontist",
      "preferred": false,
      "designationRank": null,
      "provider": {
        "id": "4697284",
        "type": "providers",
        "providerType": "Physician",
        "name": "NALAND P SHENOY MD",
        "npi": "1972598852",
        "website": null,
        "locationAgnostic": false,
        "serviceLocation": {
          "id": "7820499",
          "type": "providerAddresses",
          "externalId": null,
          "address1": "1600 MEDICAL WAY",
          "address2": "SUITE200",
          "city": "SNELLVILLE",
          "state": "GA",
          "zipcode": "30078",
          "distance": 100.3,
          "latitude": 33.863499,
          "longitude": -84.008102
        },
        "phoneNumber": "7709797466",
        "qualityRating": {
          "score": 60,
          "maxScore": 100
        },
        "qualitySummary": {
          "ratingSummary": null,
          "reviewSummary": {
            "id": 100312,
            "type": "providerReviewSummary",
            "score": 3,
            "count": "58",
            "displayType": "Stars"
          }
        },
        "designationPrimarySortingGroup": null,
        "designationLabels": [],
        "designationLogos": []
      },
      "secondaryProvider": null,
      "distinctions": null
    },
    {
      "id": "L-39459783-4320182-",
      "type": "medExpectedCosts",
      "expectedCost": 93.07,
      "specialtyName": "Endodontist",
      "preferred": false,
      "designationRank": null,
      "provider": {
        "id": "7304427",
        "type": "providers",
        "providerType": "UnspecifiedProvider",
        "name": "NORTH ATLANTA ENDOCRINOLOGY AND DIABETES, PC",
        "npi": "1386840379",
        "website": null,
        "locationAgnostic": false,
        "serviceLocation": {
          "id": "4320182",
          "type": "providerAddresses",
          "externalId": null,
          "address1": "758 OLD NORCROSS RD",
          "address2": "SUITE 175",
          "city": "LAWRENCEVILLE",
          "state": "GA",
          "zipcode": "30045",
          "distance": 95.0,
          "latitude": 33.956463,
          "longitude": -84.016647
        },
        "phoneNumber": "7703391387",
        "qualityRating": {
          "score": null,
          "maxScore": 100
        },
        "qualitySummary": {
          "ratingSummary": null,
          "reviewSummary": null
        },
        "designationPrimarySortingGroup": null,
        "designationLabels": [],
        "designationLogos": []
      },
      "secondaryProvider": null,
      "distinctions": null
    },
    {
      "id": "L-49772894-3084920-",
      "type": "medExpectedCosts",
      "expectedCost": 164.14,
      "specialtyName": "Endodontist",
      "preferred": false,
      "designationRank": null,
      "provider": {
        "id": "7522925",
        "type": "providers",
        "providerType": "Physician",
        "name": "PIEDMONT PROVIDERS LLC",
        "npi": "1548273592",
        "website": null,
        "locationAgnostic": false,
        "serviceLocation": {
          "id": "3084920",
          "type": "providerAddresses",
          "externalId": null,
          "address1": "2727 PACES FERRY RD SE",
          "address2": "SUITE 1-1100",
          "city": "ATLANTA",
          "state": "GA",
          "zipcode": "30339",
          "distance": 86.2,
          "latitude": 33.866817,
          "longitude": -84.4748
        },
        "phoneNumber": "7708012500",
        "qualityRating": {
          "score": null,
          "maxScore": 100
        },
        "qualitySummary": {
          "ratingSummary": null,
          "reviewSummary": null
        },
        "designationPrimarySortingGroup": null,
        "designationLabels": [],
        "designationLogos": []
      },
      "secondaryProvider": null,
      "distinctions": null
    }
  ],
  "offset": 0,
  "highestReviewNumber": 3,
  "localAverage": {
    "minValue": 93.05,
    "maxValue": 164.14
  },
  "limit": 10,
  "links": {
    "first": "/provider_service_groups/71/costs?origin=35.00323%2C-85.101045&specialty=Endodontist&distance=150&offset=0",
    "last": "/provider_service_groups/71/costs?origin=35.00323%2C-85.101045&specialty=Endodontist&distance=150&offset=0",
    "prev": null,
    "next": null
  },
  "highestRatingNumber": 0,
  "nationalAverage": {
    "minValue": 104,
    "maxValue": 159
  },
  "totalCount": 3,
  "hasReviewSummary": true
}
