{
  "urls": {
    "connectedHealth": {
      "test": {
        "published": "https://test-cch.changehealthcare.com/acme"
      },
      "prod": {
        "published": "https://cch.changehealthcare.com/acme"
      }
    },
    "fileUpload": {
      "test": {
        "published": "sftp://@cert.mftgateway.changehealthcare.com"
      },
      "preprod": {
        "published": "sftp://@cert.mftgateway.changehealthcare.com"
      },
      "prod": {
        "published": "sftp://@cert.mftgateway.changehealthcare.com"
      }
    }
  },
  "federatedLogins": {
    "Google": {
      "active": "false",
      "selected": {
        "draft": "",
        "published": true
      }
    },
    "Apple": {
      "active": "false",
      "selected": {
        "draft": "",
        "published": true
      }
    },
    "Payer Federated Login": {
      "active": "true",
      "selected": {
        "draft": "",
        "published": true
      }
    }
  },
  "legal": {
    "copyright": {
      "draft": "",
      "published": "Copyright Ⓒ 2022. All Rights Reserved"
    }
  },
  "navigation-menu": {
    "Explanation of Benefits": {
      "active": {
        "draft": "",
        "published": true
      },
      "id": "eobs"
    },
    "Clinical Profile": {
      "active": {
        "draft": "",
        "published": true
      },
      "id": "clinical"
    },
    "Help": {
      "active": {
        "draft": "",
        "published": false
      },
      "id": "help"
    },
    "Linked Services": {
      "active": {
        "draft": "",
        "published": true
      },
      "id": "linkedServices"
    },
    "Find Care": {
      "active": {
        "draft": "",
        "published": false
      },
      "id": "findCare"
    },
    "Profile": {
      "active": {
        "draft": "",
        "published": true
      },
      "id": "profile"
    }
  }
}
