{
  "data": {
    "indexName": "providerservicegroups",
    "hits": [
      {
        "id": 40,
        "extraTerms": "Heart Health, Cardiovascular Stress Test, Stress test, Cardiovascular test, cardio test, cardio doctor, cardiovascular, heart attack,chest pain,heart palpitations,cardiac,cardio,cardiology,cardiologist,blood pressure,blood pressure cuff,high blood pressure,heart,palpitations,abnormal heart rhythms,ablation,exercise test",
        "description": "A stress test is a screening tool to test the effect of exercise on your heart.  This test involves exercise, typically on a treadmill or exercise bike, as well as an electrocardiogram to measure heart activity. The costs shown here represent the fees for the test. ",
        "name": "Cardiovascular Stress Test"
      },
      {
        "id": 1037,
        "extraTerms": "Heart Health, Cardiovascular Stress Test, Stress test, Cardiovascular test, cardio test, cardio doctor, cardiovascular, heart attack,chest pain,heart palpitations,cardiac,cardio,cardiology,cardiologist,blood pressure,blood pressure cuff,high blood pressure,heart,palpitations,abnormal heart rhythms,ablation,exercise test, ekg, ekg stress test with report, ekg stress test",
        "description": "An exam where the electrical activity of the heart is continously recorded. This exam is supervised by a doctor or other healthcare professional while the patient is exercising on a treadmill or bicycle and/or given medicines. Stress on the heart during the test is monitored.",
        "name": "EKG Stress Test with Report"
      }
    ],
    "query": "cardiovascular",
    "totalHits": 2,
    "totalPages": 0,
    "type": "Search_providerservicegroups"
  }
}
