{
  "data": {
    "indexName": "rxbrands",
    "hits": [
      {
        "id": 1713,
        "name": "ASTHMAMENTOR",
        "commonUses": null,
        "genericName": "ASTHMA CHECK, MICROLIFE PEAK FLOW, IN-CHECK NASAL WITH MASK, POCKET PEAK, TRUZONE PEAK FLOW METER, ASSESS, ASTHMAMENTOR, PEAK-AIR, IN-CHECK ORAL, PIKO 1, AIRZONE PEAK FLOW METER, MINI-WRIGHT PEAK FLOW METER, PERSONAL BEST"
      }
    ],
    "query": "a",
    "totalHits": 1,
    "totalPages": 0,
    "type": "Search_rxbrands"
  }
}
