{
  "resourceType": "Bundle",
  "id": "b26c97a4-9a55-4c33-a0aa-de5e09f2c103",
  "meta": {
    "lastUpdated": "2021-03-09T15:37:55.570+00:00"
  },
  "type": "searchset",
  "link": [
    {
      "relation": "self",
      "url": "/ExplanationOfBenefit?_include=ExplanationOfBenefit%3Afacility&_include=ExplanationOfBenefit%3Aprovider&_include=ExplanationOfBenefit%3Acareteam&_include=ExplanationOfBenefit%3Apatient"
    },
    {
      "relation": "next",
      "url": "/ExplanationOfBenefit?_getpagesoffset=1&_include=ExplanationOfBenefit%3Afacility&_include=ExplanationOfBenefit%3Aprovider&_include=ExplanationOfBenefit%3Acareteam&_include=ExplanationOfBenefit%3Apatient"
    }
  ],
  "entry":[
  ]
}
