{
  "customer_internal_id": "489732A8115B192BAF7C732BE26C7496",
  "customer_id": "8d75d600-81d1-44fc-9645-137100133ed1",
  "tax_id": null,
  "customer_name": "Alden inc",
  "short_name": "alden",
  "mdm_id": "bcd",
  "sftp_test": "sftp://@cert.mftgateway.changehealthcare.com",
  "sftp_preprod": "sftp://@cert.mftgateway.changehealthcare.com",
  "sftp_prod": "sftp://@cert.mftgateway.changehealthcare.com",
  "member_url": "https://cch.changehealthcare.com/alden",
  "member_test_url": "https://test-cch.changehealthcare.com/alden",
  "payer_url": null,
  "payer_test_url": null,
  "customer_type": 1,
  "customer_fhir_base": null,
  "customer_fhir_base_pharm": null,
  "customer_email_address": "enroll.connectedhealth@changehealthcare.com",
  "customer_logo_url": "https://info.changehealthcare.com/logos-repository/_jcr_content/root/main-par/image.coreimg.82.1440.png/1606873937078/alden-logo-reg-291x126.png",
  "globalscape_mailbox_id": null,
  "globalscape_credential": null,
  "federated_id": null,
  "navigation-menu": {
    "Explanation of Benefits": {
      "id": "eobs",
      "active": {
        "draft": "The updated value",
        "published": true
      }
    },
    "Linked Services": {
      "id": "linkedServices",
      "active": {
        "draft": "The updated value",
        "published": true
      }
    },
    "Health Profile": {
      "id": "clinical",
      "active": {
        "draft": "The updated value",
        "published": true
      }
    },
    "Find Care": {
      "id": "findCare",
      "active": {
        "draft": "The updated value",
        "published": false
      }
    },
    "Profile": {
      "id": "profile",
      "active": {
        "draft": "The updated value",
        "published": true
      }
    },
    "help": {
      "id": "help",
      "active": {
        "draft": "The updated value",
        "published": true
      }
    }
  }
}
