{
  "hasRatingSummary": false,
  "specialties": [
    {
      "name": "Family Medicine",
      "count": 3
    },
    {
      "name": "Endodontist",
      "count": 1
    },
    {
      "name": "Neurology",
      "count": 1
    },
    {
      "name": "Rheumatology",
      "count": 1
    }
  ],
  "data": [
    {
      "id": "L-40531754-7820499-",
      "type": "medExpectedCosts",
      "expectedCost": 93.05,
      "specialtyName": "Endodontist",
      "preferred": false,
      "designationRank": null,
      "provider": {
        "id": "4697284",
        "type": "providers",
        "providerType": "Physician",
        "name": "NALAND P SHENOY MD",
        "npi": "1972598852",
        "website": null,
        "locationAgnostic": false,
        "serviceLocation": {
          "id": "7820499",
          "type": "providerAddresses",
          "externalId": null,
          "address1": "1600 MEDICAL WAY",
          "address2": "SUITE200",
          "city": "SNELLVILLE",
          "state": "GA",
          "zipcode": "30078",
          "distance": 100.3,
          "latitude": 33.863499,
          "longitude": -84.008102
        },
        "phoneNumber": "7709797466",
        "qualityRating": {
          "score": 60,
          "maxScore": 100
        },
        "qualitySummary": {
          "ratingSummary": null,
          "reviewSummary": {
            "id": 100312,
            "type": "providerReviewSummary",
            "score": 3,
            "count": "58",
            "displayType": "Stars"
          }
        },
        "designationPrimarySortingGroup": null,
        "designationLabels": [],
        "designationLogos": []
      },
      "secondaryProvider": null,
      "distinctions": null
    }
  ],
  "offset": 0,
  "highestReviewNumber": 3,
  "localAverage": {
    "minValue": null,
    "maxValue": null
  },
  "limit": 10,
  "links": {
    "first": "/provider_service_groups/71/costs?origin=35.00323%2C-85.101045&specialty=Endodontist&distance=150&reviewFilter=3&ratingFilter=-1&offset=0",
    "last": "/provider_service_groups/71/costs?origin=35.00323%2C-85.101045&specialty=Endodontist&distance=150&reviewFilter=3&ratingFilter=-1&offset=0",
    "prev": null,
    "next": null
  },
  "highestRatingNumber": 0,
  "nationalAverage": {
    "minValue": 104,
    "maxValue": 159
  },
  "totalCount": 1,
  "hasReviewSummary": true
}
